/project/tricycle/, tricycle, 0.2.1, Experiemntal extensions for Trio, the friendly async I/O library, 2020-10-01T07:14:21+0000
/project/redio/, redio, 0.5.2, Redis async client for Trio, 2020-05-22T14:35:44+0000
/project/limetree/, limetree, 0.1, Async HTTP/2 web framework, 2018-07-12T07:40:02+0000
/project/aio-peewee/, aio-peewee, 0.3.0, Peewee support for async frameworks (Asyncio, Trio), 2021-04-15T08:54:02+0000
/project/httpx/, httpx, 0.17.1, The next generation HTTP client., 2021-03-15T09:20:06+0000
/project/meditate/, meditate, 1.0.2, A command line meditation clock., 2018-06-05T14:48:25+0000
/project/mudlet/, mudlet, 0.1.2, Talk to Mudlet with, 2020-07-28T14:27:36+0000
/project/asyncakumuli/, asyncakumuli, 0.4.5, Write data to Akumuli, 2021-02-15T13:43:35+0000
/project/mudpyc/, mudpyc, 0.2.0, A MUD client, 2020-12-26T13:31:39+0000
/project/trio-socks/, trio-socks, 0.1.1.post5, trio-socks provides a trio.abc.HalfCloseableStream that routes its traffic through a SOCKS proxy server, 2020-07-01T00:01:47+0000
/project/asgi-babel/, asgi-babel, 0.6.2, Adds internationalization (i18n) support to ASGI applications (Asyncio_ / Trio_), 2021-04-21T18:01:11+0000
/project/trio-mysql/, trio-mysql, 1.0.2, Pure Python MySQL Driver, 2021-02-25T15:36:13+0000
/project/asyncowfs/, asyncowfs, 0.14.2, Async access to 1wire (asyncio,trio,curio), 2021-02-05T14:48:49+0000
/project/slurry/, slurry, 0.10.3, An async stream processing microframework, 2021-02-04T22:08:28+0000
/project/trio-parallel/, trio-parallel, 0.4.0, CPU parallelism for Trio, 2021-03-25T16:31:55+0000
/project/httpxy/, httpxy, 0.0.0a1, HTTP client (httpx) with native yaml support., 2021-03-06T20:38:07+0000
/project/asyncscope/, asyncscope, 0.5.0, Task scopes for AnyIO, 2021-03-31T09:19:23+0000
/project/wago/, wago, 0.20.0, Access I/O on Wago controllers, 2019-08-31T18:42:46+0000
/project/asgi-sessions/, asgi-sessions, 0.8.3, Signed Cookie-Based HTTP sessions for ASGI applications, 2021-04-21T18:02:37+0000
/project/sniffio/, sniffio, 1.2.0, Sniff out which async library your code is running under, 2020-10-11T18:25:36+0000
/project/asks/, asks, 2.4.12, asks - async http, 2020-10-19T18:51:34+0000
/project/trio-jupyter/, trio-jupyter, 0.1.1, Trio mode for Jupyter Lab/Notebook, 2021-04-01T01:53:01+0000
/project/hypothesis-trio/, hypothesis-trio, 0.5.0, Hypothesis plugin for trio, 2020-01-25T08:17:29+0000
/project/purerpc/, purerpc, 0.6.1, Asynchronous pure Python gRPC client and server implementation supporting asyncio, uvloop, curio and trio, 2020-04-13T09:02:54+0000
/project/muffin/, muffin, 0.67.1, Muffin is a fast, simple and asyncronous web-framework for Python 3 (asyncio, trio), 2021-04-21T18:06:38+0000
/project/exceptiongroup/, exceptiongroup, 0.0.0a0, A way to represent multiple things going wrong at the same time, in Python, 2020-11-04T21:02:10+0000
/project/asyncdbus/, asyncdbus, 0.4.1, A zero-dependency async DBus library, 2021-02-22T14:43:48+0000
/project/logmill/, logmill, 0.0.1, Simple, straightforward logging and event tracking., 2018-08-17T21:15:38+0000
/project/deframed/, deframed, 0.2.0, A minimal web non-framework, 2020-05-07T20:07:37+0000
/project/muffin-peewee/, muffin-peewee, 1.7.9, Peewee integration for Muffin framework, 2021-04-22T16:12:29+0000
/project/bitmex-async-rest/, bitmex-async-rest, 0.6.1, Async REST Api wrapper for BitMEX cryptocurrency derivatives exchange., 2021-01-18T16:29:19+0000
/project/pynng-tls/, pynng-tls, 0.4.1, Networking made simply using nng, 2019-12-14T18:51:24+0000
/project/multio/, multio, 0.2.5, multio - an unified async library for curio and trio, 2019-02-11T12:41:35+0000
/project/wxtrio/, wxtrio, 0.2, Async wxPython with trio., 2021-02-04T23:40:59+0000
/project/asgi-tools/, asgi-tools, 0.47.10, Is a toolkit to build ASGI applications faster, 2021-04-21T18:38:28+0000
/project/trio/, trio, 0.18.0, A friendly Python library for async concurrency and I/O, 2021-01-11T06:44:02+0000
/project/triarc/, triarc, 0.2.2, A trio library for automating responses to commands (bots) and the like. Ships with an IRC backend., 2020-06-20T18:31:24+0000
/project/trio-gpio/, trio-gpio, 0.1.1, GPIO access via Trio and libgpiod, 2018-03-10T17:41:48+0000
/project/roverpro/, roverpro, 1.0.1, A Python driver for driving the Rover Robotics Rover Pro robot, 2020-09-16T20:38:10+0000
/project/redtrio/, redtrio, 0.6.1, An async (Trio) client for Redis 6+, 2020-12-22T20:54:58+0000
/project/aiometer/, aiometer, 0.2.1, A Python concurrency scheduling library, compatible with asyncio and trio, 2020-03-26T19:07:31+0000
/project/trio-inspector/, trio-inspector, 0.0.3, A browser-based monitor for Trio, 2019-03-15T08:01:30+0000
/project/asgi-prometheus/, asgi-prometheus, 1.0.2, Support Prometheus metrics for ASGI applications, 2021-04-21T18:01:59+0000
/project/web3http/, web3http, 0.17.0, The next generation HTTP client for Web3., 2021-03-06T10:49:26+0000
/project/distkv-wago/, distkv-wago, 0.7.0, A distributed no-master key-value store, 2021-02-07T17:36:02+0000
/project/unasync/, unasync, 0.5.0, The async transformation code., 2020-05-03T04:34:16+0000
/project/p-unity/, p-unity, 0.42.202104180000, { Programming : Unity }, 2021-04-18T01:18:45+0000
/project/bitmex-trio-websocket/, bitmex-trio-websocket, 0.12.1, Websocket implementation for BitMEX cryptocurrency derivatives exchange., 2021-02-23T21:09:53+0000
/project/trio-owfs/, trio-owfs, 0.8.0, Async access to 1wire (asyncio,trio,curio), 2019-07-29T19:14:25+0000
/project/trio3270/, trio3270, 0.2.0, A IBM3270 trionic library, 2021-01-19T19:09:19+0000
/project/trio-asyncio/, trio-asyncio, 0.12.0, A re-implementation of the asyncio mainloop on top of Trio, 2021-01-08T00:57:52+0000
/project/distkv-akumuli/, distkv-akumuli, 0.4.1, A distributed no-master key-value store, 2021-02-04T19:34:40+0000
/project/distkv-owfs/, distkv-owfs, 0.6.1, A distributed no-master key-value store, 2021-02-07T17:57:05+0000
/project/sphinxcontrib-trio/, sphinxcontrib-trio, 1.1.2, Make Sphinx better at documenting Python functions and methods, 2020-05-04T16:44:35+0000
/project/mwpy/, mwpy, 0.3, An async MediaWiki client using trio and asks., 2019-09-20T13:41:38+0000
/project/distkv-gpio/, distkv-gpio, 0.10.3, A distributed no-master key-value store, 2021-03-15T13:40:12+0000
/project/muffin-babel/, muffin-babel, 0.7.9, Localization support for the Muffin Framework, 2021-04-21T18:59:08+0000
/project/acanban/, acanban, 0.1.3, Academic Kanban, 2021-03-17T02:31:36+0000
/project/tractor/, tractor, 0.1.0a0, structured concurrrent "actors", 2021-03-01T03:03:49+0000
/project/httpcore/, httpcore, 0.13.0, A minimal low-level HTTP client., 2021-04-21T12:26:24+0000
/project/trio-typing/, trio-typing, 0.5.0, Static type checking support for Trio and related projects, 2020-06-29T03:54:45+0000
/project/distkv-inv/, distkv-inv, 0.21.4, Inventory management for DistKV, 2021-03-19T20:29:11+0000
/project/trio-amqp/, trio_amqp, 0.2.13, AMQP implementation using trio, 2018-09-04T18:10:29+0000
/project/muffin-oauth/, muffin-oauth, 0.9.4, Support OAuth authentication for Muffin Framework., 2021-03-05T15:20:55+0000
/project/pytest-trio/, pytest-trio, 0.7.0, Pytest plugin for trio, 2020-10-16T13:39:58+0000
/project/distkv/, distkv, 0.57.1, A distributed no-master key-value store, 2021-03-30T12:14:41+0000
/project/asyncari/, asyncari, 0.8.9, A AnyIO-ified adapter for the Asterisk ARI interface, 2019-12-03T10:46:05+0000
/project/calltest/, calltest, 0.7.4, A distributed phone call test program, 2020-10-07T11:30:23+0000
/project/muffin-prometheus/, muffin-prometheus, 1.0.1, Prometheus metrics exporter for Muffin framework, 2021-04-21T19:02:45+0000
/project/httpx-cli/, httpx-cli, 0.1.2, A command-line HTTP client., 2020-09-25T10:17:33+0000
/project/qtrio/, qtrio, 0.4.2, a library bringing Qt GUIs together with ``async`` and ``await`` via Trio, 2021-02-04T17:00:48+0000
/project/discord-curious/, discord-curious, 0.7.9, An async library for the Discord API, 2018-08-05T16:59:23+0000
/project/asyncgpio/, asyncgpio, 0.5.0, GPIO access via Trio and libgpiod, 2021-03-15T13:37:10+0000
/project/trio-aiohttp/, trio-aiohttp, 0.2.3, Helpers for running aiohttp under Trio, 2018-10-02T07:57:43+0000
/project/grain-scheduler/, grain-scheduler, 0.14.0, A scheduler for resource-aware parallel computing on clusters., 2020-11-23T17:09:58+0000
/project/muffin-admin/, muffin-admin, 0.22.3, Admin interface for Muffin Framework, 2021-04-21T19:00:10+0000
/project/triopg/, triopg, 0.6.0, PostgreSQL client for Trio based on asyncpg, 2021-03-03T12:32:42+0000
/project/distkv-knx/, distkv-knx, 0.9.2, A distributed no-master key-value store, 2021-02-05T08:08:38+0000
/project/serverwamp/, serverwamp, 1.0.7, Components that add Web Application Messaging Protocol features to WebSocket servers., 2020-11-05T19:36:12+0000
/project/jk-trioping/, jk-trioping, 0.2020.4.1, This python module provides an asynchroneous version of ping. It is based on the trio framework., 2020-04-01T08:36:30+0000
/project/jk-trioping/, jk-trioping, 0.2020.4.1, This python module provides an asynchroneous version of ping. It is based on the trio framework., 2020-04-01T08:36:30+0000
/project/muffin-rest/, muffin-rest, 2.6.4, the package provides enhanced support for writing REST APIs with Muffin_., 2021-04-21T18:56:24+0000
/project/perf-timer/, perf-timer, 0.2.2, An indispensable performance timer for Python, 2021-03-02T13:31:31+0000
/project/asyncwebsockets/, asyncwebsockets, 0.7.1, A websocket library, 2020-09-16T19:01:35+0000
/project/trio-typing/, trio-typing, 0.5.0, Static type checking support for Trio and related projects, 2020-06-29T03:54:45+0000
/project/distkv-inv/, distkv-inv, 0.21.4, Inventory management for DistKV, 2021-03-19T20:29:11+0000
/project/trio-amqp/, trio_amqp, 0.2.13, AMQP implementation using trio, 2018-09-04T18:10:29+0000
/project/muffin-oauth/, muffin-oauth, 0.9.4, Support OAuth authentication for Muffin Framework., 2021-03-05T15:20:55+0000
/project/pytest-trio/, pytest-trio, 0.7.0, Pytest plugin for trio, 2020-10-16T13:39:58+0000
/project/moat-gpio/, moat-gpio, 0.2.1, Control GPIO lines via AMQP, 2018-10-31T21:02:22+0000
/project/greenback/, greenback, 0.3.0, Reenter an async event loop from synchronous code, 2020-10-13T09:49:11+0000
/project/distkv-gpio/, distkv-gpio, 0.10.3, A distributed no-master key-value store, 2021-03-15T13:40:12+0000
/project/qtrio/, qtrio, 0.4.2, a library bringing Qt GUIs together with ``async`` and ``await`` via Trio, 2021-02-04T17:00:48+0000
/project/muffin-babel/, muffin-babel, 0.7.9, Localization support for the Muffin Framework, 2021-04-21T18:59:08+0000
/project/discord-curious/, discord-curious, 0.7.9, An async library for the Discord API, 2018-08-05T16:59:23+0000
/project/asyncgpio/, asyncgpio, 0.5.0, GPIO access via Trio and libgpiod, 2021-03-15T13:37:10+0000
/project/trio-aiohttp/, trio-aiohttp, 0.2.3, Helpers for running aiohttp under Trio, 2018-10-02T07:57:43+0000
/project/grain-scheduler/, grain-scheduler, 0.14.0, A scheduler for resource-aware parallel computing on clusters., 2020-11-23T17:09:58+0000
/project/acanban/, acanban, 0.1.3, Academic Kanban, 2021-03-17T02:31:36+0000
/project/muffin-admin/, muffin-admin, 0.22.3, Admin interface for Muffin Framework, 2021-04-21T19:00:10+0000
/project/triopg/, triopg, 0.6.0, PostgreSQL client for Trio based on asyncpg, 2021-03-03T12:32:42+0000
/project/tricycle/, tricycle, 0.2.1, Experiemntal extensions for Trio, the friendly async I/O library, 2020-10-01T07:14:21+0000
/project/slurry/, slurry, 0.10.3, An async stream processing microframework, 2021-02-04T22:08:28+0000
/project/redio/, redio, 0.5.2, Redis async client for Trio, 2020-05-22T14:35:44+0000
/project/limetree/, limetree, 0.1, Async HTTP/2 web framework, 2018-07-12T07:40:02+0000
/project/aio-peewee/, aio-peewee, 0.3.0, Peewee support for async frameworks (Asyncio, Trio), 2021-04-15T08:54:02+0000
/project/httpx/, httpx, 0.17.1, The next generation HTTP client., 2021-03-15T09:20:06+0000
/project/asyncscope/, asyncscope, 0.5.0, Task scopes for AnyIO, 2021-03-31T09:19:23+0000
/project/wago/, wago, 0.20.0, Access I/O on Wago controllers, 2019-08-31T18:42:46+0000
/project/trio-mysql/, trio-mysql, 1.0.2, Pure Python MySQL Driver, 2021-02-25T15:36:13+0000
/project/sniffio/, sniffio, 1.2.0, Sniff out which async library your code is running under, 2020-10-11T18:25:36+0000
/project/trio-parallel/, trio-parallel, 0.4.0, CPU parallelism for Trio, 2021-03-25T16:31:55+0000
/project/httpxy/, httpxy, 0.0.0a1, HTTP client (httpx) with native yaml support., 2021-03-06T20:38:07+0000
/project/asgi-sessions/, asgi-sessions, 0.8.3, Signed Cookie-Based HTTP sessions for ASGI applications, 2021-04-21T18:02:37+0000
/project/meditate/, meditate, 1.0.2, A command line meditation clock., 2018-06-05T14:48:25+0000
/project/mudlet/, mudlet, 0.1.2, Talk to Mudlet with, 2020-07-28T14:27:36+0000
/project/asyncakumuli/, asyncakumuli, 0.4.5, Write data to Akumuli, 2021-02-15T13:43:35+0000
/project/mudpyc/, mudpyc, 0.2.0, A MUD client, 2020-12-26T13:31:39+0000
/project/trio-socks/, trio-socks, 0.1.1.post5, trio-socks provides a trio.abc.HalfCloseableStream that routes its traffic through a SOCKS proxy server, 2020-07-01T00:01:47+0000
/project/asgi-babel/, asgi-babel, 0.6.2, Adds internationalization (i18n) support to ASGI applications (Asyncio_ / Trio_), 2021-04-21T18:01:11+0000
/project/asyncowfs/, asyncowfs, 0.14.2, Async access to 1wire (asyncio,trio,curio), 2021-02-05T14:48:49+0000
/project/trio-gpio/, trio-gpio, 0.1.1, GPIO access via Trio and libgpiod, 2018-03-10T17:41:48+0000
/project/roverpro/, roverpro, 1.0.1, A Python driver for driving the Rover Robotics Rover Pro robot, 2020-09-16T20:38:10+0000
/project/redtrio/, redtrio, 0.6.1, An async (Trio) client for Redis 6+, 2020-12-22T20:54:58+0000
/project/muffin/, muffin, 0.67.1, Muffin is a fast, simple and asyncronous web-framework for Python 3 (asyncio, trio), 2021-04-21T18:06:38+0000
/project/exceptiongroup/, exceptiongroup, 0.0.0a0, A way to represent multiple things going wrong at the same time, in Python, 2020-11-04T21:02:10+0000
/project/asyncdbus/, asyncdbus, 0.4.1, A zero-dependency async DBus library, 2021-02-22T14:43:48+0000
/project/trio-inspector/, trio-inspector, 0.0.3, A browser-based monitor for Trio, 2019-03-15T08:01:30+0000
/project/asgi-prometheus/, asgi-prometheus, 1.0.2, Support Prometheus metrics for ASGI applications, 2021-04-21T18:01:59+0000
/project/sphinxcontrib-trio/, sphinxcontrib-trio, 1.1.2, Make Sphinx better at documenting Python functions and methods, 2020-05-04T16:44:35+0000
/project/p-unity/, p-unity, 0.42.202104180000, { Programming : Unity }, 2021-04-18T01:18:45+0000
/project/bitmex-trio-websocket/, bitmex-trio-websocket, 0.12.1, Websocket implementation for BitMEX cryptocurrency derivatives exchange., 2021-02-23T21:09:53+0000
/project/trio-owfs/, trio-owfs, 0.8.0, Async access to 1wire (asyncio,trio,curio), 2019-07-29T19:14:25+0000
/project/trio3270/, trio3270, 0.2.0, A IBM3270 trionic library, 2021-01-19T19:09:19+0000
/project/multio/, multio, 0.2.5, multio - an unified async library for curio and trio, 2019-02-11T12:41:35+0000
/project/asks/, asks, 2.4.12, asks - async http, 2020-10-19T18:51:34+0000
/project/trio-jupyter/, trio-jupyter, 0.1.1, Trio mode for Jupyter Lab/Notebook, 2021-04-01T01:53:01+0000
/project/wxtrio/, wxtrio, 0.2, Async wxPython with trio., 2021-02-04T23:40:59+0000
/project/asgi-tools/, asgi-tools, 0.47.10, Is a toolkit to build ASGI applications faster, 2021-04-21T18:38:28+0000
/project/trio/, trio, 0.18.0, A friendly Python library for async concurrency and I/O, 2021-01-11T06:44:02+0000
/project/triarc/, triarc, 0.2.2, A trio library for automating responses to commands (bots) and the like. Ships with an IRC backend., 2020-06-20T18:31:24+0000
/project/aiometer/, aiometer, 0.2.1, A Python concurrency scheduling library, compatible with asyncio and trio, 2020-03-26T19:07:31+0000
/project/hypothesis-trio/, hypothesis-trio, 0.5.0, Hypothesis plugin for trio, 2020-01-25T08:17:29+0000
/project/purerpc/, purerpc, 0.6.1, Asynchronous pure Python gRPC client and server implementation supporting asyncio, uvloop, curio and trio, 2020-04-13T09:02:54+0000
/project/web3http/, web3http, 0.17.0, The next generation HTTP client for Web3., 2021-03-06T10:49:26+0000
/project/distkv-wago/, distkv-wago, 0.7.0, A distributed no-master key-value store, 2021-02-07T17:36:02+0000
/project/logmill/, logmill, 0.0.1, Simple, straightforward logging and event tracking., 2018-08-17T21:15:38+0000
/project/deframed/, deframed, 0.2.0, A minimal web non-framework, 2020-05-07T20:07:37+0000
/project/unasync/, unasync, 0.5.0, The async transformation code., 2020-05-03T04:34:16+0000
/project/muffin-peewee/, muffin-peewee, 1.7.9, Peewee integration for Muffin framework, 2021-04-22T16:12:29+0000
/project/bitmex-async-rest/, bitmex-async-rest, 0.6.1, Async REST Api wrapper for BitMEX cryptocurrency derivatives exchange., 2021-01-18T16:29:19+0000
/project/pynng-tls/, pynng-tls, 0.4.1, Networking made simply using nng, 2019-12-14T18:51:24+0000
/project/trio-asyncio/, trio-asyncio, 0.12.0, A re-implementation of the asyncio mainloop on top of Trio, 2021-01-08T00:57:52+0000
/project/distkv-akumuli/, distkv-akumuli, 0.4.1, A distributed no-master key-value store, 2021-02-04T19:34:40+0000
/project/distkv-owfs/, distkv-owfs, 0.6.1, A distributed no-master key-value store, 2021-02-07T17:57:05+0000
/project/mwpy/, mwpy, 0.3, An async MediaWiki client using trio and asks., 2019-09-20T13:41:38+0000
/project/httpx-cli/, httpx-cli, 0.1.2, A command-line HTTP client., 2020-09-25T10:17:33+0000
/project/muffin-session/, muffin-session, 0.10.16, Signed Cookie-Based HTTP sessions for Muffin framework, 2021-04-21T18:16:54+0000
/project/pytrends-httpx/, pytrends-httpx, 1.0.0, Pseudo API for Google Trends - Async version with httpx, 2021-02-24T17:27:28+0000
/project/jk-triologging/, jk-triologging, 0.2019.10.19, This is a logging framework. It is based on jk_logging but can be used with Trio., 2019-10-19T10:31:37+0000
/project/pyscalpel/, pyscalpel, 0.1.1, Your easy-to-use, fast and powerful web scraping library, 2020-11-01T23:55:53+0000
/project/distkv-hass/, distkv-hass, 0.3.0, Inventory management for DistKV, 2021-02-04T10:34:04+0000
/project/faest/, faest, 0.14.6, Get the web FAEST - HTTP client library for Python 3. With a neat offsite backup feature ;), 2020-10-15T12:43:41+0000
/project/ase-grain/, ase-grain, 0.1.1, An async wrapper for ASE, 2021-03-23T18:13:51+0000
/project/pynng/, pynng, 0.7.1, Networking made simply using nng, 2021-03-29T00:15:48+0000
/project/trio-util/, trio-util, 0.5.0, Utility library for the Trio async/await framework, 2021-04-06T07:57:07+0000
/project/trio-paho-mqtt/, trio-paho-mqtt, 0.3.1, trio async MQTT Client, 2020-02-10T21:47:12+0000
/project/calltest/, calltest, 0.7.4, A distributed phone call test program, 2020-10-07T11:30:23+0000
/project/muffin-prometheus/, muffin-prometheus, 1.0.1, Prometheus metrics exporter for Muffin framework, 2021-04-21T19:02:45+0000
/project/deartriogui/, deartriogui, 0.0.2, Async DearPyGui support using trio guest mode eventloop, 2020-09-23T00:51:42+0000
/project/asyncwago/, asyncwago, 0.30.1, Access I/O on Wago controllers, 2020-06-30T19:02:56+0000
/project/trio-ari/, trio-ari, 0.2.9, A Trio-ified adapter for the Asterisk ARI interface, 2019-03-18T13:00:06+0000
/project/outcome/, outcome, 1.1.0, Capture the outcome of Python function calls., 2020-11-17T05:04:16+0000
/project/muffin-sentry/, muffin-sentry, 0.5.7, Sentry Integration for Muffin framework, 2021-04-21T18:20:39+0000
/project/slurry-websocket/, slurry-websocket, 0.2.7, A Websocket client section for the Slurry stream processing microframework, 2021-02-23T21:01:21+0000
/project/distkv/, distkv, 0.57.1, A distributed no-master key-value store, 2021-03-30T12:14:41+0000
/project/asyncari/, asyncari, 0.8.9, A AnyIO-ified adapter for the Asterisk ARI interface, 2019-12-03T10:46:05+0000
/project/triopg/, triopg, 0.6.0, PostgreSQL client for Trio based on asyncpg, 2021-03-03T12:32:42+0000
/project/distkv-knx/, distkv-knx, 0.9.2, A distributed no-master key-value store, 2021-02-05T08:08:38+0000
/project/tractor/, tractor, 0.1.0a0, structured concurrrent "actors", 2021-03-01T03:03:49+0000
/project/httpcore/, httpcore, 0.13.0, A minimal low-level HTTP client., 2021-04-21T12:26:24+0000
/project/serverwamp/, serverwamp, 1.0.7, Components that add Web Application Messaging Protocol features to WebSocket servers., 2020-11-05T19:36:12+0000
/project/jk-trioping/, jk-trioping, 0.2020.4.1, This python module provides an asynchroneous version of ping. It is based on the trio framework., 2020-04-01T08:36:30+0000
/project/muffin-rest/, muffin-rest, 2.6.4, the package provides enhanced support for writing REST APIs with Muffin_., 2021-04-21T18:56:24+0000
/project/perf-timer/, perf-timer, 0.2.2, An indispensable performance timer for Python, 2021-03-02T13:31:31+0000
/project/asyncwebsockets/, asyncwebsockets, 0.7.1, A websocket library, 2020-09-16T19:01:35+0000
/project/trio-typing/, trio-typing, 0.5.0, Static type checking support for Trio and related projects, 2020-06-29T03:54:45+0000
/project/distkv-inv/, distkv-inv, 0.21.4, Inventory management for DistKV, 2021-03-19T20:29:11+0000
/project/trio-amqp/, trio_amqp, 0.2.13, AMQP implementation using trio, 2018-09-04T18:10:29+0000
/project/muffin-oauth/, muffin-oauth, 0.9.4, Support OAuth authentication for Muffin Framework., 2021-03-05T15:20:55+0000
/project/pytest-trio/, pytest-trio, 0.7.0, Pytest plugin for trio, 2020-10-16T13:39:58+0000
/project/moat-gpio/, moat-gpio, 0.2.1, Control GPIO lines via AMQP, 2018-10-31T21:02:22+0000
/project/greenback/, greenback, 0.3.0, Reenter an async event loop from synchronous code, 2020-10-13T09:49:11+0000
/project/distkv-gpio/, distkv-gpio, 0.10.3, A distributed no-master key-value store, 2021-03-15T13:40:12+0000
/project/qtrio/, qtrio, 0.4.2, a library bringing Qt GUIs together with ``async`` and ``await`` via Trio, 2021-02-04T17:00:48+0000
/project/muffin-babel/, muffin-babel, 0.7.9, Localization support for the Muffin Framework, 2021-04-21T18:59:08+0000
/project/discord-curious/, discord-curious, 0.7.9, An async library for the Discord API, 2018-08-05T16:59:23+0000
/project/asyncgpio/, asyncgpio, 0.5.0, GPIO access via Trio and libgpiod, 2021-03-15T13:37:10+0000
/project/trio-aiohttp/, trio-aiohttp, 0.2.3, Helpers for running aiohttp under Trio, 2018-10-02T07:57:43+0000
/project/grain-scheduler/, grain-scheduler, 0.14.0, A scheduler for resource-aware parallel computing on clusters., 2020-11-23T17:09:58+0000
/project/acanban/, acanban, 0.1.3, Academic Kanban, 2021-03-17T02:31:36+0000
/project/pynng/, pynng, 0.7.1, Networking made simply using nng, 2021-03-29T00:15:48+0000
