/project/aiarena21/, aiarena21, 1.1.1, 1v1 Game for AIArena competition 2021, 2021-04-10T06:30:13+0000
/project/bullet-dodger/, bullet-dodger, 2.1.2, fun and challenging mouse game where you must dodge bullets, 2018-05-15T12:20:46+0000
/project/setuplibcore/, setuplibcore, 0.1.15, Support library functions for extensions and entry points of setuptools / distutils., 2019-12-13T11:13:52+0000
/project/box2d-kengz/, Box2D-kengz, 2.3.3, Python Box2D, 2017-04-11T23:22:42+0000
/project/setupjavax/, setupjavax, 0.1.38, Support Java extensions for setuptools / distutils., 2019-12-13T13:46:37+0000
/project/pygstuff/, pygstuff, 0.0.3, PYGame Stuff for writing pygame applications, 2020-10-23T05:02:08+0000
/project/mediadecoder/, mediadecoder, 0.1.5, Moviepy based media decoding library, 2016-08-11T12:00:52+0000
/project/nsound/, Nsound, 0.9.4, Nsound is a C++ library and Python module for audio synthesis
    featuring dynamic digital filters. Nsound lets you easily shape
    waveforms and write to disk or plot them. Nsound aims to be as
    powerful as Csound but easy to use., 2015-08-23T19:28:52+0000
/project/ev3sim/, ev3sim, 2.1.6, Simulate ev3dev programs in Python, 2021-04-16T00:23:57+0000
/project/ragnarokengine3/, RagnarokEngine3, 1.0.0a11, Simple and easy 2D game engine for pygame applications, 2017-12-29T01:37:13+0000
/project/stuntcat/, stuntcat, 0.2.0, Stuntcat is the first pygame 2 community game., 2020-12-29T15:57:04+0000
/project/anime/, anime, 1.1.0, Declarative animation library for pygame., 2015-07-30T02:41:42+0000
/project/pytmx/, PyTMX, 3.25, loads tiled tmx maps.  for python 3.3+, 2021-04-20T13:05:29+0000
/project/pymusicplayer/, PyMusicPlayer, 1.0.0, An MP3 music player interface, 2021-01-08T20:27:20+0000
/project/pgext/, pgext, 1.18, Pygame Extension - set of image filters, 2013-10-25T07:00:31+0000
/project/pygame-assets/, pygame-assets, 0.1, Assets manager for Pygame apps, 2017-11-13T17:36:41+0000
/project/pyviewx-pygame/, pyviewx.pygame, 0.5.1, A pygame calibration scene for use with PyViewX, 2013-10-09T15:03:51+0000
/project/pylygon/, pylygon, 1.3.2rc, polygon object for python, 2012-04-05T16:43:29+0000
/project/pypong/, pypong, 0.1.0, Yet another pong game written in Python, 2020-07-13T02:14:58+0000
/project/pyengine-2d/, PyEngine-2D, 1.6.1, A lib to create 2D games, 2019-09-21T12:55:16+0000
/project/gravnoise/, gravnoise, 0.1.0, a block-based, gravity-infused puzzle game, 2012-02-02T21:11:29+0000
/project/glyph/, glyph, 2.6.5b, Pygame typesetting library, 2012-12-23T19:20:19+0000
/project/luma-emulator/, luma.emulator, 1.4.0, A suite of pseudo-devices for luma.core components, 2020-12-29T17:06:14+0000
/project/pygnetic/, pygnetic, 1.0, Network library for Pygame, 2012-08-17T02:06:15+0000
/project/spyral/, spyral, 0.9.6, A Python library for game development, 2014-04-11T19:26:07+0000
/project/kezmenu/, KezMenu, 0.3.6, A simple and basical Pygame library for fast develop of menu interfaces, 2013-06-07T17:24:45+0000
/project/setupdocx/, setupdocx, 0.1.22, Support of documentation commands and extensions for setuptools / distutils., 2019-12-11T08:43:33+0000
/project/dililatum/, Dililatum, 0.1, A quest system for simple RPGs, 2010-07-12T20:38:26+0000
/project/sugargame2/, sugargame2, 0.1, A fork of sugargame, a module for using pygame in the Sugar toolkit, 2012-10-31T21:57:02+0000
/project/pyscroll/, pyscroll, 2.19.2, Fast scrolling maps library for pygame and python 2.7 & 3.3+, 2018-11-01T01:29:46+0000
/project/pygame-vkeyboard/, pygame-vkeyboard, 2.0.7, Visual keyboard highly customizable for pygame., 2020-08-26T17:48:45+0000
/project/pygame-menu/, pygame-menu, 4.0.2, A menu for pygame. Simple, and easy to use, 2021-04-02T19:16:00+0000
/project/pythons/, pythons, 0.1.1, Yet another snake game written in Python, 2020-07-05T22:12:05+0000
/project/pygamesilent/, pygamesilent, 1.0.0, Shim around PyGame to hide "Hello" message on import., 2019-07-17T03:37:52+0000
/project/simpleguics2pygame/, SimpleGUICS2Pygame, 2.1.0, Primarily a standard Python (2 and 3) module reimplementing the SimpleGUI particular module of CodeSkulptor (a Python browser environment). In fact a package also with other modules adapted from CodeSkulptor., 2020-11-29T17:13:34+0000
/project/solarwolf/, solarwolf, 1.6.0a4, SolarWolf is an action/arcade game written entirely in Python., 2017-01-24T06:17:35+0000
/project/pygame-colliders/, pygame-colliders, 0.1.4, Polygon collider library for Pygame, 2020-10-22T17:25:04+0000
/project/pygl2d/, PyGL2D, 0.3.7, A 2D Graphics Library for PyGame and PyOpenGL., 2012-10-19T15:06:11+0000
/project/janzeng/, janzeng, 0.0.1.dev1, Game engine for Pygame, 2021-01-03T17:28:19+0000
/project/pygtails/, pygtails, 0.1.6, A simple wrapper around pygame, 2018-02-26T23:41:27+0000
/project/fallingsky/, fallingsky, 0.0.8, A game of falling blocks with RPG elements, uses pygame., 2015-07-23T03:34:05+0000
/project/easypg/, easypg, 0.5, Various tools to simplify the use of Pygame, 2012-02-26T13:08:40+0000
/project/pythonids/, pythonids, 0.1.40, The 'pythonids' package provides the identification and enumeration of Python syntax and implementation., 2019-12-19T05:50:36+0000
/project/sc8pr/, sc8pr, 2.1.2, A simple framework for new and experienced Python programmers to create animations, games, robotics simulations, and other graphics-based programs, 2020-05-23T22:15:45+0000
/project/hafrenhaver/, HafrenHaver, 1.0.277, Goes on and on about the River Severn, 2021-02-10T03:47:37+0000
/project/pbox/, pbox, 2.6.0, Pbox is a simple module that makes it easier to handle persistent data using pickle or json., 2015-05-09T19:35:42+0000
/project/opensesame-plugin-media-player-vlc/, opensesame-plugin-media_player_vlc, 2.0.0, Media player plugin for OpenSesame, based on VLC player, 2016-07-11T13:46:48+0000
/project/box2d-py/, box2d-py, 2.3.8, Python Box2D, 2018-11-17T00:50:37+0000
/project/xoinvader/, xoinvader, 0.2.0, (not so) small python curses space game, 2020-05-04T08:14:02+0000
/project/gamebaker/, GameBaker, 0.1.10.dev25, High level framework for making games and simulations based on Pygame, 2014-11-14T19:26:57+0000
/project/zanthor/, zanthor, 1.2.3, Zanthor is a game where you play an evil robot castle which is powered by steam.  @zanthorgame #python #pygame, 2011-03-03T12:30:18+0000
/project/pyopengl-toolbox/, PyOpenGL-toolbox, 2.3.0, PyOpenGL toolbox, 2019-05-02T16:21:57+0000
/project/sourceinfo/, sourceinfo, 0.1.40, Utilities for simplified gain of runtime information on source code and binary locations., 2019-12-13T09:11:10+0000
/project/space-escape-raksoiv/, space-escape-raksoiv, 0.4.0, Space Escape is a 2D simple endless horizontal scrolling of a space ship avoiding asteroids made with PyGame, 2020-06-07T16:56:39+0000
/project/setuplib/, setuplib, 0.1.14, Support library functions for extensions and entry points of setuptools / distutils., 2019-12-13T09:54:07+0000
/project/pythonoberon/, PythonOberon, 0.1.0, A hardware emulator for the Oberon RISC processor., 2019-05-14T06:34:07+0000
/project/hypatia-engine/, hypatia_engine, 0.3.6, 2D action adventure game engine, 2015-12-06T02:55:12+0000
/project/yapydata/, yapydata, 0.1.40, The 'yapydata provides miscellaneous low-level *Python* data access APIs., 2019-12-13T09:48:02+0000
/project/pygame-button/, pygame-button, 0.0.2, A very simple button class for pygame, 2020-10-15T11:26:53+0000
/project/pybreakout/, pybreakout, 0.1.0, Yet another breakout game written in Python, 2020-07-17T01:40:13+0000
/project/setuptestx/, setuptestx, 0.1.46, Support test automation for setuptools / distutils., 2019-12-13T13:34:05+0000
/project/snake-wars/, snake-wars, 0.3.0, Snake game implementation for multiplayer and reinforcement learning, 2021-01-16T16:27:26+0000
/project/pygametemplate/, pygametemplate, 0.9.2, Making making games with Pygame easier :), 2017-12-09T12:24:46+0000
/project/hypatia-engine/, hypatia_engine, 0.3.6, 2D action adventure game engine, 2015-12-06T02:55:12+0000
/project/pygame-ai/, pygame-ai, 0.1.2, Videogame AI package for PyGame, 2019-06-08T21:39:12+0000
/project/ai-arena-21/, ai-arena-21, 1.1.0, 1v1 Game for AIArena competition 2021, 2021-04-10T06:06:00+0000
/project/pygameui/, pygameui, 0.2.0, GUI framework for Pygame, 2012-04-04T17:46:04+0000
/project/space-escape-raksoiv/, space-escape-raksoiv, 0.4.0, Space Escape is a 2D simple endless horizontal scrolling of a space ship avoiding asteroids made with PyGame, 2020-06-07T16:56:39+0000
/project/setuplib/, setuplib, 0.1.14, Support library functions for extensions and entry points of setuptools / distutils., 2019-12-13T09:54:07+0000
/project/pythonoberon/, PythonOberon, 0.1.0, A hardware emulator for the Oberon RISC processor., 2019-05-14T06:34:07+0000
/project/pymunk/, pymunk, 6.0.0, Pymunk is a easy-to-use pythonic 2d physics library, 2020-12-07T20:28:08+0000
/project/particlepy/, particlepy, 1.1.0, A short library for easy to use particles in Pygame., 2021-02-12T18:58:23+0000
/project/pygamemenus/, PygameMenus, 0.0.6, Make menus with pygame, 2020-02-01T17:24:33+0000
/project/sourceinfo/, sourceinfo, 0.1.40, Utilities for simplified gain of runtime information on source code and binary locations., 2019-12-13T09:11:10+0000
/project/peachy/, peachy, 0.1.0, A python3 game development framework, 2017-06-15T17:14:27+0000
/project/gamebaker/, GameBaker, 0.1.10.dev25, High level framework for making games and simulations based on Pygame, 2014-11-14T19:26:57+0000
/project/pygame-button/, pygame-button, 0.0.2, A very simple button class for pygame, 2020-10-15T11:26:53+0000
/project/pybreakout/, pybreakout, 0.1.0, Yet another breakout game written in Python, 2020-07-17T01:40:13+0000
/project/opensesame-plugin-media-player-mpy/, opensesame-plugin-media-player-mpy, 0.1.11, Media player plugin for OpenSesame, based on MoviePy, 2020-07-01T15:04:07+0000
/project/simpack/, simpack, 1.0.0a1, Pack of tools useful to develop 2D games, 2014-11-20T17:25:56+0000
/project/zanthor/, zanthor, 1.2.3, Zanthor is a game where you play an evil robot castle which is powered by steam.  @zanthorgame #python #pygame, 2011-03-03T12:30:18+0000
/project/pyopengl-toolbox/, PyOpenGL-toolbox, 2.3.0, PyOpenGL toolbox, 2019-05-02T16:21:57+0000
/project/aroundtheworlds/, aroundtheworlds, 0.0.1.dev1, Around the worlds in 80 days., 2018-04-15T08:31:52+0000
/project/pymunktmx/, PyMunkTMX, 0.5.3, Load shapes from Tiled maps as pymunk objects., 2014-04-03T05:53:19+0000
/project/aiarena21/, aiarena21, 1.1.1, 1v1 Game for AIArena competition 2021, 2021-04-10T06:30:13+0000
/project/bullet-dodger/, bullet-dodger, 2.1.2, fun and challenging mouse game where you must dodge bullets, 2018-05-15T12:20:46+0000
/project/setuplibcore/, setuplibcore, 0.1.15, Support library functions for extensions and entry points of setuptools / distutils., 2019-12-13T11:13:52+0000
/project/box2d-kengz/, Box2D-kengz, 2.3.3, Python Box2D, 2017-04-11T23:22:42+0000
/project/setupjavax/, setupjavax, 0.1.38, Support Java extensions for setuptools / distutils., 2019-12-13T13:46:37+0000
/project/pygstuff/, pygstuff, 0.0.3, PYGame Stuff for writing pygame applications, 2020-10-23T05:02:08+0000
/project/stuntcat/, stuntcat, 0.2.0, Stuntcat is the first pygame 2 community game., 2020-12-29T15:57:04+0000
/project/anime/, anime, 1.1.0, Declarative animation library for pygame., 2015-07-30T02:41:42+0000
/project/mediadecoder/, mediadecoder, 0.1.5, Moviepy based media decoding library, 2016-08-11T12:00:52+0000
/project/nsound/, Nsound, 0.9.4, Nsound is a C++ library and Python module for audio synthesis
    featuring dynamic digital filters. Nsound lets you easily shape
    waveforms and write to disk or plot them. Nsound aims to be as
    powerful as Csound but easy to use., 2015-08-23T19:28:52+0000
/project/pytmx/, PyTMX, 3.25, loads tiled tmx maps.  for python 3.3+, 2021-04-20T13:05:29+0000
/project/pymusicplayer/, PyMusicPlayer, 1.0.0, An MP3 music player interface, 2021-01-08T20:27:20+0000
/project/pgext/, pgext, 1.18, Pygame Extension - set of image filters, 2013-10-25T07:00:31+0000
/project/ev3sim/, ev3sim, 2.1.6, Simulate ev3dev programs in Python, 2021-04-16T00:23:57+0000
/project/ragnarokengine3/, RagnarokEngine3, 1.0.0a11, Simple and easy 2D game engine for pygame applications, 2017-12-29T01:37:13+0000
/project/pythons/, pythons, 0.1.1, Yet another snake game written in Python, 2020-07-05T22:12:05+0000
/project/pygamesilent/, pygamesilent, 1.0.0, Shim around PyGame to hide "Hello" message on import., 2019-07-17T03:37:52+0000
/project/simpleguics2pygame/, SimpleGUICS2Pygame, 2.1.0, Primarily a standard Python (2 and 3) module reimplementing the SimpleGUI particular module of CodeSkulptor (a Python browser environment). In fact a package also with other modules adapted from CodeSkulptor., 2020-11-29T17:13:34+0000
/project/pylygon/, pylygon, 1.3.2rc, polygon object for python, 2012-04-05T16:43:29+0000
/project/pyengine-2d/, PyEngine-2D, 1.6.1, A lib to create 2D games, 2019-09-21T12:55:16+0000
/project/glyph/, glyph, 2.6.5b, Pygame typesetting library, 2012-12-23T19:20:19+0000
/project/luma-emulator/, luma.emulator, 1.4.0, A suite of pseudo-devices for luma.core components, 2020-12-29T17:06:14+0000
/project/solarwolf/, solarwolf, 1.6.0a4, SolarWolf is an action/arcade game written entirely in Python., 2017-01-24T06:17:35+0000
/project/pygnetic/, pygnetic, 1.0, Network library for Pygame, 2012-08-17T02:06:15+0000
/project/pygame-colliders/, pygame-colliders, 0.1.4, Polygon collider library for Pygame, 2020-10-22T17:25:04+0000
/project/dililatum/, Dililatum, 0.1, A quest system for simple RPGs, 2010-07-12T20:38:26+0000
/project/fallingsky/, fallingsky, 0.0.8, A game of falling blocks with RPG elements, uses pygame., 2015-07-23T03:34:05+0000
/project/sugargame2/, sugargame2, 0.1, A fork of sugargame, a module for using pygame in the Sugar toolkit, 2012-10-31T21:57:02+0000
/project/pyscroll/, pyscroll, 2.19.2, Fast scrolling maps library for pygame and python 2.7 & 3.3+, 2018-11-01T01:29:46+0000
/project/pygame-vkeyboard/, pygame-vkeyboard, 2.0.7, Visual keyboard highly customizable for pygame., 2020-08-26T17:48:45+0000
/project/pygame-menu/, pygame-menu, 4.0.2, A menu for pygame. Simple, and easy to use, 2021-04-02T19:16:00+0000
/project/pygame-assets/, pygame-assets, 0.1, Assets manager for Pygame apps, 2017-11-13T17:36:41+0000
/project/pyviewx-pygame/, pyviewx.pygame, 0.5.1, A pygame calibration scene for use with PyViewX, 2013-10-09T15:03:51+0000
/project/pypong/, pypong, 0.1.0, Yet another pong game written in Python, 2020-07-13T02:14:58+0000
/project/gravnoise/, gravnoise, 0.1.0, a block-based, gravity-infused puzzle game, 2012-02-02T21:11:29+0000
/project/pygl2d/, PyGL2D, 0.3.7, A 2D Graphics Library for PyGame and PyOpenGL., 2012-10-19T15:06:11+0000
/project/janzeng/, janzeng, 0.0.1.dev1, Game engine for Pygame, 2021-01-03T17:28:19+0000
/project/pygtails/, pygtails, 0.1.6, A simple wrapper around pygame, 2018-02-26T23:41:27+0000
/project/spyral/, spyral, 0.9.6, A Python library for game development, 2014-04-11T19:26:07+0000
/project/kezmenu/, KezMenu, 0.3.6, A simple and basical Pygame library for fast develop of menu interfaces, 2013-06-07T17:24:45+0000
/project/setupdocx/, setupdocx, 0.1.22, Support of documentation commands and extensions for setuptools / distutils., 2019-12-11T08:43:33+0000
/project/easypg/, easypg, 0.5, Various tools to simplify the use of Pygame, 2012-02-26T13:08:40+0000
/project/pythonids/, pythonids, 0.1.40, The 'pythonids' package provides the identification and enumeration of Python syntax and implementation., 2019-12-19T05:50:36+0000
/project/sc8pr/, sc8pr, 2.1.2, A simple framework for new and experienced Python programmers to create animations, games, robotics simulations, and other graphics-based programs, 2020-05-23T22:15:45+0000
/project/hafrenhaver/, HafrenHaver, 1.0.277, Goes on and on about the River Severn, 2021-02-10T03:47:37+0000
/project/pbox/, pbox, 2.6.0, Pbox is a simple module that makes it easier to handle persistent data using pickle or json., 2015-05-09T19:35:42+0000
/project/opensesame-plugin-media-player-vlc/, opensesame-plugin-media_player_vlc, 2.0.0, Media player plugin for OpenSesame, based on VLC player, 2016-07-11T13:46:48+0000
/project/box2d-py/, box2d-py, 2.3.8, Python Box2D, 2018-11-17T00:50:37+0000
/project/xoinvader/, xoinvader, 0.2.0, (not so) small python curses space game, 2020-05-04T08:14:02+0000
/project/yapydata/, yapydata, 0.1.40, The 'yapydata provides miscellaneous low-level *Python* data access APIs., 2019-12-13T09:48:02+0000
/project/e-s-p-hadouken/, E.S.P.-Hadouken, 0.2.1, Guide the dot through each level without touching the black areas, 2012-06-07T09:29:22+0000
/project/mathinspector/, mathinspector, 0.9.3.post0, A visual programing environment for scientific computing with Python, 2021-02-23T17:29:31+0000
/project/hgf/, hgf, 0.2.2, A framework for building hierarchical GUIs, 2017-12-30T23:28:24+0000
/project/dotbox/, dotbox, 0.1.0, A mini library for block-based games, 2011-01-23T15:53:12+0000
/project/pygame-input/, pygame-input, 1.0.0, pygame-input is a tool to simplify input handling with pygame, 2020-04-02T13:44:35+0000
/project/sappho/, sappho, 0.14.3, 2D game engine (pygame), 2016-09-07T07:21:37+0000
/project/pygame-anisprite/, pygame-anisprite, 1.0.0, Animated sprites for PyGame!, 2017-05-18T00:23:47+0000
/project/yapyutils/, yapyutils, 0.1.38, The 'yapyutils' package provides miscellaneous low-level Python utilities., 2019-12-18T12:43:17+0000
/project/easymunk-physics/, easymunk-physics, 0.9.2, Easymunk is a easy-to-use pythonic 2d physics library, 2021-04-04T15:48:39+0000
/project/pygamefloatobjects/, PygameFloatObjects, 0.0.5, Improved Pygame objects to store float attributes, 2020-01-26T18:55:23+0000
/project/setuptestx/, setuptestx, 0.1.46, Support test automation for setuptools / distutils., 2019-12-13T13:34:05+0000
/project/snake-wars/, snake-wars, 0.3.0, Snake game implementation for multiplayer and reinforcement learning, 2021-01-16T16:27:26+0000
/project/pygametemplate/, pygametemplate, 0.9.2, Making making games with Pygame easier :), 2017-12-09T12:24:46+0000
/project/hypatia-engine/, hypatia_engine, 0.3.6, 2D action adventure game engine, 2015-12-06T02:55:12+0000
/project/pygame-ai/, pygame-ai, 0.1.2, Videogame AI package for PyGame, 2019-06-08T21:39:12+0000
/project/ai-arena-21/, ai-arena-21, 1.1.0, 1v1 Game for AIArena competition 2021, 2021-04-10T06:06:00+0000
/project/pygameui/, pygameui, 0.2.0, GUI framework for Pygame, 2012-04-04T17:46:04+0000
/project/space-escape-raksoiv/, space-escape-raksoiv, 0.4.0, Space Escape is a 2D simple endless horizontal scrolling of a space ship avoiding asteroids made with PyGame, 2020-06-07T16:56:39+0000
/project/setuplib/, setuplib, 0.1.14, Support library functions for extensions and entry points of setuptools / distutils., 2019-12-13T09:54:07+0000
/project/pythonoberon/, PythonOberon, 0.1.0, A hardware emulator for the Oberon RISC processor., 2019-05-14T06:34:07+0000
/project/pymunk/, pymunk, 6.0.0, Pymunk is a easy-to-use pythonic 2d physics library, 2020-12-07T20:28:08+0000
/project/particlepy/, particlepy, 1.1.0, A short library for easy to use particles in Pygame., 2021-02-12T18:58:23+0000
/project/pygamemenus/, PygameMenus, 0.0.6, Make menus with pygame, 2020-02-01T17:24:33+0000
/project/sourceinfo/, sourceinfo, 0.1.40, Utilities for simplified gain of runtime information on source code and binary locations., 2019-12-13T09:11:10+0000
/project/peachy/, peachy, 0.1.0, A python3 game development framework, 2017-06-15T17:14:27+0000
/project/gamebaker/, GameBaker, 0.1.10.dev25, High level framework for making games and simulations based on Pygame, 2014-11-14T19:26:57+0000
/project/pygame-button/, pygame-button, 0.0.2, A very simple button class for pygame, 2020-10-15T11:26:53+0000
/project/pybreakout/, pybreakout, 0.1.0, Yet another breakout game written in Python, 2020-07-17T01:40:13+0000
/project/opensesame-plugin-media-player-mpy/, opensesame-plugin-media-player-mpy, 0.1.11, Media player plugin for OpenSesame, based on MoviePy, 2020-07-01T15:04:07+0000
/project/simpack/, simpack, 1.0.0a1, Pack of tools useful to develop 2D games, 2014-11-20T17:25:56+0000
/project/sappho/, sappho, 0.14.3, 2D game engine (pygame), 2016-09-07T07:21:37+0000
/project/pygame-anisprite/, pygame-anisprite, 1.0.0, Animated sprites for PyGame!, 2017-05-18T00:23:47+0000
/project/yapyutils/, yapyutils, 0.1.38, The 'yapyutils' package provides miscellaneous low-level Python utilities., 2019-12-18T12:43:17+0000
/project/easymunk-physics/, easymunk-physics, 0.9.2, Easymunk is a easy-to-use pythonic 2d physics library, 2021-04-04T15:48:39+0000
