/project/makecourse/, makeCourse, 0.5.1, A tool to build a course (from list of exercices, lectures, etc.), 2016-09-21T20:57:19+0000
/project/samewords/, samewords, 0.5.3, Package for disambiguation of identical terms in critical editions in LaTeX with reledmac., 2018-08-28T13:07:44+0000
/project/texbox/, texbox, 0.2.1, An opinionated Python CLI to create, organize, and prettify specific files of a LaTeX project., 2020-10-11T23:32:38+0000
/project/title2bib/, title2bib, 0.4.1, Given a title  returns a bibtex, 2020-07-16T21:03:34+0000
/project/pylatex/, PyLaTeX, 1.4.1, A Python library for creating LaTeX files and snippets, 2020-10-18T09:06:23+0000
/project/haggis/, haggis, 0.1a1, General purpose utility library, 2019-04-03T23:22:51+0000
/project/example-aless80/, example-aless80, 1.5.4, Markup language similar to Markdown targeting scientific reports, software documentation, books, blog posts, and slides. DocOnce can generate LaTeX, Sphinx, HTML, IPython notebooks, Markdown, MediaWiki, and other formats, 2021-03-02T08:39:48+0000
/project/gensty/, gensty, 0.3.1, LaTex style generator for ttf/otf fonts. Supports Smufl., 2020-09-15T20:57:14+0000
/project/dot2tex/, dot2tex, 2.11.3, A Graphviz to LaTeX converter, 2019-03-31T08:11:27+0000
/project/catex/, CaTeX, 0.0.10, Concatenates LateX documents., 2016-08-06T22:02:31+0000
/project/ipythontools/, ipythontools, 0.1.0, Jupyter/IPython notebook to latex converter and spell checker, 2015-09-17T01:28:19+0000
/project/jekkish/, jekkish, 0.3.4, A CLI frontend for pdftex for easy templated LaTeX writing., 2017-01-15T18:32:18+0000
/project/quietex/, quietex, 0.2.0, Filter output of pdflatex., 2020-11-25T22:29:58+0000
/project/dexy-filter-examples/, dexy_filter_examples, 0.0.4, Filter example templates., 2014-01-10T03:47:19+0000
/project/pyromaths-qt/, pyromaths-qt, 18.9.3, Create maths exercises in LaTeX and PDF format -- QT client, 2018-09-06T16:49:29+0000
/project/gitex/, gitex, 0.1, Generate LaTeX for Github markdown files., 2016-12-28T04:29:58+0000
/project/yalafi/, yalafi, 1.3.0, Yet another LaTeX filter, 2021-01-31T15:41:19+0000
/project/ruby2shoes/, ruby2shoes, 1.09, low-resource writer's software for screenplays and fiction, 2007-10-14T18:02:16+0000
/project/beampy-slideshow/, beampy-slideshow, 0.5.5.post1, A python tool to create simple HTML5 presentation slideshow, 2019-07-08T07:16:09+0000
/project/latexpages/, latexpages, 0.6.8, Combine LaTeX docs into a single PDF, 2020-12-26T13:06:26+0000
/project/vertex2tex/, vertex2tex, 0.2.4, VerTeX: a pre-filter for easier LaTeX, 2019-12-11T16:14:25+0000
/project/nrpylatex/, nrpylatex, 1.0.3, LaTeX Interface to SymPy (CAS) for General Relativity, 2021-04-09T22:03:04+0000
/project/spix/, spix, 1.1.0, Yet another TeX compilation tool: simple, human readable, no option, no magic., 2020-07-23T21:51:32+0000
/project/ads2inspire/, ads2inspire, 0.3.1, Replace ADS citations with the appropriate INSPIRE ones in latex and bibtex, 2020-12-04T18:43:33+0000
/project/edlm/, edlm, 0.1.9, , 2018-02-23T17:35:18+0000
/project/bibcure/, bibcure, 0.3.0,  Helps you to have a better bibtex file, 2017-08-27T22:36:28+0000
/project/gxsphinx/, GxSphinx, 1.0.0, Python documentation generator, 2020-08-04T03:07:53+0000
/project/dexy-guide-templates/, dexy-guide-templates, 0.0.6, Templates for the Dexy Guide, including Getting Started., 2020-03-31T21:37:15+0000
/project/latexfixer/, latexfixer, 0.2.1, Transform unicode text into typographically more correct LaTeX compatible unicode., 2016-02-11T06:42:09+0000
/project/rst2json/, rst2json, 0.3.0, Split rendered reStructuredText into JSON, 2020-07-14T22:07:02+0000
/project/biblib/, biblib, 0.1.3, A library to handle BibTeX bibliographic data., 2018-03-22T09:25:05+0000
/project/doconce/, DocOnce, 1.5.9, Markup language similar to Markdown targeting scientific reports, software documentation, books, blog posts, and slides. DocOnce can generate LaTeX, Sphinx, HTML, IPython notebooks, Markdown, MediaWiki, and other formats, 2021-04-19T11:42:16+0000
/project/bib2coins/, bib2coins, 0.1, bib2coins is a simple tool which will convert BibTeX files to COINS metadata, 2012-08-14T20:27:19+0000
/project/latexdiffcite/, latexdiffcite, 1.0.6, Wrapper around latexdiff to make citations diff properly, 2017-02-26T12:47:52+0000
/project/whitex/, whitex, 0.0.5, Clean up LaTeX files, 2020-08-18T07:57:46+0000
/project/pytextable/, pytextable, 0.1.0, Utilities to convert python data to latex tables., 2020-02-13T14:50:31+0000
/project/tidytex/, tidytex, 0.1, Compile LaTeX with no auxiliary files, 2015-01-19T03:31:52+0000
/project/tablign/, tablign, 0.3.3, Align columns in ASCII tables, 2021-03-19T09:54:59+0000
/project/hevea/, hevea, 0.2, Monitor and compile LaTeX files, 2013-01-05T18:32:19+0000
/project/doi2bib/, doi2bib, 0.4.0, Generate a bibtex given a doi, 2020-07-17T00:23:30+0000
/project/pynoter/, pynoter, 0.1.7, Powerpoint presentations into org or tex files, 2018-08-28T17:23:43+0000
/project/mdtex2html/, mdtex2html, 1.2.0, library to convert Markdown with included LaTeX-Formulas to HTML with MathML, 2021-04-19T20:00:39+0000
/project/genenga/, genenga, 0.7.0, Generate Nengajo(Japanese new year card) pdf from address list., 2019-04-07T01:43:10+0000
/project/flap/, FLaP, 0.6.0, Flat LaTeX Projects, 2021-03-08T05:49:47+0000
/project/blacktex/, blacktex, 0.4.0, Cleans up your LaTeX files, 2021-04-22T10:27:02+0000
/project/beamer-gen/, beamer-gen, 1.3.0, Preprocessor to generate LaTeX/beamer files, 2021-04-19T20:06:09+0000
/project/bibo/, bibo, 0.1.4, Command line reference manager with single source of truth: the .bib file. Inspired by beets, 2021-03-04T11:28:07+0000
/project/array-to-latex/, array-to-latex, 0.82, Return Numpy and Pandas arrays as formatted LaTeX arrays., 2020-01-16T03:49:40+0000
/project/pdftex/, pdftex, 1.0.0, pdftex backend for matplotlib, 2020-05-31T21:36:56+0000
/project/arxivcheck/, arxivcheck, 0.3.2, Generate a bibtex given a arxiv id or title, check if published, 2019-09-17T23:05:40+0000
/project/pandoc-gpp/, pandoc-gpp, 0.2.5, pandoc-gpp is wrapper around pandoc and gpp to provide mode functionalities to pandoc users, 2013-08-06T14:14:02+0000
/project/aztex/, aztex, 0.0.3, A zippy markdown to latex compiler, 2015-05-03T21:36:40+0000
/project/bibulous/, bibulous, 1.3.2, BibTeX replacement and enhancement, 2015-02-10T21:36:24+0000
/project/lbp-print/, lbp-print, 0.1.3, Script for compiling LombardPress encoded XML documents to TeX and PDF., 2019-01-18T15:04:04+0000
/project/bibupdate/, bibupdate, 1.2, ('Automatically update the entries of a bibtex file using mrlookup/MathSciNet',), 2014-07-23T06:49:12+0000
/project/pieberry-library-assistant/, pieberry-library-assistant, 1.7-7, A program to download pdf documents from public websites, and catalogue them in BibTeX format, 2010-08-20T22:12:49+0000
/project/makecite/, makecite, 0.5, Autogenerate bibtex citations for common Python packages, 2019-11-08T18:40:10+0000
/project/pyratemp/, pyratemp, 0.3.2, Small, simple and powerful template-engine for Python., 2013-09-18T08:00:35+0000
/project/latexcodec/, latexcodec, 2.0.1, A lexer and codec to work with LaTeX code in Python., 2020-06-23T10:33:19+0000
/project/arxivscraper/, arxivscraper, 0.0.4, Get arXiv.org metadate within a date range and category, 2020-09-19T18:08:22+0000
/project/scihub2pdf/, scihub2pdf, 0.4.2, Downloads pdfs via a DOI number(or arxivId), article title or a bibtex file, sci-hub, 2017-08-28T02:27:38+0000
/project/latexmk-py/, latexmk.py, 0.4, Latexmk.py completely automates the process of generating a LaTeX document., 2013-03-28T07:43:01+0000
/project/caleb/, caleb, 0.7.0, A tool to automatically retrieve bibtex entries, 2019-08-16T01:50:32+0000
/project/arxiv2bib/, arxiv2bib, 1.0.8, Get arXiv.org metadata in BibTeX format, 2017-11-24T02:28:42+0000
/project/latexify-py/, latexify-py, 0.0.7, Generates LaTeX source from Python functions., 2020-08-21T20:25:35+0000
/project/colorizelatextables/, colorizelatextables, 1.1, Utility script to transform csv files or pandas dataframes to colorized LaTex tables, 2020-09-03T07:38:43+0000
/project/latex2plos/, latex2plos, 1.0.2, Console app and Python API for automated preparation of your LaTeX paper for submission in PLOS journals, 2019-09-02T20:33:35+0000
/project/dynamicnumber/, dynamicnumber, 0.1.2, Dynamically export variables for reporting in LaTeX., 2015-10-08T10:31:59+0000
/project/flatlatex/, flatlatex, 0.12, A LaTeX math converter to unicode text, 2021-03-05T18:01:20+0000
/project/latex-ji18n/, latex-ji18n, 0.0.6, LaTeX Jinja2 i18n utilities., 2020-11-27T10:26:07+0000
/project/dexy-templates/, dexy_templates, 0.0.8, Templates for dexy projects., 2013-06-09T19:34:42+0000
/project/fw-core/, fw-core, 1.0.0, Helper add another description, 2020-03-29T14:38:58+0000
/project/latexclippings/, latexclippings, 0.1.3, Batch render LaTeX files to cropped SVG images, 2020-09-10T23:20:21+0000
/project/tex2txt/, tex2txt, 1.7.0, A flexible LaTeX filter, 2020-03-06T14:09:35+0000
/project/teax/, teax, 0.0.dev1, Command line utilities for TeX. Arm yourself with secret powers!, 2016-02-03T22:03:50+0000
/project/elstir/, elstir, 0.0.1, Project documentation with Markdown., 2020-12-23T00:20:50+0000
/project/version4plos/, version4plos, 1.0.1, Console app and Python API for automated tracking of PLOS LaTeX template versions, 2019-09-02T23:39:36+0000
/project/sci2pdf/, sci2pdf, 0.0.3, Downloads pdfs via a DOI number, article title or a bibtex file, sci-hub, 2017-08-21T17:19:48+0000
/project/readme2tex/, readme2tex, 0.0.1b2, Render LaTeX within your Github Readmes, 2016-12-25T20:16:56+0000
/project/svglatex/, svglatex, 0.0.2, Include Inkscape graphics in LaTeX., 2020-12-31T21:07:22+0000
/project/pythontexfigures/, pythontexfigures, 0.2.0, Embed matplotlib figures into LaTeX documents using PythonTeX, 2019-07-22T11:22:48+0000
/project/taskjuggler-utils/, taskjuggler_utils, 0.1, Tools to help use "taskjuggler" without its GUI and produce nice reports., 2009-01-19T19:47:45+0000
/project/sffms/, sffms, 0.9.4, Sffms-style LaTeX output for Sphinx, 2011-02-06T05:41:57+0000
/project/jupytex/, jupytex, 0.0.3, Jupyter execution of TeX code environments., 2019-01-31T12:18:17+0000
/project/utf8tobibtex/, utf8tobibtex, 1.0.0, Converts a lot of latin letters in utf8 to BibTeX input, e.g., ä ist converted to {\\, 2012-10-24T15:36:04+0000
/project/sphinx/, Sphinx, 3.5.4, Python documentation generator, 2021-04-11T11:27:38+0000
/project/pylatexenc/, pylatexenc, 2.10, Simple LaTeX parser providing latex-to-unicode and unicode-to-latex conversion, 2021-04-06T07:56:07+0000
/project/mistool/, mistool, 1.2.6b0, Miscellaneous missing tools that can help the py-developper., 2019-12-08T14:11:03+0000
/project/pnglatex/, pnglatex, 1.1, A small program that converts latex snippets to png, 2017-12-01T08:54:45+0000
/project/artist/, artist, 0.18.2, A plotting library for Python with LaTeX output, 2017-11-11T20:36:02+0000
/project/texscythe/, texscythe, 0.3.1, TeX Live texmf subsetter, 2017-12-28T19:45:22+0000
/project/yet/, YeT, 0.1.2, Elegant TeX script in YAML style, 2020-03-26T15:29:59+0000
/project/nb-pdf-template/, nb-pdf-template, 4.0.0, LaTeX templates for jupyter notebook conversion to pdf, 2019-05-13T18:03:49+0000
/project/django-biblio/, django-biblio, 0.2, django app for storing bibliographical references, 2014-11-27T15:43:00+0000
/project/pyromaths/, pyromaths, 20.10, Create maths exercises in LaTeX and PDF format, 2020-10-23T07:14:13+0000
/project/latex2markdown-bbsmp/, latex2markdown-bbsmp, 0.0.4.4, Forked from Andrew's masterpiece：https://github.com/ajtulloch/LaTeX2Markdown,  An AMS-LaTeX compatible converter that maps a subset of LaTeX to Markdown/MathJaX., 2019-10-23T02:58:11+0000
/project/tabipy/, Tabipy, 0.1, Construct tables for rich display in IPython., 2014-11-29T23:41:08+0000
/project/latexmake/, latexmake, 0.5dev, Latexmake completely automates the process of generating a LaTeX document., 2013-07-23T15:49:32+0000
/project/fensterbrief/, fensterbrief, 0.1.1, Fensterbrief is a python script for working with letters based on LaTeX and Markdown., 2018-08-30T06:24:20+0000
/project/dexy/, dexy, 2.0.8, Document Automation, 2020-04-10T16:57:20+0000
/project/fiduswriter/, fiduswriter, 3.9.21, A semantic wordprocessor for academic purposes, 2021-04-18T02:23:50+0000
/project/tex/, tex, 1.8, Convert LaTeX or TeX source to PDF or DVI, and escape strings for LaTeX., 2012-01-06T15:43:19+0000
/project/tei-transformer/, tei_transformer, 0.3.1, Transform a TEI-encoded critical edition into a print-ready file., 2016-02-15T09:23:11+0000
/project/latex2mathml/, latex2mathml, 2.16.5, Pure Python library for LaTeX to MathML conversion, 2021-03-20T13:07:18+0000
/project/bibbreviate/, bibbreviate, 0.1.1, Abbreviate journal titles in BibTex files., 2014-06-13T02:47:43+0000
/project/scal/, Scal, 1.0.0, LaTeX generation of school year calendars, 2018-03-04T21:13:22+0000
/project/snaketex/, SnakeTeX, 0.1.3, A LaTeX template system for large and multi-user projects., 2016-06-28T15:23:47+0000
/project/json2latex/, json2latex, 0.0.2, A package for converting JSON and other similar structures to a format accessible using LaTeX., 2020-03-01T00:32:32+0000
/project/latex2markdown/, latex2markdown, 0.2.1, An AMS-LaTeX compatible converter that maps a subset of LaTeX to Markdown/MathJaX., 2012-04-03T03:15:02+0000
/project/texbrix/, TeXBriX, 0.2.10, A granular approach to LaTeX, 2021-03-06T10:26:56+0000
/project/latexbuild/, latexbuild, 0.2.2, Building Jinja2 templates with latex, 2017-04-06T01:50:43+0000
/project/mx-notes/, mx-notes, 0.0.3, Note-taking app with LaTeX math rendering., 2021-01-04T15:29:39+0000
/project/arxivabscraper/, arxivabscraper, 0.3, Get arXiv.org abstracts within a date range and category, 2020-12-27T09:31:40+0000
/project/pybtex/, pybtex, 0.24.0, A BibTeX-compatible bibliography processor in Python, 2021-01-17T20:02:23+0000
/project/pytablewriter/, pytablewriter, 0.58.0, pytablewriter is a Python library to write a table in various formats: CSV / Elasticsearch / HTML / JavaScript / JSON / LaTeX / LDJSON / LTSV / Markdown / MediaWiki / NumPy / Excel / Pandas / Python / reStructuredText / SQLite / TOML / TSV / YAML., 2020-08-30T14:27:05+0000
/project/makecourse/, makeCourse, 0.5.1, A tool to build a course (from list of exercices, lectures, etc.), 2016-09-21T20:57:19+0000
/project/samewords/, samewords, 0.5.3, Package for disambiguation of identical terms in critical editions in LaTeX with reledmac., 2018-08-28T13:07:44+0000
/project/texbox/, texbox, 0.2.1, An opinionated Python CLI to create, organize, and prettify specific files of a LaTeX project., 2020-10-11T23:32:38+0000
/project/title2bib/, title2bib, 0.4.1, Given a title  returns a bibtex, 2020-07-16T21:03:34+0000
/project/pylatex/, PyLaTeX, 1.4.1, A Python library for creating LaTeX files and snippets, 2020-10-18T09:06:23+0000
/project/haggis/, haggis, 0.1a1, General purpose utility library, 2019-04-03T23:22:51+0000
/project/example-aless80/, example-aless80, 1.5.4, Markup language similar to Markdown targeting scientific reports, software documentation, books, blog posts, and slides. DocOnce can generate LaTeX, Sphinx, HTML, IPython notebooks, Markdown, MediaWiki, and other formats, 2021-03-02T08:39:48+0000
/project/gensty/, gensty, 0.3.1, LaTex style generator for ttf/otf fonts. Supports Smufl., 2020-09-15T20:57:14+0000
/project/dot2tex/, dot2tex, 2.11.3, A Graphviz to LaTeX converter, 2019-03-31T08:11:27+0000
/project/catex/, CaTeX, 0.0.10, Concatenates LateX documents., 2016-08-06T22:02:31+0000
/project/ipythontools/, ipythontools, 0.1.0, Jupyter/IPython notebook to latex converter and spell checker, 2015-09-17T01:28:19+0000
/project/jekkish/, jekkish, 0.3.4, A CLI frontend for pdftex for easy templated LaTeX writing., 2017-01-15T18:32:18+0000
/project/quietex/, quietex, 0.2.0, Filter output of pdflatex., 2020-11-25T22:29:58+0000
/project/dexy-filter-examples/, dexy_filter_examples, 0.0.4, Filter example templates., 2014-01-10T03:47:19+0000
/project/pyromaths-qt/, pyromaths-qt, 18.9.3, Create maths exercises in LaTeX and PDF format -- QT client, 2018-09-06T16:49:29+0000
/project/gitex/, gitex, 0.1, Generate LaTeX for Github markdown files., 2016-12-28T04:29:58+0000
/project/yalafi/, yalafi, 1.3.0, Yet another LaTeX filter, 2021-01-31T15:41:19+0000
/project/ruby2shoes/, ruby2shoes, 1.09, low-resource writer's software for screenplays and fiction, 2007-10-14T18:02:16+0000
/project/beampy-slideshow/, beampy-slideshow, 0.5.5.post1, A python tool to create simple HTML5 presentation slideshow, 2019-07-08T07:16:09+0000
/project/latexpages/, latexpages, 0.6.8, Combine LaTeX docs into a single PDF, 2020-12-26T13:06:26+0000
/project/vertex2tex/, vertex2tex, 0.2.4, VerTeX: a pre-filter for easier LaTeX, 2019-12-11T16:14:25+0000
/project/nrpylatex/, nrpylatex, 1.0.3, LaTeX Interface to SymPy (CAS) for General Relativity, 2021-04-09T22:03:04+0000
/project/spix/, spix, 1.1.0, Yet another TeX compilation tool: simple, human readable, no option, no magic., 2020-07-23T21:51:32+0000
/project/ads2inspire/, ads2inspire, 0.3.1, Replace ADS citations with the appropriate INSPIRE ones in latex and bibtex, 2020-12-04T18:43:33+0000
/project/edlm/, edlm, 0.1.9, , 2018-02-23T17:35:18+0000
/project/bibcure/, bibcure, 0.3.0,  Helps you to have a better bibtex file, 2017-08-27T22:36:28+0000
/project/gxsphinx/, GxSphinx, 1.0.0, Python documentation generator, 2020-08-04T03:07:53+0000
/project/dexy-guide-templates/, dexy-guide-templates, 0.0.6, Templates for the Dexy Guide, including Getting Started., 2020-03-31T21:37:15+0000
/project/latexfixer/, latexfixer, 0.2.1, Transform unicode text into typographically more correct LaTeX compatible unicode., 2016-02-11T06:42:09+0000
/project/rst2json/, rst2json, 0.3.0, Split rendered reStructuredText into JSON, 2020-07-14T22:07:02+0000
/project/biblib/, biblib, 0.1.3, A library to handle BibTeX bibliographic data., 2018-03-22T09:25:05+0000
/project/doconce/, DocOnce, 1.5.9, Markup language similar to Markdown targeting scientific reports, software documentation, books, blog posts, and slides. DocOnce can generate LaTeX, Sphinx, HTML, IPython notebooks, Markdown, MediaWiki, and other formats, 2021-04-19T11:42:16+0000
/project/bib2coins/, bib2coins, 0.1, bib2coins is a simple tool which will convert BibTeX files to COINS metadata, 2012-08-14T20:27:19+0000
/project/latexdiffcite/, latexdiffcite, 1.0.6, Wrapper around latexdiff to make citations diff properly, 2017-02-26T12:47:52+0000
/project/whitex/, whitex, 0.0.5, Clean up LaTeX files, 2020-08-18T07:57:46+0000
/project/pytextable/, pytextable, 0.1.0, Utilities to convert python data to latex tables., 2020-02-13T14:50:31+0000
/project/tidytex/, tidytex, 0.1, Compile LaTeX with no auxiliary files, 2015-01-19T03:31:52+0000
/project/tablign/, tablign, 0.3.3, Align columns in ASCII tables, 2021-03-19T09:54:59+0000
/project/hevea/, hevea, 0.2, Monitor and compile LaTeX files, 2013-01-05T18:32:19+0000
/project/doi2bib/, doi2bib, 0.4.0, Generate a bibtex given a doi, 2020-07-17T00:23:30+0000
/project/pynoter/, pynoter, 0.1.7, Powerpoint presentations into org or tex files, 2018-08-28T17:23:43+0000
/project/mdtex2html/, mdtex2html, 1.2.0, library to convert Markdown with included LaTeX-Formulas to HTML with MathML, 2021-04-19T20:00:39+0000
/project/genenga/, genenga, 0.7.0, Generate Nengajo(Japanese new year card) pdf from address list., 2019-04-07T01:43:10+0000
/project/flap/, FLaP, 0.6.0, Flat LaTeX Projects, 2021-03-08T05:49:47+0000
/project/blacktex/, blacktex, 0.4.0, Cleans up your LaTeX files, 2021-04-22T10:27:02+0000
/project/beamer-gen/, beamer-gen, 1.3.0, Preprocessor to generate LaTeX/beamer files, 2021-04-19T20:06:09+0000
/project/bibo/, bibo, 0.1.4, Command line reference manager with single source of truth: the .bib file. Inspired by beets, 2021-03-04T11:28:07+0000
/project/array-to-latex/, array-to-latex, 0.82, Return Numpy and Pandas arrays as formatted LaTeX arrays., 2020-01-16T03:49:40+0000
/project/pdftex/, pdftex, 1.0.0, pdftex backend for matplotlib, 2020-05-31T21:36:56+0000
/project/arxivcheck/, arxivcheck, 0.3.2, Generate a bibtex given a arxiv id or title, check if published, 2019-09-17T23:05:40+0000
/project/pandoc-gpp/, pandoc-gpp, 0.2.5, pandoc-gpp is wrapper around pandoc and gpp to provide mode functionalities to pandoc users, 2013-08-06T14:14:02+0000
/project/aztex/, aztex, 0.0.3, A zippy markdown to latex compiler, 2015-05-03T21:36:40+0000
/project/bibulous/, bibulous, 1.3.2, BibTeX replacement and enhancement, 2015-02-10T21:36:24+0000
/project/lbp-print/, lbp-print, 0.1.3, Script for compiling LombardPress encoded XML documents to TeX and PDF., 2019-01-18T15:04:04+0000
/project/bibupdate/, bibupdate, 1.2, ('Automatically update the entries of a bibtex file using mrlookup/MathSciNet',), 2014-07-23T06:49:12+0000
/project/pieberry-library-assistant/, pieberry-library-assistant, 1.7-7, A program to download pdf documents from public websites, and catalogue them in BibTeX format, 2010-08-20T22:12:49+0000
/project/makecite/, makecite, 0.5, Autogenerate bibtex citations for common Python packages, 2019-11-08T18:40:10+0000
/project/pyratemp/, pyratemp, 0.3.2, Small, simple and powerful template-engine for Python., 2013-09-18T08:00:35+0000
/project/latexcodec/, latexcodec, 2.0.1, A lexer and codec to work with LaTeX code in Python., 2020-06-23T10:33:19+0000
/project/arxivscraper/, arxivscraper, 0.0.4, Get arXiv.org metadate within a date range and category, 2020-09-19T18:08:22+0000
/project/scihub2pdf/, scihub2pdf, 0.4.2, Downloads pdfs via a DOI number(or arxivId), article title or a bibtex file, sci-hub, 2017-08-28T02:27:38+0000
/project/latexmk-py/, latexmk.py, 0.4, Latexmk.py completely automates the process of generating a LaTeX document., 2013-03-28T07:43:01+0000
/project/caleb/, caleb, 0.7.0, A tool to automatically retrieve bibtex entries, 2019-08-16T01:50:32+0000
/project/arxiv2bib/, arxiv2bib, 1.0.8, Get arXiv.org metadata in BibTeX format, 2017-11-24T02:28:42+0000
/project/latexify-py/, latexify-py, 0.0.7, Generates LaTeX source from Python functions., 2020-08-21T20:25:35+0000
/project/colorizelatextables/, colorizelatextables, 1.1, Utility script to transform csv files or pandas dataframes to colorized LaTex tables, 2020-09-03T07:38:43+0000
/project/latex2plos/, latex2plos, 1.0.2, Console app and Python API for automated preparation of your LaTeX paper for submission in PLOS journals, 2019-09-02T20:33:35+0000
/project/dynamicnumber/, dynamicnumber, 0.1.2, Dynamically export variables for reporting in LaTeX., 2015-10-08T10:31:59+0000
/project/flatlatex/, flatlatex, 0.12, A LaTeX math converter to unicode text, 2021-03-05T18:01:20+0000
/project/latex-ji18n/, latex-ji18n, 0.0.6, LaTeX Jinja2 i18n utilities., 2020-11-27T10:26:07+0000
/project/dexy-templates/, dexy_templates, 0.0.8, Templates for dexy projects., 2013-06-09T19:34:42+0000
/project/fw-core/, fw-core, 1.0.0, Helper add another description, 2020-03-29T14:38:58+0000
/project/latexclippings/, latexclippings, 0.1.3, Batch render LaTeX files to cropped SVG images, 2020-09-10T23:20:21+0000
/project/tex2txt/, tex2txt, 1.7.0, A flexible LaTeX filter, 2020-03-06T14:09:35+0000
/project/teax/, teax, 0.0.dev1, Command line utilities for TeX. Arm yourself with secret powers!, 2016-02-03T22:03:50+0000
/project/elstir/, elstir, 0.0.1, Project documentation with Markdown., 2020-12-23T00:20:50+0000
/project/version4plos/, version4plos, 1.0.1, Console app and Python API for automated tracking of PLOS LaTeX template versions, 2019-09-02T23:39:36+0000
/project/sci2pdf/, sci2pdf, 0.0.3, Downloads pdfs via a DOI number, article title or a bibtex file, sci-hub, 2017-08-21T17:19:48+0000
/project/readme2tex/, readme2tex, 0.0.1b2, Render LaTeX within your Github Readmes, 2016-12-25T20:16:56+0000
/project/svglatex/, svglatex, 0.0.2, Include Inkscape graphics in LaTeX., 2020-12-31T21:07:22+0000
/project/taskjuggler-utils/, taskjuggler_utils, 0.1, Tools to help use "taskjuggler" without its GUI and produce nice reports., 2009-01-19T19:47:45+0000
/project/sffms/, sffms, 0.9.4, Sffms-style LaTeX output for Sphinx, 2011-02-06T05:41:57+0000
/project/jupytex/, jupytex, 0.0.3, Jupyter execution of TeX code environments., 2019-01-31T12:18:17+0000
/project/tex/, tex, 1.8, Convert LaTeX or TeX source to PDF or DVI, and escape strings for LaTeX., 2012-01-06T15:43:19+0000
/project/utf8tobibtex/, utf8tobibtex, 1.0.0, Converts a lot of latin letters in utf8 to BibTeX input, e.g., ä ist converted to {\\, 2012-10-24T15:36:04+0000
/project/tei-transformer/, tei_transformer, 0.3.1, Transform a TEI-encoded critical edition into a print-ready file., 2016-02-15T09:23:11+0000
/project/latex2mathml/, latex2mathml, 2.16.5, Pure Python library for LaTeX to MathML conversion, 2021-03-20T13:07:18+0000
/project/bibbreviate/, bibbreviate, 0.1.1, Abbreviate journal titles in BibTex files., 2014-06-13T02:47:43+0000
/project/fiduswriter/, fiduswriter, 3.9.21, A semantic wordprocessor for academic purposes, 2021-04-18T02:23:50+0000
/project/teax/, teax, 0.0.dev1, Command line utilities for TeX. Arm yourself with secret powers!, 2016-02-03T22:03:50+0000
/project/elstir/, elstir, 0.0.1, Project documentation with Markdown., 2020-12-23T00:20:50+0000
/project/version4plos/, version4plos, 1.0.1, Console app and Python API for automated tracking of PLOS LaTeX template versions, 2019-09-02T23:39:36+0000
/project/sci2pdf/, sci2pdf, 0.0.3, Downloads pdfs via a DOI number, article title or a bibtex file, sci-hub, 2017-08-21T17:19:48+0000
/project/readme2tex/, readme2tex, 0.0.1b2, Render LaTeX within your Github Readmes, 2016-12-25T20:16:56+0000
/project/svglatex/, svglatex, 0.0.2, Include Inkscape graphics in LaTeX., 2020-12-31T21:07:22+0000
/project/nb-pdf-template/, nb-pdf-template, 4.0.0, LaTeX templates for jupyter notebook conversion to pdf, 2019-05-13T18:03:49+0000
/project/django-biblio/, django-biblio, 0.2, django app for storing bibliographical references, 2014-11-27T15:43:00+0000
/project/pyromaths/, pyromaths, 20.10, Create maths exercises in LaTeX and PDF format, 2020-10-23T07:14:13+0000
/project/latex2markdown-bbsmp/, latex2markdown-bbsmp, 0.0.4.4, Forked from Andrew's masterpiece：https://github.com/ajtulloch/LaTeX2Markdown,  An AMS-LaTeX compatible converter that maps a subset of LaTeX to Markdown/MathJaX., 2019-10-23T02:58:11+0000
/project/tabipy/, Tabipy, 0.1, Construct tables for rich display in IPython., 2014-11-29T23:41:08+0000
/project/latexmake/, latexmake, 0.5dev, Latexmake completely automates the process of generating a LaTeX document., 2013-07-23T15:49:32+0000
/project/dexy-templates/, dexy_templates, 0.0.8, Templates for dexy projects., 2013-06-09T19:34:42+0000
/project/fw-core/, fw-core, 1.0.0, Helper add another description, 2020-03-29T14:38:58+0000
/project/latexclippings/, latexclippings, 0.1.3, Batch render LaTeX files to cropped SVG images, 2020-09-10T23:20:21+0000
/project/fensterbrief/, fensterbrief, 0.1.1, Fensterbrief is a python script for working with letters based on LaTeX and Markdown., 2018-08-30T06:24:20+0000
/project/dexy/, dexy, 2.0.8, Document Automation, 2020-04-10T16:57:20+0000
/project/tex2txt/, tex2txt, 1.7.0, A flexible LaTeX filter, 2020-03-06T14:09:35+0000
/project/latex-ji18n/, latex-ji18n, 0.0.6, LaTeX Jinja2 i18n utilities., 2020-11-27T10:26:07+0000
/project/sphinx/, Sphinx, 3.5.4, Python documentation generator, 2021-04-11T11:27:38+0000
/project/pylatexenc/, pylatexenc, 2.10, Simple LaTeX parser providing latex-to-unicode and unicode-to-latex conversion, 2021-04-06T07:56:07+0000
/project/mistool/, mistool, 1.2.6b0, Miscellaneous missing tools that can help the py-developper., 2019-12-08T14:11:03+0000
/project/pnglatex/, pnglatex, 1.1, A small program that converts latex snippets to png, 2017-12-01T08:54:45+0000
/project/artist/, artist, 0.18.2, A plotting library for Python with LaTeX output, 2017-11-11T20:36:02+0000
/project/texscythe/, texscythe, 0.3.1, TeX Live texmf subsetter, 2017-12-28T19:45:22+0000
/project/yet/, YeT, 0.1.2, Elegant TeX script in YAML style, 2020-03-26T15:29:59+0000
