/project/btlewrap/, btlewrap, 0.1.0, wrapper around different bluetooth low energy backends, 2020-10-03T13:52:16+0000
/project/sensirion-sensorbridge-i2c-sfm/, sensirion-sensorbridge-i2c-sfm, 0.1.0, I2C Driver for Sensirion Flow Sensors via Sensorbridge, 2020-03-30T14:53:13+0000
/project/rssd/, rssd, 2021.2.22, Rohde & Schwarz SCPI Driver, 2021-02-22T18:36:27+0000
/project/python-vxi11/, python-vxi11, 0.9, Python VXI-11 driver for controlling instruments over Ethernet, 2017-01-18T17:58:16+0000
/project/pybecker/, pybecker, 1.0.5, pybecker is a library to control becker RF shutters, 2021-02-04T08:12:03+0000
/project/pyspiflash/, pyspiflash, 0.6.3, SPI data flash device drivers (pure Python), 2020-05-08T10:52:04+0000
/project/nidigital/, nidigital, 1.0.0, NI-Digital Pattern Driver Python API, 2021-03-02T15:58:56+0000
/project/rplcd/, RPLCD, 1.3.0, A Raspberry Pi LCD library for the widely used Hitachi HD44780 controller., 2020-05-03T21:45:05+0000
/project/pydigitemp/, pydigitemp, 1.4.1, Python implementation of 1-Wire protocol, 2021-04-11T12:45:06+0000
/project/gcpds-entropies/, gcpds-entropies, 0.1a0, , 2020-08-01T23:08:20+0000
/project/siglent-vxi11/, siglent-vxi11, 0.0.12, Siglent vxi11 library, 2020-07-11T13:16:43+0000
/project/cflib/, cflib, 0.1.15, Crazyflie python driver, 2021-04-14T14:45:19+0000
/project/copper/, copper, 0.9.1, Module for interacting with electromechanical systems., 2019-08-20T06:43:09+0000
/project/dynamikontrol/, DynamiKontrol, 0.3.4, DynamiKontrol Python API, 2021-04-22T10:12:23+0000
/project/linemode/, linemode, 0.4.0, Drivers and templates for thermal printers, 2015-03-16T15:09:46+0000
/project/python-periphery/, python-periphery, 2.3.0, A pure Python 2/3 library for peripheral I/O (GPIO, LED, PWM, SPI, I2C, MMIO, Serial) in Linux., 2021-02-15T04:42:58+0000
/project/pmsensor/, pmsensor, 0.4, Library to read data from environment sensors, 2017-02-22T13:39:14+0000
/project/opi-gpio/, OPi.GPIO, 0.4.0, A drop-in replacement for RPi.GPIO for the Orange Pi Zero, 2019-10-21T22:31:44+0000
/project/openbci/, openbci, 0.2.3, Hight level Python module for OpenBCI hardware by GCPDS., 2020-01-22T21:35:58+0000
/project/usb-f-ccid/, usb-f-ccid, 0.2, Userland USB Gadget implementation of CCID/ICCD class., 2020-12-27T02:34:22+0000
/project/mitemp-bt/, mitemp-bt, 0.0.3, Library to read data from Mi Temperature and Humidity Sensor (V2) using Bluetooth LE with LCD display, 2019-10-23T21:53:58+0000
/project/nidaqmx/, nidaqmx, 0.5.7, NI-DAQmx Python API, 2017-12-14T21:15:14+0000
/project/delcom904x/, delcom904x, 0.3.0, A python class to control Delcom USBLMP Products 904x multi-color, USB, visual signal indicators, 2021-04-08T03:16:49+0000
/project/nisyscfg/, nisyscfg, 0.0.2, NI System Configuration Python API, 2020-12-14T08:12:52+0000
/project/inputs/, inputs, 0.5, Cross-platform Python support for keyboards, mice and gamepads., 2018-10-05T22:38:14+0000
/project/conreality/, conreality, 0.0.4, Conreality Software Development Kit (SDK) for Python, 2018-10-09T14:42:53+0000
/project/niscope/, niscope, 1.3.3, NI-SCOPE Python API, 2021-03-02T15:59:47+0000
/project/radariq/, radariq, 1.0.2, Python SDK for the RadarIQ sensor, 2020-11-13T08:17:35+0000
/project/mcculw/, mcculw, 1.0.0, MCC Universal Library Python API for Windows, 2020-08-25T20:05:59+0000
/project/i2cdev/, i2cdev, 1.2.4, Simple I2C Library for linux, 2015-03-23T22:25:28+0000
/project/designspark-pmod/, DesignSpark.Pmod, 0.3.0, Raspberry Pi Pmod HAT support library, 2020-02-26T20:48:31+0000
/project/shtrihm-fr/, shtrihm-fr, 0.2.0, Driver for Shtrih-M cash (fiscal) registers., 2017-04-24T04:46:56+0000
/project/trimarlib-apsbb/, trimarlib-apsbb, 0.2.3, APS Backbone Python wrapper for Linux host, 2018-10-19T11:47:15+0000
/project/functionfs/, functionfs, 0.5.0, Pythonic API for linux's functionfs., 2020-12-19T11:17:30+0000
/project/sireader/, sireader, 1.1.3, Python module to communicate with SportIdent main stations, 2020-06-27T10:15:09+0000
/project/nimodinst/, nimodinst, 1.3.3, NI-ModInst Python API, 2021-03-02T15:59:27+0000
/project/ptpy/, ptpy, 0.3.2, A pure Python implementation of Picture Transfer Protocol., 2017-12-19T10:21:34+0000
/project/ctypes-ftdi1/, ctypes-ftdi1, 0.0.4, libftdi1 python bindings based on ctypes, 2018-07-13T10:13:05+0000
/project/pymmcore/, pymmcore, 10.1.1.70.0, Python bindings for MMCore, Micro-Manager's device control layer, 2021-03-13T04:19:03+0000
/project/faderport/, faderport, 1.0.1, An abstract class to interface with a Presonus FaderPort., 2018-05-13T12:27:37+0000
/project/thermalprinter/, thermalprinter, 0.2.0, Driver for the DP-EH600 thermal printer (AdaFruit)., 2019-01-10T12:02:20+0000
/project/pyusb/, pyusb, 1.1.1, Python USB access module, 2021-01-20T06:22:11+0000
/project/radiant/, radiant, 3.2.2, Brython Framework, 2021-04-23T17:05:26+0000
/project/urx/, urx, 0.11.0, Python library to control an UR robot, 2018-02-01T07:40:49+0000
/project/decawave-1001-rjg/, decawave-1001-rjg, 1.0, A python module to enable a Raspberry Pi to read the Decawave 1001 UWB positioning module., 2019-02-17T15:31:51+0000
/project/tdc7201/, tdc7201, 0.11.2, Raspberry Pi driver for Texas Instruments TDC7201 Time-to-Digital-Converter chip, 2020-11-27T01:48:49+0000
/project/createc/, createc, 0.0.1, A python interface with Createc scanning probe microscope, 2021-01-08T11:35:55+0000
/project/python-ivi/, python-ivi, 0.14.9, Python Interchangeable Virtual Instrument Library, 2014-09-02T03:10:02+0000
/project/mithermometer/, mithermometer, 0.1.4, Library to read data from Xiaomi Aqara thermometer, 2019-12-24T13:09:05+0000
/project/sensirion-shdlc-sensorbridge/, sensirion-shdlc-sensorbridge, 0.1.1, Driver for Communicating With Sensirion SEK-SensorBridge, 2020-01-13T13:36:44+0000
/project/pyserialsensors/, pyserialsensors, 0.9.1, German Aerospace Center, 2021-04-16T16:59:43+0000
/project/tc2100/, tc2100, 0.1.2, Receive data from a compatible USB digital thermometer, 2020-06-13T17:19:27+0000
/project/geminimotordrive/, GeminiMotorDrive, 0.2, Utilities to control Parker Hannifin Gemini stepper/servo motor drives., 2016-02-12T22:52:41+0000
/project/hiddev/, HIDDev, 0.4.2, Linux HIDDEV Python Bindings, 2014-03-19T02:27:50+0000
/project/rc-lcd-drivers/, rc-lcd-drivers, 1.0.0, Drivers for the RC 1602LRU-LWA-KP1 Liquid Crystal Display, 2021-02-24T06:41:31+0000
/project/pyusbmodule/, pyusbmodule, 0.1.7, Python interface to expansion modules via USB-Modbus/UART connection, 2018-04-14T13:55:21+0000
/project/joulescope/, joulescope, 0.9.6, Joulescope™ host driver and utilities, 2021-04-14T16:52:33+0000
/project/pywinusb/, pywinusb, 0.4.2, A package that simplifies USB/HID communications on windows, 2016-12-12T04:32:54+0000
/project/spidev/, spidev, 3.5, Python bindings for Linux SPI access through spidev, 2020-06-02T20:17:18+0000
/project/nidcpower/, nidcpower, 1.3.3, NI-DCPower Python API, 2021-03-02T15:58:47+0000
/project/ds1054z/, ds1054z, 0.4.0, Python package and software for the Rigol DS1054Z oscilloscope., 2017-08-15T20:57:10+0000
/project/luma-emulator/, luma.emulator, 1.4.0, A suite of pseudo-devices for luma.core components, 2020-12-29T17:06:14+0000
/project/pi-sht1x/, Pi-Sht1x, 1.0.9, Python 3 library for Sensirion SHT1x series of temperature & humidity sensors for the Raspberry Pi., 2016-10-15T06:17:10+0000
/project/mitemp-cgg1/, mitemp-cgg1, 0.0.1, Library to read data from Xiaomi Clear Grass Thermometer Hygrometer sensor with E-Ink, 2019-11-01T12:27:29+0000
/project/morfeus/, morfeus, 0.3, Library to control moRFeus mixer/signal generator, 2018-12-02T03:34:31+0000
/project/cutecare-py/, cutecare-py, 0.18, Library to read data from CuteCare Bluetooth LE DIY sensor, 2018-01-04T20:04:16+0000
/project/usbwde-mccrab/, usbwde-mccrab, 2021.1.1, A client class for the USB-WDE1 receiver by ELV., 2021-01-27T23:14:51+0000
/project/nitrolib/, nitrolib, 0.0.2, NitroLib is a library for working wih the various systems developed by Intelligent Systems for the Nitro consoles., 2020-06-11T00:41:02+0000
/project/pypnpobjects/, PyPnPObjects, 0.1.9,  This is a simple python module to get the detail level information about Win32 WMI objects. Current Version of the module is 0.1.9 This module has been compiled with Python - 3.7.2, 2020-10-05T16:41:09+0000
/project/xbox360controller/, xbox360controller, 1.1.2, A pythonic Xbox360 controller API built on top of the xpad Linux kernel driver., 2018-07-20T16:23:55+0000
/project/gcpds/, gcpds, 0.1a1, , 2021-03-25T16:21:54+0000
/project/pi-ina219/, pi-ina219, 1.4.0, This Python library for Raspberry Pi makes it easy to leverage the complex functionality of the Texas Instruments INA219 sensor to measure voltage, current and power., 2020-12-19T02:01:19+0000
/project/cc1101-python/, cc1101-python, 1.0.0, Python interface to the CC1101 Linux device driver, 2021-01-31T11:30:34+0000
/project/gcpds-filters/, gcpds-filters, 0.1a0, , 2021-03-24T17:03:09+0000
/project/pystorcli/, pystorcli, 0.3.6, StorCLI module wrapper, 2018-11-30T09:35:42+0000
/project/pyadl/, pyadl, 0.1, A simple Python Wrapper for the AMD/ATI ADL lib., 2017-12-29T09:16:10+0000
/project/tclab/, tclab, 0.4.9, Python bindings for the BYU Arduino Temperature Control Lab, 2019-06-06T03:43:48+0000
/project/nixnet/, nixnet, 0.3.1, NI-XNET Python API, 2019-06-21T19:37:01+0000
/project/pytoradex/, pytoradex, 0.1release, Python wrappers to the Oak series of sensors sold by Toradex, 2010-08-17T13:07:48+0000
/project/nise/, nise, 1.3.3, NI Switch Executive Python API, 2021-03-02T15:59:57+0000
/project/plezmo-ble-driver-py/, plezmo-ble-driver-py, 0.12.2, Python bindings for the Nordic pc-ble-driver SoftDevice serialization library, 2020-03-06T08:43:15+0000
/project/being/, being, 0.0.0, Robotic core for the PATHOS project., 2020-11-19T10:59:23+0000
/project/hifipower/, hifipower, 0.2.1, On/off control via web API for hi-fi audio equipment, 2020-11-09T11:41:40+0000
/project/ea-psu-controller/, ea-psu-controller, 1.1.0, Controller for Elektro-Automatik power supplies, 2018-10-16T14:31:03+0000
/project/sensirion-i2c-svm40/, sensirion-i2c-svm40, 0.1.1, I2C Driver for Sensirion SVM40 Evaluation Kit, 2020-12-07T12:49:21+0000
/project/pyftdi/, pyftdi, 0.52.9, FTDI device driver (pure Python), 2021-01-12T21:35:32+0000
/project/trio-gpio/, trio-gpio, 0.1.1, GPIO access via Trio and libgpiod, 2018-03-10T17:41:48+0000
/project/adlink-usb/, adlink-usb, 0.0.1, Adlink USB DAQ driver, 2020-05-31T02:52:02+0000
/project/canon-remote/, canon-remote, 0.0.1, Use old Canon cameras with Python., 2012-01-31T02:14:16+0000
/project/homeassistant-pyozw/, homeassistant-pyozw, 0.1.10, python_openzwave is a python wrapper for the openzwave c++ library., 2020-03-24T10:10:14+0000
/project/pyvlx/, pyvlx, 0.2.19, PyVLX is a wrapper for the Velux KLF 200 API. PyVLX enables you to run scenes and or open and close velux windows., 2020-12-30T18:01:38+0000
/project/crecomp/, crecomp, 1.5.2, creator for Reconfigurable Component. Framework and Code generator for FPGA component, 2017-02-17T14:09:41+0000
/project/icsservo/, icsservo, 0.2, ICSServo: ICS serial servo driver library, 2018-11-08T08:14:33+0000
/project/nrfutil/, nrfutil, 6.1.0, Nordic Semiconductor nrfutil utility and Python library, 2020-04-17T14:34:10+0000
/project/sakshat/, sakshat, 0.0.2, A fully packaged SAKS SDK, 2016-06-30T09:12:13+0000
/project/nifpga/, nifpga, 20.0.0, Python API for interacting with National Instrument's LabVIEW FPGA Devices, 2020-05-18T19:24:46+0000
/project/python-can/, python-can, 3.3.4, Controller Area Network interface module for Python, 2020-10-04T20:06:20+0000
/project/pihat/, pihat, 0.0.6, Pi Hat ID EEPROM library, 2019-12-11T16:56:43+0000
/project/lightlab/, lightlab, 1.1.0, Lightwave Lab instrument automation tools, 2020-07-14T23:32:39+0000
/project/psutil/, psutil, 5.8.0, Cross-platform lib for process and system monitoring in Python., 2020-12-19T01:19:27+0000
/project/can4python/, can4python, 0.2.1, A package for handling CAN bus signals on Linux SocketCAN, for Python 3.3 and later., 2016-09-30T11:09:24+0000
/project/tpow/, tpow, 0.2.0, Tiny 1-wire utility. 100% pure python, USB9097 specific., 2018-01-23T06:55:22+0000
/project/sensirion-shdlc-sfc5xxx/, sensirion-shdlc-sfc5xxx, 0.1.0, Driver for Communicating With Sensirion SFC5xxx/SFM5xxx, 2020-11-18T12:37:39+0000
/project/microscan/, microscan, 0.0.2, Python driver from Microscan barcode readers, 2018-05-07T07:30:35+0000
/project/entropies/, entropies, 0.2, , 2020-07-26T03:47:23+0000
/project/tc420/, tc420, 0.2.1, TC420 LED Controller library and command line interface, 2021-01-03T19:29:34+0000
/project/pyteletask/, pyteletask, 1.0.1, An Asynchronous Library for the Teletask protocol., 2020-09-07T10:53:26+0000
/project/servoarray/, servoarray, 0.7.0, ServoArray: Pluggable servomotor driver library, 2019-02-10T09:05:37+0000
/project/sensirion-shdlc-svm40/, sensirion-shdlc-svm40, 0.3.0, Driver For Communicating With Sensirion SVM40 Evaluation Kit, 2020-12-02T18:41:41+0000
/project/pyvidia/, pyvidia, 1.0.1, Nvidia driver version detector for Linux, 2015-09-07T04:04:41+0000
/project/pyjls/, pyjls, 0.3.1, Joulescope™ file format, 2021-04-13T21:34:55+0000
/project/bci-framework/, bci-framework, 1.0.dev7, A real-time tool for acquisition, analysis and stimuli delivery for OpenBCI., 2021-04-21T17:33:27+0000
/project/luma-core/, luma.core, 2.3.1, A component library to support SBC display drivers, 2021-03-08T23:19:21+0000
/project/sensirion-i2c-driver/, sensirion-i2c-driver, 1.0.0, Base Driver for Communicating With I2C Devices, 2020-08-28T15:45:33+0000
/project/rpi2casterd/, rpi2casterd, 2.5.12, Hardware control daemon for rpi2caster, 2018-12-21T11:50:33+0000
/project/python-usbtmc/, python-usbtmc, 0.8, Python USBTMC driver for controlling instruments over USB, 2017-01-18T05:39:10+0000
/project/sht-sensor/, sht-sensor, 18.4.2, Driver and command-line tool for Sensirion SHT1x and SHT7x sensors connected to GPIO pins., 2018-04-06T23:56:17+0000
/project/apigpio-mpf/, apigpio-mpf, 0.0.3, asyncio-based python client for pigpiod, 2019-12-27T09:20:19+0000
/project/hifiberrydsp/, hifiberrydsp, 0.20, HiFiBerry DSP toolkit, 2020-01-26T13:26:32+0000
/project/pyprofibus/, pyprofibus, 1.8, Python PROFIBUS module, 2020-09-13T08:22:05+0000
/project/driver2200087/, driver2200087, 0.6.1, Python Package to interface with Radio Shack's 2200087 Multimeter, 2015-08-19T23:11:28+0000
/project/htheatpump/, htheatpump, 1.3.1, Easy-to-use Python communication module for Heliotherm heat pumps, 2021-01-20T19:33:26+0000
/project/ut61e/, ut61e, 1.0.2, Captures and Interprets Data from your Digital Multimeter Uni-T UT61E., 2015-09-26T23:13:39+0000
/project/microdaq/, microdaq, 1.4.0, A Python programming interface for MicroDAQ DAQ devices., 2020-12-01T23:24:38+0000
/project/serialman/, serialman, 0.3, serialman = PySerial Manager : A Python package facilitating the use of PySerial., 2017-07-17T12:06:48+0000
/project/nitclk/, nitclk, 1.3.3, NI-TClk Python API, 2021-03-02T15:59:58+0000
/project/pybone/, pybone, 0.0.1.dev20140817185617, Python library for managing beagleboard hardware I/O, 2014-08-17T18:57:21+0000
/project/matrixdriver/, matrixdriver, 0.9.0, Driver for the 8x8 RPI-RGB-LED-Matrix based on the 74HC595 chip., 2017-09-10T12:26:39+0000
/project/chirp-modbus/, chirp-modbus, 1.0.2, A wrapper library for communicatin with Modbus based Chirp soil moisture sensor, 2020-03-18T15:03:01+0000
/project/cmsis-svd/, cmsis-svd, 0.4, CMSIS SVD data files and parser, 2016-08-11T16:29:38+0000
/project/adafruit-nrfutil/, adafruit-nrfutil, 0.5.3.post13, Python 3 version of Nordic Semiconductor nrfutil utility and Python library (modified by Adafruit), 2020-11-01T06:31:12+0000
/project/pyrelayctl/, pyrelayctl, 0.1, Library for FT232R controlled relay boards, 2016-07-27T18:49:31+0000
/project/sgframework/, sgframework, 0.2.3, A framework for the Secure Gateway concept architecture., 2016-10-17T08:23:54+0000
/project/libusb1/, libusb1, 1.9.2, Pure-python wrapper for libusb-1.0, 2021-02-15T00:51:10+0000
/project/niswitch/, niswitch, 1.3.3, NI-SWITCH Python API, 2021-03-02T15:59:17+0000
/project/pysvd/, pysvd, 0.1.3, System View Description parser, 2019-09-08T00:25:21+0000
/project/openbci-stream/, openbci-stream, 1.0.0rc18, High level Python module for EEG/EMG/ECG acquisition and distributed streaming for OpenBCI Cyton board., 2021-04-21T17:30:36+0000
/project/eeprom/, eeprom, 0.0.8, A pure Python 3 library for Linux sysfs EEPROM devices., 2020-12-22T01:14:14+0000
/project/liquidctl/, liquidctl, 1.6.0, Cross-platform tool and drivers for liquid coolers and other devices, 2021-04-06T06:14:01+0000
/project/lakeshore336/, lakeshore336, 0.2.1, Readout, logging and control software for the Lakeshore 336 Temperature Controller, 2020-10-30T13:24:24+0000
/project/pololu-motors/, pololu-motors, 0.2.2, Pololu motor driver APIs., 2015-03-01T04:38:10+0000
/project/tsmppt60-driver/, tsmppt60-driver, 0.2.0, Python module to get status of your solar charge controller TS-MPPT-60., 2021-04-18T05:22:12+0000
/project/ads1219-lib/, ADS1219-lib, 0.0.2, Lib to use ADS1219 with Python on Raspberry, 2020-11-22T17:23:24+0000
/project/apigpio/, apigpio, 0.0.2, asyncio-based python client for pigpiod, 2017-07-04T14:49:15+0000
/project/miflora/, miflora, 0.7.1, Library to read data from Mi Flora sensor, 2020-09-08T11:51:30+0000
/project/gpio4/, gpio4, 0.0.8, Improved gpio module based on Sysfs, features same as RPi.GPIO and gpio3, 2019-10-30T18:19:49+0000
/project/pyampio/, pyampio, 0.1.10, A Python Ampio Server USB<->CAN, 2019-01-04T09:06:19+0000
/project/nvsmi/, nvsmi, 0.4.2, A (user-)friendly wrapper to nvidia-smi, 2020-02-28T09:32:03+0000
/project/libcreate2py/, libcreate2py, 0.1.4, iRobot Create2 library for Raspberry Pi, 2016-06-05T02:10:53+0000
/project/nidmm/, nidmm, 1.3.3, NI-DMM Python API, 2021-03-02T15:59:05+0000
/project/luma-lcd/, luma.lcd, 2.9.0, A library to drive PCD8544, HT1621, ST7735, ST7789, ST7567, UC1701X and ILI9341-based LCD displays, 2021-03-15T11:25:30+0000
/project/rigol1000z-remote/, Rigol1000z-remote, 0.3.1, Python VISA (USB and Ethernet) library for interface with Rigol DS1000z series oscilloscopes., 2020-08-06T19:44:06+0000
/project/trbnet/, trbnet, 1.0.4, Interface to TrbNet (wrapping libtrbnet.so with ctypes), 2019-12-05T14:32:05+0000
/project/gcpds-utils/, gcpds-utils, 0.1a2, , 2020-10-15T21:57:30+0000
/project/uldaq/, uldaq, 1.2.1, Universal Library Python API for Measurement Computing DAQ devices, 2020-11-18T18:43:19+0000
/project/isdttool/, isdttool, 1.0.1, Tool to retrieve information from ISDT chargers with USB connection., 2021-03-17T11:36:46+0000
/project/dlipower/, dlipower, 1.0.176, Control digital loggers web power switch, 2018-06-16T07:34:24+0000
/project/pyandon/, pyandon, 0.1.2, Python module for interacting with a range of different andon light systems, 2021-03-30T12:41:58+0000
/project/pydaqflex/, pydaqflex, 0.2.3, Python port of the Measurement Computing DAQFlex framework, 2014-12-12T23:11:55+0000
/project/jmrpi-spark-foundations/, JMRPi.Spark.Foundations, 1.0.7, The Raspberry Pi Spark pHat board let you to easily develop interesting applications use the GPIO of Raspberry Pi. It included SSD1306 128x64 OLED, MPU6050 Sensor (Gyroscope, Accelerometer, Thermometer Sensor), 5 ways joystick, 2 action keys, 3.5mm stereo headphone jack, Speaker and 19 extended GPIO pads, 2018-10-11T03:45:42+0000
/project/pymaestro/, pymaestro, 0.1, Pololu Maestro USB SDK in pure Python, 2017-06-11T15:57:07+0000
/project/buttshock/, buttshock, 0.2.1, Python Libraries for Estim Unit (ErosTek ET312, Erostek ET232, Estim Systems 2B) Control, 2016-07-07T19:39:41+0000
/project/asyncgpio/, asyncgpio, 0.5.0, GPIO access via Trio and libgpiod, 2021-03-15T13:37:10+0000
/project/pyairview/, pyairview, 0.1a2, A library for the Ubiquiti Airview2 2.4GHz spectrum analyzer, 2015-01-13T03:42:40+0000
/project/sportident/, sportident, 1.2.6, Python module to communicate with SportIdent main stations, 2020-03-13T16:34:49+0000
/project/pyshtrih/, pyshtrih, 2.0.4, Реализация драйвера семейства ККМ "Штрих" на Python., 2018-11-26T10:01:17+0000
/project/pc-ble-driver-py/, pc-ble-driver-py, 0.15.0, Python bindings for the Nordic pc-ble-driver SoftDevice serialization library, 2020-10-09T09:23:55+0000
/project/dt174b/, dt174b, 0.1, Python tool for interfacing the CEM DT-174B Weather Datalogger that is talking on USB by some specific protocol., 2013-02-09T18:27:36+0000
/project/mikettle/, mikettle, 0.0.2, This library properly authenticates with Xiaomi Mi Kettle and allows to read status and control the kettle via Bluetooth., 2019-11-19T00:21:11+0000
/project/nisystemlink-clients/, nisystemlink-clients, 0.1.3, NI-SystemLink Python API, 2020-12-16T18:55:23+0000
/project/figurestream/, figurestream, 1.2.3, A Matplotlib.Figure fork with real-time plot streaming features., 2021-04-21T17:29:08+0000
/project/lsm9ds1-rjg/, lsm9ds1-rjg, 0.9.2, A python module to enable a Raspberry Pi to access an LSM9DS1 IMU sensor., 2019-02-17T09:48:21+0000
/project/pyspinel/, pyspinel, 1.0.3, A Python interface to the OpenThread Network Co-Processor (NCP), 2020-11-26T13:12:30+0000
/project/gpiozero-shiftregister/, gpiozero-shiftregister, 0.1.0a0, Control shift register on rasperypi using gpiozero library, 2019-08-18T10:24:22+0000
/project/daxus/, daxus, 1.0.post1, Daxus DXS-100 Data acquisition single point capture package, 2018-12-03T14:21:37+0000
/project/sensirion-shdlc-sfa3x/, sensirion-shdlc-sfa3x, 0.1.0, SHDLC Driver for Sensirion SFA3x sensor modules, 2021-01-14T11:48:24+0000
/project/py-thorlabs-tsp/, py-thorlabs-tsp, 0.0.8, Controls for Thorlabs TSP01 temperature and humidity sensor, 2021-03-17T15:09:28+0000
/project/minimalmodbus/, minimalmodbus, 1.0.2, Easy-to-use Modbus RTU and Modbus ASCII implementation for Python, 2019-08-11T00:36:43+0000
/project/nifgen/, nifgen, 1.3.3, NI-FGEN Python API, 2021-03-02T15:59:37+0000
/project/libgs/, libgs, 1.2.1, Ground station operation library, 2019-02-07T03:11:19+0000
/project/fs9721/, fs9721, 1.2.1, , 2017-01-09T06:09:42+0000
/project/knxip/, knxip, 0.5, A native Python KNX/IPNet implementation, 2017-07-07T14:55:34+0000
/project/quicks/, quicks, 0.0.3, Python module to generate project, 2019-11-26T16:43:41+0000
/project/sgframework/, sgframework, 0.2.3, A framework for the Secure Gateway concept architecture., 2016-10-17T08:23:54+0000
/project/libusb1/, libusb1, 1.9.2, Pure-python wrapper for libusb-1.0, 2021-02-15T00:51:10+0000
/project/niswitch/, niswitch, 1.3.3, NI-SWITCH Python API, 2021-03-02T15:59:17+0000
/project/cantact/, cantact, 0.0.7, Support for the CANtact Controller Area Network Devices, 2020-08-03T15:14:24+0000
/project/virtualreality/, virtualreality, 0.1.2, python side of hobo_vr, 2020-11-19T09:50:36+0000
/project/apa102-pi/, apa102-pi, 2.4.1, Driver for APA102 LEDs on a Raspberry Pi, 2020-12-04T19:00:42+0000
/project/pybone/, pybone, 0.0.1.dev20140817185617, Python library for managing beagleboard hardware I/O, 2014-08-17T18:57:21+0000
/project/colosseum-ui/, colosseum-ui, 0.0.5, colosseum system - open source fraction collector for laboratories, 2021-01-27T03:03:20+0000
/project/matrixdriver/, matrixdriver, 0.9.0, Driver for the 8x8 RPI-RGB-LED-Matrix based on the 74HC595 chip., 2017-09-10T12:26:39+0000
/project/chirp-modbus/, chirp-modbus, 1.0.2, A wrapper library for communicatin with Modbus based Chirp soil moisture sensor, 2020-03-18T15:03:01+0000
/project/pymaestro/, pymaestro, 0.1, Pololu Maestro USB SDK in pure Python, 2017-06-11T15:57:07+0000
/project/buttshock/, buttshock, 0.2.1, Python Libraries for Estim Unit (ErosTek ET312, Erostek ET232, Estim Systems 2B) Control, 2016-07-07T19:39:41+0000
/project/asyncgpio/, asyncgpio, 0.5.0, GPIO access via Trio and libgpiod, 2021-03-15T13:37:10+0000
/project/pyairview/, pyairview, 0.1a2, A library for the Ubiquiti Airview2 2.4GHz spectrum analyzer, 2015-01-13T03:42:40+0000
/project/sportident/, sportident, 1.2.6, Python module to communicate with SportIdent main stations, 2020-03-13T16:34:49+0000
/project/pyshtrih/, pyshtrih, 2.0.4, Реализация драйвера семейства ККМ "Штрих" на Python., 2018-11-26T10:01:17+0000
/project/pc-ble-driver-py/, pc-ble-driver-py, 0.15.0, Python bindings for the Nordic pc-ble-driver SoftDevice serialization library, 2020-10-09T09:23:55+0000
/project/pydaqflex/, pydaqflex, 0.2.3, Python port of the Measurement Computing DAQFlex framework, 2014-12-12T23:11:55+0000
/project/sensirion-i2c-sht/, sensirion-i2c-sht, 0.2.1, I2C Driver for Sensirion Temperature and Humidity Sensors, 2020-09-09T14:58:54+0000
/project/ite8291r3-ctl/, ite8291r3-ctl, 0.3, ITE 8291 (rev 0.03) userspace driver, 2020-10-19T14:37:59+0000
/project/pysispm/, pysispm, 0.6, Library for EnerGenie USB controlled powerstrips, 2019-08-16T21:25:14+0000
/project/pydht2/, pydht2, 0.5.2, DHT 11 v.2 Temperature/Humidity GPIO driver for Raspberry PI., 2014-02-17T22:28:28+0000
/project/anyleaf/, anyleaf, 0.1.8.1, Driver for the Anyleaf pH sensor, 2020-08-17T01:25:22+0000
/project/delumowave/, DelumoWave, 0.1.27, API for Delumo radio controller, 2021-02-19T12:06:12+0000
/project/iot-gd/, IOT-GD, 1.0.8, IoT. You can read moacon modules (Modbus communication - cubloc.com) and mcp3208 - 8 channel 12Bit ADC from Rpi 3 and others., 2017-04-21T16:19:34+0000
/project/pybusylight/, pyBusylight, 0.9.2, Python Library for Kuando Busylight device., 2018-08-22T04:09:44+0000
/project/pyquaero/, pyquaero, 1.3.1, Library, tools and server for Aquaero cooler controllers, 2020-05-24T13:14:58+0000
/project/lorarf/, LoRaRF, 1.1.1, Python library used for basic transmitting and receiving data using LoRa modem, 2021-03-18T13:56:41+0000
/project/sensirion-shdlc-driver/, sensirion-shdlc-driver, 0.1.5, Base Driver for Communicating With Sensirion SHDLC Devices, 2020-08-11T15:05:12+0000
/project/pololu-motors/, pololu-motors, 0.2.2, Pololu motor driver APIs., 2015-03-01T04:38:10+0000
/project/tsmppt60-driver/, tsmppt60-driver, 0.2.0, Python module to get status of your solar charge controller TS-MPPT-60., 2021-04-18T05:22:12+0000
/project/ads1219-lib/, ADS1219-lib, 0.0.2, Lib to use ADS1219 with Python on Raspberry, 2020-11-22T17:23:24+0000
/project/btlewrap/, btlewrap, 0.1.0, wrapper around different bluetooth low energy backends, 2020-10-03T13:52:16+0000
/project/sensirion-sensorbridge-i2c-sfm/, sensirion-sensorbridge-i2c-sfm, 0.1.0, I2C Driver for Sensirion Flow Sensors via Sensorbridge, 2020-03-30T14:53:13+0000
/project/rssd/, rssd, 2021.2.22, Rohde & Schwarz SCPI Driver, 2021-02-22T18:36:27+0000
/project/python-vxi11/, python-vxi11, 0.9, Python VXI-11 driver for controlling instruments over Ethernet, 2017-01-18T17:58:16+0000
/project/pybecker/, pybecker, 1.0.5, pybecker is a library to control becker RF shutters, 2021-02-04T08:12:03+0000
/project/pyspiflash/, pyspiflash, 0.6.3, SPI data flash device drivers (pure Python), 2020-05-08T10:52:04+0000
/project/nidigital/, nidigital, 1.0.0, NI-Digital Pattern Driver Python API, 2021-03-02T15:58:56+0000
/project/rplcd/, RPLCD, 1.3.0, A Raspberry Pi LCD library for the widely used Hitachi HD44780 controller., 2020-05-03T21:45:05+0000
/project/pydigitemp/, pydigitemp, 1.4.1, Python implementation of 1-Wire protocol, 2021-04-11T12:45:06+0000
/project/gcpds-entropies/, gcpds-entropies, 0.1a0, , 2020-08-01T23:08:20+0000
/project/siglent-vxi11/, siglent-vxi11, 0.0.12, Siglent vxi11 library, 2020-07-11T13:16:43+0000
/project/cflib/, cflib, 0.1.15, Crazyflie python driver, 2021-04-14T14:45:19+0000
/project/copper/, copper, 0.9.1, Module for interacting with electromechanical systems., 2019-08-20T06:43:09+0000
/project/dynamikontrol/, DynamiKontrol, 0.3.4, DynamiKontrol Python API, 2021-04-22T10:12:23+0000
/project/linemode/, linemode, 0.4.0, Drivers and templates for thermal printers, 2015-03-16T15:09:46+0000
/project/python-periphery/, python-periphery, 2.3.0, A pure Python 2/3 library for peripheral I/O (GPIO, LED, PWM, SPI, I2C, MMIO, Serial) in Linux., 2021-02-15T04:42:58+0000
/project/pmsensor/, pmsensor, 0.4, Library to read data from environment sensors, 2017-02-22T13:39:14+0000
/project/opi-gpio/, OPi.GPIO, 0.4.0, A drop-in replacement for RPi.GPIO for the Orange Pi Zero, 2019-10-21T22:31:44+0000
/project/openbci/, openbci, 0.2.3, Hight level Python module for OpenBCI hardware by GCPDS., 2020-01-22T21:35:58+0000
/project/usb-f-ccid/, usb-f-ccid, 0.2, Userland USB Gadget implementation of CCID/ICCD class., 2020-12-27T02:34:22+0000
/project/mitemp-bt/, mitemp-bt, 0.0.3, Library to read data from Mi Temperature and Humidity Sensor (V2) using Bluetooth LE with LCD display, 2019-10-23T21:53:58+0000
/project/nidaqmx/, nidaqmx, 0.5.7, NI-DAQmx Python API, 2017-12-14T21:15:14+0000
/project/delcom904x/, delcom904x, 0.3.0, A python class to control Delcom USBLMP Products 904x multi-color, USB, visual signal indicators, 2021-04-08T03:16:49+0000
/project/nisyscfg/, nisyscfg, 0.0.2, NI System Configuration Python API, 2020-12-14T08:12:52+0000
/project/inputs/, inputs, 0.5, Cross-platform Python support for keyboards, mice and gamepads., 2018-10-05T22:38:14+0000
/project/conreality/, conreality, 0.0.4, Conreality Software Development Kit (SDK) for Python, 2018-10-09T14:42:53+0000
/project/niscope/, niscope, 1.3.3, NI-SCOPE Python API, 2021-03-02T15:59:47+0000
/project/radariq/, radariq, 1.0.2, Python SDK for the RadarIQ sensor, 2020-11-13T08:17:35+0000
/project/mcculw/, mcculw, 1.0.0, MCC Universal Library Python API for Windows, 2020-08-25T20:05:59+0000
/project/i2cdev/, i2cdev, 1.2.4, Simple I2C Library for linux, 2015-03-23T22:25:28+0000
/project/designspark-pmod/, DesignSpark.Pmod, 0.3.0, Raspberry Pi Pmod HAT support library, 2020-02-26T20:48:31+0000
/project/shtrihm-fr/, shtrihm-fr, 0.2.0, Driver for Shtrih-M cash (fiscal) registers., 2017-04-24T04:46:56+0000
/project/trimarlib-apsbb/, trimarlib-apsbb, 0.2.3, APS Backbone Python wrapper for Linux host, 2018-10-19T11:47:15+0000
/project/functionfs/, functionfs, 0.5.0, Pythonic API for linux's functionfs., 2020-12-19T11:17:30+0000
/project/sireader/, sireader, 1.1.3, Python module to communicate with SportIdent main stations, 2020-06-27T10:15:09+0000
/project/nimodinst/, nimodinst, 1.3.3, NI-ModInst Python API, 2021-03-02T15:59:27+0000
/project/ptpy/, ptpy, 0.3.2, A pure Python implementation of Picture Transfer Protocol., 2017-12-19T10:21:34+0000
/project/ctypes-ftdi1/, ctypes-ftdi1, 0.0.4, libftdi1 python bindings based on ctypes, 2018-07-13T10:13:05+0000
/project/pymmcore/, pymmcore, 10.1.1.70.0, Python bindings for MMCore, Micro-Manager's device control layer, 2021-03-13T04:19:03+0000
/project/faderport/, faderport, 1.0.1, An abstract class to interface with a Presonus FaderPort., 2018-05-13T12:27:37+0000
/project/thermalprinter/, thermalprinter, 0.2.0, Driver for the DP-EH600 thermal printer (AdaFruit)., 2019-01-10T12:02:20+0000
/project/pyusb/, pyusb, 1.1.1, Python USB access module, 2021-01-20T06:22:11+0000
/project/radiant/, radiant, 3.2.2, Brython Framework, 2021-04-23T17:05:26+0000
/project/urx/, urx, 0.11.0, Python library to control an UR robot, 2018-02-01T07:40:49+0000
/project/decawave-1001-rjg/, decawave-1001-rjg, 1.0, A python module to enable a Raspberry Pi to read the Decawave 1001 UWB positioning module., 2019-02-17T15:31:51+0000
/project/tdc7201/, tdc7201, 0.11.2, Raspberry Pi driver for Texas Instruments TDC7201 Time-to-Digital-Converter chip, 2020-11-27T01:48:49+0000
/project/createc/, createc, 0.0.1, A python interface with Createc scanning probe microscope, 2021-01-08T11:35:55+0000
/project/python-ivi/, python-ivi, 0.14.9, Python Interchangeable Virtual Instrument Library, 2014-09-02T03:10:02+0000
/project/mithermometer/, mithermometer, 0.1.4, Library to read data from Xiaomi Aqara thermometer, 2019-12-24T13:09:05+0000
/project/sensirion-shdlc-sensorbridge/, sensirion-shdlc-sensorbridge, 0.1.1, Driver for Communicating With Sensirion SEK-SensorBridge, 2020-01-13T13:36:44+0000
/project/pyserialsensors/, pyserialsensors, 0.9.1, German Aerospace Center, 2021-04-16T16:59:43+0000
/project/tc2100/, tc2100, 0.1.2, Receive data from a compatible USB digital thermometer, 2020-06-13T17:19:27+0000
/project/geminimotordrive/, GeminiMotorDrive, 0.2, Utilities to control Parker Hannifin Gemini stepper/servo motor drives., 2016-02-12T22:52:41+0000
/project/hiddev/, HIDDev, 0.4.2, Linux HIDDEV Python Bindings, 2014-03-19T02:27:50+0000
/project/rc-lcd-drivers/, rc-lcd-drivers, 1.0.0, Drivers for the RC 1602LRU-LWA-KP1 Liquid Crystal Display, 2021-02-24T06:41:31+0000
/project/pyusbmodule/, pyusbmodule, 0.1.7, Python interface to expansion modules via USB-Modbus/UART connection, 2018-04-14T13:55:21+0000
/project/joulescope/, joulescope, 0.9.6, Joulescope™ host driver and utilities, 2021-04-14T16:52:33+0000
/project/pywinusb/, pywinusb, 0.4.2, A package that simplifies USB/HID communications on windows, 2016-12-12T04:32:54+0000
/project/spidev/, spidev, 3.5, Python bindings for Linux SPI access through spidev, 2020-06-02T20:17:18+0000
/project/nidcpower/, nidcpower, 1.3.3, NI-DCPower Python API, 2021-03-02T15:58:47+0000
/project/ds1054z/, ds1054z, 0.4.0, Python package and software for the Rigol DS1054Z oscilloscope., 2017-08-15T20:57:10+0000
/project/luma-emulator/, luma.emulator, 1.4.0, A suite of pseudo-devices for luma.core components, 2020-12-29T17:06:14+0000
/project/pi-sht1x/, Pi-Sht1x, 1.0.9, Python 3 library for Sensirion SHT1x series of temperature & humidity sensors for the Raspberry Pi., 2016-10-15T06:17:10+0000
/project/mitemp-cgg1/, mitemp-cgg1, 0.0.1, Library to read data from Xiaomi Clear Grass Thermometer Hygrometer sensor with E-Ink, 2019-11-01T12:27:29+0000
/project/morfeus/, morfeus, 0.3, Library to control moRFeus mixer/signal generator, 2018-12-02T03:34:31+0000
/project/cutecare-py/, cutecare-py, 0.18, Library to read data from CuteCare Bluetooth LE DIY sensor, 2018-01-04T20:04:16+0000
/project/usbwde-mccrab/, usbwde-mccrab, 2021.1.1, A client class for the USB-WDE1 receiver by ELV., 2021-01-27T23:14:51+0000
/project/nitrolib/, nitrolib, 0.0.2, NitroLib is a library for working wih the various systems developed by Intelligent Systems for the Nitro consoles., 2020-06-11T00:41:02+0000
/project/pypnpobjects/, PyPnPObjects, 0.1.9,  This is a simple python module to get the detail level information about Win32 WMI objects. Current Version of the module is 0.1.9 This module has been compiled with Python - 3.7.2, 2020-10-05T16:41:09+0000
/project/xbox360controller/, xbox360controller, 1.1.2, A pythonic Xbox360 controller API built on top of the xpad Linux kernel driver., 2018-07-20T16:23:55+0000
/project/gcpds/, gcpds, 0.1a1, , 2021-03-25T16:21:54+0000
/project/pi-ina219/, pi-ina219, 1.4.0, This Python library for Raspberry Pi makes it easy to leverage the complex functionality of the Texas Instruments INA219 sensor to measure voltage, current and power., 2020-12-19T02:01:19+0000
/project/cc1101-python/, cc1101-python, 1.0.0, Python interface to the CC1101 Linux device driver, 2021-01-31T11:30:34+0000
/project/gcpds-filters/, gcpds-filters, 0.1a0, , 2021-03-24T17:03:09+0000
/project/pystorcli/, pystorcli, 0.3.6, StorCLI module wrapper, 2018-11-30T09:35:42+0000
/project/pyadl/, pyadl, 0.1, A simple Python Wrapper for the AMD/ATI ADL lib., 2017-12-29T09:16:10+0000
/project/tclab/, tclab, 0.4.9, Python bindings for the BYU Arduino Temperature Control Lab, 2019-06-06T03:43:48+0000
/project/nixnet/, nixnet, 0.3.1, NI-XNET Python API, 2019-06-21T19:37:01+0000
/project/pytoradex/, pytoradex, 0.1release, Python wrappers to the Oak series of sensors sold by Toradex, 2010-08-17T13:07:48+0000
/project/nise/, nise, 1.3.3, NI Switch Executive Python API, 2021-03-02T15:59:57+0000
/project/plezmo-ble-driver-py/, plezmo-ble-driver-py, 0.12.2, Python bindings for the Nordic pc-ble-driver SoftDevice serialization library, 2020-03-06T08:43:15+0000
/project/being/, being, 0.0.0, Robotic core for the PATHOS project., 2020-11-19T10:59:23+0000
/project/hifipower/, hifipower, 0.2.1, On/off control via web API for hi-fi audio equipment, 2020-11-09T11:41:40+0000
/project/ea-psu-controller/, ea-psu-controller, 1.1.0, Controller for Elektro-Automatik power supplies, 2018-10-16T14:31:03+0000
/project/sensirion-i2c-svm40/, sensirion-i2c-svm40, 0.1.1, I2C Driver for Sensirion SVM40 Evaluation Kit, 2020-12-07T12:49:21+0000
/project/pyftdi/, pyftdi, 0.52.9, FTDI device driver (pure Python), 2021-01-12T21:35:32+0000
/project/trio-gpio/, trio-gpio, 0.1.1, GPIO access via Trio and libgpiod, 2018-03-10T17:41:48+0000
/project/adlink-usb/, adlink-usb, 0.0.1, Adlink USB DAQ driver, 2020-05-31T02:52:02+0000
/project/canon-remote/, canon-remote, 0.0.1, Use old Canon cameras with Python., 2012-01-31T02:14:16+0000
/project/homeassistant-pyozw/, homeassistant-pyozw, 0.1.10, python_openzwave is a python wrapper for the openzwave c++ library., 2020-03-24T10:10:14+0000
/project/pyvlx/, pyvlx, 0.2.19, PyVLX is a wrapper for the Velux KLF 200 API. PyVLX enables you to run scenes and or open and close velux windows., 2020-12-30T18:01:38+0000
/project/crecomp/, crecomp, 1.5.2, creator for Reconfigurable Component. Framework and Code generator for FPGA component, 2017-02-17T14:09:41+0000
/project/icsservo/, icsservo, 0.2, ICSServo: ICS serial servo driver library, 2018-11-08T08:14:33+0000
/project/nrfutil/, nrfutil, 6.1.0, Nordic Semiconductor nrfutil utility and Python library, 2020-04-17T14:34:10+0000
/project/sakshat/, sakshat, 0.0.2, A fully packaged SAKS SDK, 2016-06-30T09:12:13+0000
/project/nifpga/, nifpga, 20.0.0, Python API for interacting with National Instrument's LabVIEW FPGA Devices, 2020-05-18T19:24:46+0000
/project/python-can/, python-can, 3.3.4, Controller Area Network interface module for Python, 2020-10-04T20:06:20+0000
/project/pihat/, pihat, 0.0.6, Pi Hat ID EEPROM library, 2019-12-11T16:56:43+0000
/project/lightlab/, lightlab, 1.1.0, Lightwave Lab instrument automation tools, 2020-07-14T23:32:39+0000
/project/psutil/, psutil, 5.8.0, Cross-platform lib for process and system monitoring in Python., 2020-12-19T01:19:27+0000
/project/can4python/, can4python, 0.2.1, A package for handling CAN bus signals on Linux SocketCAN, for Python 3.3 and later., 2016-09-30T11:09:24+0000
/project/tpow/, tpow, 0.2.0, Tiny 1-wire utility. 100% pure python, USB9097 specific., 2018-01-23T06:55:22+0000
/project/sensirion-shdlc-sfc5xxx/, sensirion-shdlc-sfc5xxx, 0.1.0, Driver for Communicating With Sensirion SFC5xxx/SFM5xxx, 2020-11-18T12:37:39+0000
/project/microscan/, microscan, 0.0.2, Python driver from Microscan barcode readers, 2018-05-07T07:30:35+0000
/project/entropies/, entropies, 0.2, , 2020-07-26T03:47:23+0000
/project/tc420/, tc420, 0.2.1, TC420 LED Controller library and command line interface, 2021-01-03T19:29:34+0000
/project/pyteletask/, pyteletask, 1.0.1, An Asynchronous Library for the Teletask protocol., 2020-09-07T10:53:26+0000
/project/servoarray/, servoarray, 0.7.0, ServoArray: Pluggable servomotor driver library, 2019-02-10T09:05:37+0000
/project/sensirion-shdlc-svm40/, sensirion-shdlc-svm40, 0.3.0, Driver For Communicating With Sensirion SVM40 Evaluation Kit, 2020-12-02T18:41:41+0000
/project/pyvidia/, pyvidia, 1.0.1, Nvidia driver version detector for Linux, 2015-09-07T04:04:41+0000
/project/pyjls/, pyjls, 0.3.1, Joulescope™ file format, 2021-04-13T21:34:55+0000
/project/bci-framework/, bci-framework, 1.0.dev7, A real-time tool for acquisition, analysis and stimuli delivery for OpenBCI., 2021-04-21T17:33:27+0000
/project/luma-core/, luma.core, 2.3.1, A component library to support SBC display drivers, 2021-03-08T23:19:21+0000
/project/sensirion-i2c-driver/, sensirion-i2c-driver, 1.0.0, Base Driver for Communicating With I2C Devices, 2020-08-28T15:45:33+0000
/project/rpi2casterd/, rpi2casterd, 2.5.12, Hardware control daemon for rpi2caster, 2018-12-21T11:50:33+0000
/project/python-usbtmc/, python-usbtmc, 0.8, Python USBTMC driver for controlling instruments over USB, 2017-01-18T05:39:10+0000
/project/sht-sensor/, sht-sensor, 18.4.2, Driver and command-line tool for Sensirion SHT1x and SHT7x sensors connected to GPIO pins., 2018-04-06T23:56:17+0000
/project/apigpio-mpf/, apigpio-mpf, 0.0.3, asyncio-based python client for pigpiod, 2019-12-27T09:20:19+0000
/project/hifiberrydsp/, hifiberrydsp, 0.20, HiFiBerry DSP toolkit, 2020-01-26T13:26:32+0000
/project/pyprofibus/, pyprofibus, 1.8, Python PROFIBUS module, 2020-09-13T08:22:05+0000
/project/driver2200087/, driver2200087, 0.6.1, Python Package to interface with Radio Shack's 2200087 Multimeter, 2015-08-19T23:11:28+0000
/project/htheatpump/, htheatpump, 1.3.1, Easy-to-use Python communication module for Heliotherm heat pumps, 2021-01-20T19:33:26+0000
/project/ut61e/, ut61e, 1.0.2, Captures and Interprets Data from your Digital Multimeter Uni-T UT61E., 2015-09-26T23:13:39+0000
/project/microdaq/, microdaq, 1.4.0, A Python programming interface for MicroDAQ DAQ devices., 2020-12-01T23:24:38+0000
/project/serialman/, serialman, 0.3, serialman = PySerial Manager : A Python package facilitating the use of PySerial., 2017-07-17T12:06:48+0000
/project/nitclk/, nitclk, 1.3.3, NI-TClk Python API, 2021-03-02T15:59:58+0000
/project/sensirion-i2c-sht/, sensirion-i2c-sht, 0.2.1, I2C Driver for Sensirion Temperature and Humidity Sensors, 2020-09-09T14:58:54+0000
/project/ite8291r3-ctl/, ite8291r3-ctl, 0.3, ITE 8291 (rev 0.03) userspace driver, 2020-10-19T14:37:59+0000
/project/pcf8574-io/, pcf8574-io, 0.0.6, PCF8574 driver to set pin mode, read and write digital signal 3.3v, 2020-10-31T06:38:41+0000
/project/pysispm/, pysispm, 0.6, Library for EnerGenie USB controlled powerstrips, 2019-08-16T21:25:14+0000
/project/pyi2cflash/, pyi2cflash, 0.2.2, I2C eeprom device drivers (pure Python), 2020-05-08T10:41:29+0000
/project/pydht2/, pydht2, 0.5.2, DHT 11 v.2 Temperature/Humidity GPIO driver for Raspberry PI., 2014-02-17T22:28:28+0000
/project/luma-led-matrix/, luma.led_matrix, 1.5.0, A library to drive a MAX7219 LED serializer (using SPI) and WS2812 NeoPixels (using DMA), 2020-07-04T21:24:11+0000
/project/anyleaf/, anyleaf, 0.1.8.1, Driver for the Anyleaf pH sensor, 2020-08-17T01:25:22+0000
/project/delumowave/, DelumoWave, 0.1.27, API for Delumo radio controller, 2021-02-19T12:06:12+0000
/project/iot-gd/, IOT-GD, 1.0.8, IoT. You can read moacon modules (Modbus communication - cubloc.com) and mcp3208 - 8 channel 12Bit ADC from Rpi 3 and others., 2017-04-21T16:19:34+0000
/project/pybusylight/, pyBusylight, 0.9.2, Python Library for Kuando Busylight device., 2018-08-22T04:09:44+0000
/project/pyquaero/, pyquaero, 1.3.1, Library, tools and server for Aquaero cooler controllers, 2020-05-24T13:14:58+0000
/project/lorarf/, LoRaRF, 1.1.1, Python library used for basic transmitting and receiving data using LoRa modem, 2021-03-18T13:56:41+0000
/project/sensirion-shdlc-driver/, sensirion-shdlc-driver, 0.1.5, Base Driver for Communicating With Sensirion SHDLC Devices, 2020-08-11T15:05:12+0000
/project/pololu-motors/, pololu-motors, 0.2.2, Pololu motor driver APIs., 2015-03-01T04:38:10+0000
/project/tsmppt60-driver/, tsmppt60-driver, 0.2.0, Python module to get status of your solar charge controller TS-MPPT-60., 2021-04-18T05:22:12+0000
/project/ads1219-lib/, ADS1219-lib, 0.0.2, Lib to use ADS1219 with Python on Raspberry, 2020-11-22T17:23:24+0000
/project/apigpio/, apigpio, 0.0.2, asyncio-based python client for pigpiod, 2017-07-04T14:49:15+0000
/project/miflora/, miflora, 0.7.1, Library to read data from Mi Flora sensor, 2020-09-08T11:51:30+0000
/project/gpio4/, gpio4, 0.0.8, Improved gpio module based on Sysfs, features same as RPi.GPIO and gpio3, 2019-10-30T18:19:49+0000
/project/pyampio/, pyampio, 0.1.10, A Python Ampio Server USB<->CAN, 2019-01-04T09:06:19+0000
/project/nvsmi/, nvsmi, 0.4.2, A (user-)friendly wrapper to nvidia-smi, 2020-02-28T09:32:03+0000
/project/libcreate2py/, libcreate2py, 0.1.4, iRobot Create2 library for Raspberry Pi, 2016-06-05T02:10:53+0000
/project/nidmm/, nidmm, 1.3.3, NI-DMM Python API, 2021-03-02T15:59:05+0000
/project/luma-lcd/, luma.lcd, 2.9.0, A library to drive PCD8544, HT1621, ST7735, ST7789, ST7567, UC1701X and ILI9341-based LCD displays, 2021-03-15T11:25:30+0000
/project/rigol1000z-remote/, Rigol1000z-remote, 0.3.1, Python VISA (USB and Ethernet) library for interface with Rigol DS1000z series oscilloscopes., 2020-08-06T19:44:06+0000
/project/trbnet/, trbnet, 1.0.4, Interface to TrbNet (wrapping libtrbnet.so with ctypes), 2019-12-05T14:32:05+0000
/project/gcpds-utils/, gcpds-utils, 0.1a2, , 2020-10-15T21:57:30+0000
/project/uldaq/, uldaq, 1.2.1, Universal Library Python API for Measurement Computing DAQ devices, 2020-11-18T18:43:19+0000
/project/isdttool/, isdttool, 1.0.1, Tool to retrieve information from ISDT chargers with USB connection., 2021-03-17T11:36:46+0000
/project/dlipower/, dlipower, 1.0.176, Control digital loggers web power switch, 2018-06-16T07:34:24+0000
/project/pyandon/, pyandon, 0.1.2, Python module for interacting with a range of different andon light systems, 2021-03-30T12:41:58+0000
/project/pydaqflex/, pydaqflex, 0.2.3, Python port of the Measurement Computing DAQFlex framework, 2014-12-12T23:11:55+0000
/project/jmrpi-spark-foundations/, JMRPi.Spark.Foundations, 1.0.7, The Raspberry Pi Spark pHat board let you to easily develop interesting applications use the GPIO of Raspberry Pi. It included SSD1306 128x64 OLED, MPU6050 Sensor (Gyroscope, Accelerometer, Thermometer Sensor), 5 ways joystick, 2 action keys, 3.5mm stereo headphone jack, Speaker and 19 extended GPIO pads, 2018-10-11T03:45:42+0000
/project/pampio/, pampio, 0.0.2, A Python Ampio Server IP client implementation, 2017-06-17T18:25:03+0000
/project/xknx/, xknx, 0.18.1, An Asynchronous Library for the KNX protocol. Documentation: https://xknx.io/, 2021-04-23T19:45:07+0000
/project/icsectl/, icsectl, 0.2, Control the ICStation USB multi channel relay modules, 2016-03-31T20:40:03+0000
/project/pysvd/, pysvd, 0.1.3, System View Description parser, 2019-09-08T00:25:21+0000
/project/openbci-stream/, openbci-stream, 1.0.0rc18, High level Python module for EEG/EMG/ECG acquisition and distributed streaming for OpenBCI Cyton board., 2021-04-21T17:30:36+0000
/project/jmrpi-spark/, JMRPi.Spark, 1.0.10, The RPi-Spark pHat let you to easily develop interesting applications use the GPIO of Raspberry Pi. It included SSD1306 128x64 OLED, MPU6050 Sensor (Gyroscope, Accelerometer, Thermometer Sensor), 5 ways joystick, 2 push buttons, 3.5mm stereo headphone jack, Speaker and 19 extended GPIO pads, 2020-07-19T06:11:54+0000
/project/lcd2usb/, lcd2usb, 1.3, LCD2USB's Python Library, 2020-09-09T07:46:44+0000
/project/python-openzwave/, python-openzwave, 0.4.19, python_openzwave is a python wrapper for the openzwave c++ library., 2019-03-20T10:06:12+0000
/project/eeprom/, eeprom, 0.0.8, A pure Python 3 library for Linux sysfs EEPROM devices., 2020-12-22T01:14:14+0000
/project/liquidctl/, liquidctl, 1.6.0, Cross-platform tool and drivers for liquid coolers and other devices, 2021-04-06T06:14:01+0000
/project/lakeshore336/, lakeshore336, 0.2.1, Readout, logging and control software for the Lakeshore 336 Temperature Controller, 2020-10-30T13:24:24+0000
/project/rpi-lcd/, rpi-lcd, 0.0.2, I²C LCD library for RaspberryPi, 2016-09-08T21:12:55+0000
/project/protea/, Protea, 0.1a, Ashly digital audio products RS-232 interface library, 2013-08-26T17:44:20+0000
/project/urxui/, urxui, 0.0.7, Minimal UI to urx Python library, 2016-04-19T10:39:38+0000
/project/brother-ql/, brother-ql, 0.9.4, Python package to talk to Brother QL label printers, 2019-01-13T00:30:14+0000
/project/pydreamcheeky/, PyDreamCheeky, 1.0.0b2, A convenient Python driver for Dream Cheeky's Big Red Button, 2017-01-31T06:24:48+0000
/project/ads1x15-adc/, ADS1x15-ADC, 1.1.1, Python library used for ADS1x15 analog to digital converter (ADC), 2021-03-03T14:23:39+0000
/project/pyusblamp/, pyusblamp, 1.30, Mailbox Friends Alert (Dream Cheeky) Driver, 2017-12-26T15:49:39+0000
/project/libgs/, libgs, 1.2.1, Ground station operation library, 2019-02-07T03:11:19+0000
/project/litex-novitus-xml/, litex.novitus-xml, 1.0.0, A Novitus XML Protocol Fiscal Printer Library, 2020-07-31T11:20:13+0000
/project/fs9721/, fs9721, 1.2.1, , 2017-01-09T06:09:42+0000
/project/knxip/, knxip, 0.5, A native Python KNX/IPNet implementation, 2017-07-07T14:55:34+0000
/project/quicks/, quicks, 0.0.3, Python module to generate project, 2019-11-26T16:43:41+0000
/project/sgframework/, sgframework, 0.2.3, A framework for the Secure Gateway concept architecture., 2016-10-17T08:23:54+0000
/project/libusb1/, libusb1, 1.9.2, Pure-python wrapper for libusb-1.0, 2021-02-15T00:51:10+0000
/project/niswitch/, niswitch, 1.3.3, NI-SWITCH Python API, 2021-03-02T15:59:17+0000
/project/cantact/, cantact, 0.0.7, Support for the CANtact Controller Area Network Devices, 2020-08-03T15:14:24+0000
/project/virtualreality/, virtualreality, 0.1.2, python side of hobo_vr, 2020-11-19T09:50:36+0000
/project/apa102-pi/, apa102-pi, 2.4.1, Driver for APA102 LEDs on a Raspberry Pi, 2020-12-04T19:00:42+0000
/project/pybone/, pybone, 0.0.1.dev20140817185617, Python library for managing beagleboard hardware I/O, 2014-08-17T18:57:21+0000
/project/colosseum-ui/, colosseum-ui, 0.0.5, colosseum system - open source fraction collector for laboratories, 2021-01-27T03:03:20+0000
/project/matrixdriver/, matrixdriver, 0.9.0, Driver for the 8x8 RPI-RGB-LED-Matrix based on the 74HC595 chip., 2017-09-10T12:26:39+0000
/project/chirp-modbus/, chirp-modbus, 1.0.2, A wrapper library for communicatin with Modbus based Chirp soil moisture sensor, 2020-03-18T15:03:01+0000
/project/pymaestro/, pymaestro, 0.1, Pololu Maestro USB SDK in pure Python, 2017-06-11T15:57:07+0000
/project/buttshock/, buttshock, 0.2.1, Python Libraries for Estim Unit (ErosTek ET312, Erostek ET232, Estim Systems 2B) Control, 2016-07-07T19:39:41+0000
/project/asyncgpio/, asyncgpio, 0.5.0, GPIO access via Trio and libgpiod, 2021-03-15T13:37:10+0000
/project/pyairview/, pyairview, 0.1a2, A library for the Ubiquiti Airview2 2.4GHz spectrum analyzer, 2015-01-13T03:42:40+0000
/project/sportident/, sportident, 1.2.6, Python module to communicate with SportIdent main stations, 2020-03-13T16:34:49+0000
/project/pyshtrih/, pyshtrih, 2.0.4, Реализация драйвера семейства ККМ "Штрих" на Python., 2018-11-26T10:01:17+0000
/project/pc-ble-driver-py/, pc-ble-driver-py, 0.15.0, Python bindings for the Nordic pc-ble-driver SoftDevice serialization library, 2020-10-09T09:23:55+0000
/project/dt174b/, dt174b, 0.1, Python tool for interfacing the CEM DT-174B Weather Datalogger that is talking on USB by some specific protocol., 2013-02-09T18:27:36+0000
/project/mikettle/, mikettle, 0.0.2, This library properly authenticates with Xiaomi Mi Kettle and allows to read status and control the kettle via Bluetooth., 2019-11-19T00:21:11+0000
/project/nisystemlink-clients/, nisystemlink-clients, 0.1.3, NI-SystemLink Python API, 2020-12-16T18:55:23+0000
/project/figurestream/, figurestream, 1.2.3, A Matplotlib.Figure fork with real-time plot streaming features., 2021-04-21T17:29:08+0000
/project/lsm9ds1-rjg/, lsm9ds1-rjg, 0.9.2, A python module to enable a Raspberry Pi to access an LSM9DS1 IMU sensor., 2019-02-17T09:48:21+0000
/project/cmsis-svd/, cmsis-svd, 0.4, CMSIS SVD data files and parser, 2016-08-11T16:29:38+0000
/project/adafruit-nrfutil/, adafruit-nrfutil, 0.5.3.post13, Python 3 version of Nordic Semiconductor nrfutil utility and Python library (modified by Adafruit), 2020-11-01T06:31:12+0000
/project/pyrelayctl/, pyrelayctl, 0.1, Library for FT232R controlled relay boards, 2016-07-27T18:49:31+0000
/project/pyspinel/, pyspinel, 1.0.3, A Python interface to the OpenThread Network Co-Processor (NCP), 2020-11-26T13:12:30+0000
/project/gpiozero-shiftregister/, gpiozero-shiftregister, 0.1.0a0, Control shift register on rasperypi using gpiozero library, 2019-08-18T10:24:22+0000
/project/daxus/, daxus, 1.0.post1, Daxus DXS-100 Data acquisition single point capture package, 2018-12-03T14:21:37+0000
/project/sensirion-shdlc-sfa3x/, sensirion-shdlc-sfa3x, 0.1.0, SHDLC Driver for Sensirion SFA3x sensor modules, 2021-01-14T11:48:24+0000
/project/py-thorlabs-tsp/, py-thorlabs-tsp, 0.0.8, Controls for Thorlabs TSP01 temperature and humidity sensor, 2021-03-17T15:09:28+0000
/project/minimalmodbus/, minimalmodbus, 1.0.2, Easy-to-use Modbus RTU and Modbus ASCII implementation for Python, 2019-08-11T00:36:43+0000
/project/nifgen/, nifgen, 1.3.3, NI-FGEN Python API, 2021-03-02T15:59:37+0000
