/project/snowballstemmer/, snowballstemmer, 2.1.0, This package provides 29 stemmers for 28 languages generated from Snowball algorithms., 2021-01-21T11:43:00+0000
/project/ffmulticonverter/, ffmulticonverter, 1.2.0, GUI File Format Converter, 2011-12-05T11:57:32+0000
/project/dhelp/, dhelp, 0.0.5, DH Python tools for scraping web pages, pre-processing data, and performing nlp analysis quickly., 2018-05-24T13:25:53+0000
/project/cltk/, cltk, 1.0.11, The Classical Language Toolkit, 2021-04-13T02:45:30+0000
/project/betacode/, betacode, 1.0, Betacode to Unicode converter., 2020-03-09T06:54:05+0000
/project/baruwa/, baruwa, 2.0.9, Ajax enabled MailScanner web frontend, 2015-08-29T09:50:59+0000
/project/wammu/, wammu, 0.44, Wammu Mobile Phone Manager, 2018-01-05T14:40:34+0000
/project/romanize/, Romanize, 1.0.2, Transcribe Greek text to Latin alphabet using the ISO 843:1997 standard (also known as ELOT 743:1987), 2017-12-11T13:21:14+0000
/project/potranslator/, potranslator, 1.1.5, A python package to easily translate po and pot files in any language supported by Google Translate., 2018-07-28T05:53:06+0000
/project/tkbak/, tkbak, 1.0.7, Simple Backup Application, 2015-03-23T19:43:45+0000
/project/autocorrect/, autocorrect, 2.5.0, Spelling Corrector, 2021-04-21T19:07:13+0000
/project/sentence-splitter/, sentence-splitter, 1.4, Text to sentence splitter using heuristic algorithm by Philipp Koehn and Josh Schroeder, 2019-01-14T17:11:23+0000
/project/angel-tag/, angel-tag, 0.0.9, An Ancient Greek Morphology Tagger, 2021-02-04T20:41:41+0000
/project/numtogreek/, numtogreek, 1.0.3, Converts Numbers (Integers and Floats) to Greek Words., 2019-10-27T18:52:09+0000
/project/lumipallo/, lumipallo, 0.0.2, Snowball effect in language learning, 2020-12-20T20:13:04+0000
/project/polyglot/, polyglot, 16.7.4, Polyglot is a natural language pipeline that supports massive multilingual applications., 2016-07-03T20:05:40+0000
/project/transliterate/, transliterate, 1.10.2, Bi-directional transliterator for Python, 2018-09-17T20:52:37+0000
/project/text-fabric/, text-fabric, 8.4.14, Processor and browser for Text Fabric Data, 2021-04-20T06:00:35+0000
/project/pyskroutz/, pyskroutz, 0.1.10, A Python client for Skroutz API., 2021-03-21T21:41:13+0000
/project/pydatagovgr/, pydatagovgr, 0.1.8, A Pythonic client for the official https://data.gov.gr API., 2021-04-02T21:03:20+0000
/project/transliterate/, transliterate, 1.10.2, Bi-directional transliterator for Python, 2018-09-17T20:52:37+0000
/project/autocorrect/, autocorrect, 2.5.0, Spelling Corrector, 2021-04-21T19:07:13+0000
/project/snowballstemmer/, snowballstemmer, 2.1.0, This package provides 29 stemmers for 28 languages generated from Snowball algorithms., 2021-01-21T11:43:00+0000
/project/ffmulticonverter/, ffmulticonverter, 1.2.0, GUI File Format Converter, 2011-12-05T11:57:32+0000
/project/dhelp/, dhelp, 0.0.5, DH Python tools for scraping web pages, pre-processing data, and performing nlp analysis quickly., 2018-05-24T13:25:53+0000
/project/cltk/, cltk, 1.0.11, The Classical Language Toolkit, 2021-04-13T02:45:30+0000
/project/baruwa/, baruwa, 2.0.9, Ajax enabled MailScanner web frontend, 2015-08-29T09:50:59+0000
/project/romanize/, Romanize, 1.0.2, Transcribe Greek text to Latin alphabet using the ISO 843:1997 standard (also known as ELOT 743:1987), 2017-12-11T13:21:14+0000
/project/betacode/, betacode, 1.0, Betacode to Unicode converter., 2020-03-09T06:54:05+0000
/project/wammu/, wammu, 0.44, Wammu Mobile Phone Manager, 2018-01-05T14:40:34+0000
/project/potranslator/, potranslator, 1.1.5, A python package to easily translate po and pot files in any language supported by Google Translate., 2018-07-28T05:53:06+0000
/project/tkbak/, tkbak, 1.0.7, Simple Backup Application, 2015-03-23T19:43:45+0000
/project/pydatagovgr/, pydatagovgr, 0.1.8, A Pythonic client for the official https://data.gov.gr API., 2021-04-02T21:03:20+0000
/project/turbolucene/, TurboLucene, 0.2.2, TurboLucene is a TurboGears extension that allows applications to easily use the PyLucene full-text search engine., 2007-05-17T02:10:23+0000
/project/iso8583-module/, ISO8583-Module, 1.3, ISO8583 LIBRARY, 2013-10-07T13:09:18+0000
/project/transliterate/, transliterate, 1.10.2, Bi-directional transliterator for Python, 2018-09-17T20:52:37+0000
/project/text-fabric/, text-fabric, 8.4.14, Processor and browser for Text Fabric Data, 2021-04-20T06:00:35+0000
/project/pyskroutz/, pyskroutz, 0.1.10, A Python client for Skroutz API., 2021-03-21T21:41:13+0000
/project/sentence-splitter/, sentence-splitter, 1.4, Text to sentence splitter using heuristic algorithm by Philipp Koehn and Josh Schroeder, 2019-01-14T17:11:23+0000
/project/angel-tag/, angel-tag, 0.0.9, An Ancient Greek Morphology Tagger, 2021-02-04T20:41:41+0000
/project/numtogreek/, numtogreek, 1.0.3, Converts Numbers (Integers and Floats) to Greek Words., 2019-10-27T18:52:09+0000
/project/lumipallo/, lumipallo, 0.0.2, Snowball effect in language learning, 2020-12-20T20:13:04+0000
/project/turbolucene/, TurboLucene, 0.2.2, TurboLucene is a TurboGears extension that allows applications to easily use the PyLucene full-text search engine., 2007-05-17T02:10:23+0000
/project/iso8583-module/, ISO8583-Module, 1.3, ISO8583 LIBRARY, 2013-10-07T13:09:18+0000
