/project/wfcommons/, wfcommons, 0.5, Community Framework for Enabling Scientific Workflow Research and Education, 2021-04-25T01:51:32+0000
/project/chios/, chios, 0.1.5, A collection of Sphinx extensions., 2019-11-07T06:23:52+0000
/project/sphinx-charts/, sphinx-charts, 0.0.4, Interactive charts, graphs and figures for Sphinx HTML docs., 2020-09-09T12:06:23+0000
/project/rstfmt/, rstfmt, 0.0.8, A formatter for reStructuredText, 2021-03-30T07:00:00+0000
/project/sphinxcontrib-googlemaps/, sphinxcontrib-googlemaps, 0.1.0, Sphinx "googlemaps" extension, 2012-08-30T04:01:22+0000
/project/an-discordbot/, AN-DiscordBot, 3.9.4, A highly customisable Discord bot, 2019-05-13T21:00:20+0000
/project/pyresttable/, pyRestTable, 2020.0.3, Format a nice table in reST (reStructuredText) from Python, 2020-11-10T05:56:05+0000
/project/sphinx-autofixture/, sphinx-autofixture, 0.2.3, Sphinx autodocumenter for pytest fixtures., 2021-01-21T11:49:11+0000
/project/dewi-commands/, dewi-commands, 2.1.1, A toolchain and framework for everyday tasks, 2020-07-03T21:26:57+0000
/project/sphinxcontrib-fsharp/, sphinxcontrib-fsharp, 0.3.1, Sphinx extension to document F# libraries, 2019-04-20T06:25:28+0000
/project/sphinxcontrib-slide/, sphinxcontrib-slide, 0.3.0, Sphinx "slide" extension, 2014-08-21T12:45:24+0000
/project/picos-sphinx-theme/, picos-sphinx-theme, 0.0.34, A Sphinx theme for the PICOS documentation., 2021-02-09T23:07:35+0000
/project/sphinxcontrib-towncrier/, sphinxcontrib-towncrier, 0.2.0a0, An RST directive for injecting a Towncrier-generated changelog draft containing fragments for the unreleased (next) project version, 2021-04-14T12:38:42+0000
/project/property-manager3/, property-manager3, 2.3.1, Useful property variants for Python programming (required properties, writable properties, cached properties, etc), 2019-11-27T15:04:15+0000
/project/enum-tools/, enum-tools, 0.6.4, Tools to expand Python's enum module., 2021-02-09T07:39:19+0000
/project/pygenstub/, pygenstub, 2.0.1, Python stub file generator., 2021-02-13T12:25:53+0000
/project/sphinx-paw/, sphinx-paw, 0.4.1, Reduce Sphinx configuration steps, 2019-11-20T00:15:21+0000
/project/sphinx-hoverxref/, sphinx-hoverxref, 0.5b1, Sphinx extension to embed content in a tooltip on xref hover, 2020-06-30T11:02:06+0000
/project/ragnar/, ragnar, 0.3.2, lightweight Extract-Transform-Load (ETL) framework for Python 3+, 2020-07-27T18:15:31+0000
/project/sphinx-material-saltstack/, sphinx-material-saltstack, 1.0.5, Material sphinx theme for SaltStack documentation, 2020-08-04T15:55:44+0000
/project/pygtftk/, pygtftk, 1.2.7, The Python GTF toolkit (pygtftk) package: easy handling of GTF files, 2020-10-15T16:04:43+0000
/project/dewi-utils/, dewi-utils, 2.5.0, A toolchain and framework for everyday tasks, 2021-02-21T17:55:42+0000
/project/sphinxnotes-isso/, sphinxnotes-isso, 1.0, Sphinx extension for embeding Isso comments in documents, 2021-04-21T11:03:02+0000
/project/pcrunner/, pcrunner, 0.4.9, A module for running Passive Nagios/Icinga Checks, 2020-03-21T14:53:52+0000
/project/django-modelsdoc/, django-modelsdoc, 0.1.11, Create models definitions document from your Django project., 2019-11-28T06:44:41+0000
/project/sphinxcontrib-xbr/, sphinxcontrib-xbr, 0.1.0, XBR IDL extension for Sphinx, 2018-04-15T08:22:01+0000
/project/sphinxcontrib-imagehelper/, sphinxcontrib-imagehelper, 1.1.1, Sphinx extension helper about images, 2015-12-11T14:03:41+0000
/project/sphinxserve/, sphinxserve, 0.7.4, sphinxserve renders sphinx docs monitoring file changes, 2015-09-05T22:57:50+0000
/project/mediadecoder/, mediadecoder, 0.1.5, Moviepy based media decoding library, 2016-08-11T12:00:52+0000
/project/pyswmm/, pyswmm, 1.0.1, Python Wrapper for SWMM5 API, 2021-01-13T17:45:54+0000
/project/sphinxcontrib-details-directive/, sphinxcontrib-details-directive, 0.1.0, "details" directive for Sphinx, 2019-09-22T13:24:25+0000
/project/cookie-eater/, cookie-eater, 1.0.0, Browser Cookie Management, 2017-03-11T04:31:02+0000
/project/aioswitcher/, aioswitcher, 1.2.2, Switcher Water Heater Unofficial Bridge and API., 2021-01-11T09:02:14+0000
/project/sphinx-github-changelog/, sphinx-github-changelog, 1.0.8, Build a sphinx changelog from GitHub Releases, 2021-04-17T11:49:55+0000
/project/kq/, kq, 2.2.0, Kafka Job Queue for Python, 2021-02-09T10:23:04+0000
/project/sortorder/, sortorder, 2.0.6, Enable Sphinx to generate HTML5 valid files, 2015-07-04T03:54:18+0000
/project/default-values/, default-values, 0.4.3, Sphinx extension to show default values in documentation., 2021-03-09T18:58:08+0000
/project/sphinxcontrib-seqdiag/, sphinxcontrib-seqdiag, 2.0.0, Sphinx "seqdiag" extension, 2019-12-08T11:23:47+0000
/project/sphinxawesome-codelinter/, sphinxawesome-codelinter, 1.0.5, A Sphinx extension to pass reStructuredText code blocks to external tools., 2020-06-12T05:50:32+0000
/project/pureyaml/, pureyaml, 0.1.0, Yet another yaml parser, in pure python., 2015-12-28T20:31:16+0000
/project/swmmoutputapi/, SWMMOutputAPI, 0.2.1, Python Wrapper for SWMM5 Binary Output File, 2016-10-04T20:30:28+0000
/project/pybooru/, Pybooru, 4.2.2, Pybooru is a Python package to access to the API of Danbooru/Moebooru based sites., 2020-10-17T12:16:47+0000
/project/aio-tcpserver/, aio-tcpserver, 0.0.3, simple tools, 2018-01-28T05:26:17+0000
/project/sphinx-rst-builder/, sphinx-rst-builder, 0.0.3, Sphinx reStructuredText builder, 2020-01-18T15:17:05+0000
/project/property-manager/, property-manager, 3.0, Useful property variants for Python programming (required properties, writable properties, cached properties, etc), 2020-03-02T01:19:21+0000
/project/omnizart/, omnizart, 0.3.2, Omniscient Mozart, being able to transcribe everything in the music., 2021-02-13T09:27:16+0000
/project/sphinxcontrib-markdown/, sphinxcontrib-markdown, 0.1.0, Yet another markdown processor for Sphinx, 2015-12-30T09:43:04+0000
/project/sfchat/, SFChat, 0.13.0, Secure Free Chat (SFChat) is long pulling REST chat based on Django and Mongodb., 2016-12-18T18:49:34+0000
/project/sphinx-csharp/, sphinx-csharp, 0.1.8, C# domain for Sphinx, 2019-09-18T21:02:48+0000
/project/sphinx-a4doc/, sphinx-a4doc, 1.2.4, Sphinx domain and autodoc for Antlr4 grammars, 2020-12-14T16:54:18+0000
/project/sphinx-affiliates/, sphinx-affiliates, 0.2.1, Tools for integrating affiliated Sphinx sites, 2020-09-09T13:41:23+0000
/project/sphinx-tosca/, sphinx-tosca, 0.1.0, Sphinx ducumentation plugin for DICE TOSCA library, 2017-05-16T10:38:41+0000
/project/wurfapi/, wurfapi, 8.0.0, C++ Documentation generator., 2021-02-11T08:09:21+0000
/project/sphinxcontrib-lassodomain/, sphinxcontrib-lassodomain, 0.4, Lasso domain for Sphinx, 2016-09-08T15:49:55+0000
/project/sphinxcontrib-cf3domain/, sphinxcontrib-cf3domain, 0.1, Sphinx domain for CFEngine 3 policies., 2015-03-01T22:09:48+0000
/project/reslate/, reslate, 0.56.0, A command-line tool to automate generation of neatly-formatted Sphinx-based API documentation pages., 2021-04-13T18:14:20+0000
/project/niftools-sphinx-theme/, niftools-sphinx-theme, 0.3.3, A sphinx theme created to support niftools documentation, 2019-10-04T07:00:34+0000
/project/sphinxcontrib-paradoxy/, sphinxcontrib-paradoxy, 0.3.1, Adds links to Doxygen objects within Sphinx, 2017-12-21T22:02:33+0000
/project/sphinxcontrib-restbuilder/, sphinxcontrib-restbuilder, 0.3, Sphinx extension to output reST files., 2021-02-28T14:37:44+0000
/project/simple-spiders/, simple-spiders, 0.1.5, A simple web crawling framework., 2019-03-12T07:52:29+0000
/project/sphinx-navigation-icons/, sphinx-navigation-icons, 0.1.1, Add image/font responsive icons to your Sphinx sidebar toctree, 2021-03-18T17:05:12+0000
/project/sphinx-alice-theme/, sphinx-alice-theme, 0.1.0, Provides the Alice theme for Sphinx projects., 2020-02-29T21:11:27+0000
/project/django-exchange-docs/, django-exchange-docs, 1.1.3, A Django wrapper for Boundless Exchange Documentation., 2017-02-06T21:11:11+0000
/project/sphinx-testing/, sphinx-testing, 1.0.1, testing utility classes and functions for Sphinx extensions, 2019-04-15T14:51:55+0000
/project/nwb-docutils/, nwb-docutils, 0.3.1, Collection of CLIs, scripts and modules useful to generate the NWB documentation, 2019-05-19T00:20:56+0000
/project/sanic-aioorm/, sanic-aioorm, 0.0.5, a simple sanic middleware for aioorm, 2017-08-15T01:52:52+0000
/project/rtd-redirects/, rtd-redirects, 1.1.0, Manage redirects in the ReadTheDocs admin, programmatically, 2020-11-27T11:04:11+0000
/project/sphinxcontrib-varlinks/, sphinxcontrib-varlinks, 0.1.4, Support substitutions in Sphinx hyperlinks, 2017-12-21T22:01:31+0000
/project/sphinxcontrib-log-cabinet/, sphinxcontrib-log-cabinet, 1.0.1, Organize changelog directives in Sphinx docs., 2019-07-05T23:22:32+0000
/project/nomenclate/, nomenclate, 2.4.4, A tool for generating strings based on a preset naming convention., 2018-04-03T21:13:21+0000
/project/sphinxcontrib-getstart-sphinx/, sphinxcontrib-getstart-sphinx, 1.0.0, Sphinx extensions for "Getting Started with Sphinx 2nd Edition", 2018-02-15T03:10:51+0000
/project/sphinxcontrib-nwdiag/, sphinxcontrib-nwdiag, 2.0.0, Sphinx "nwdiag" extension, 2019-12-10T17:02:12+0000
/project/ot-batman/, ot-batman, 1.9.1, BATMAN: Statistical analysis for expensive computer codes made easy, 2019-03-08T11:07:47+0000
/project/moderngl-beta/, ModernGL-beta, 5.0.2, ModernGL: PyOpenGL alternative, 2017-11-21T05:42:23+0000
/project/sphinxcontrib-nicovideo/, sphinxcontrib-nicovideo, 0.1.1, Sphinx "nicovideo" extension, 2016-12-02T13:00:48+0000
/project/ovisbot/, ovisbot, 2.0.0, A modular Discord bot for CTF teams, 2020-09-03T21:32:02+0000
/project/moprofiler/, moprofiler, 1.1.0, ÁªºÂêàÊÄßËÉΩÂàÜÊûêÂ∑•ÂÖ∑ÔºåÈõÜÊàê‰∫ÜÂÜÖÂ≠ò‰ΩøÁî®„ÄÅÊâßË°åÊó∂Èó¥ÁöÑÂàÜÊûêÂô®ÔºåÂèäÁßíË°®ÊâìÁÇπÂ∑•ÂÖ∑, 2019-02-20T08:39:18+0000
/project/sdss-target-selection/, sdss-target-selection, 0.2.2, Code to perform target selection for BHM/MWM using catalogdb, 2021-03-29T22:07:27+0000
/project/pygments-markdown-lexer/, pygments-markdown-lexer, 0.1.0.dev39, Pygments Markdown Lexer ‚Äì A Markdown lexer for Pygments to highlight Markdown code snippets., 2015-07-06T11:08:08+0000
/project/sphinxmark/, sphinxmark, 0.2.1, A Sphinx extension that enables watermarks for HTML output., 2021-03-02T02:56:51+0000
/project/unicode-ids/, unicode_ids, 2.0.5, Enable Sphinx to generate non-ASCII identifiers, 2015-07-04T03:47:27+0000
/project/sphinxcontrib-argdoc/, sphinxcontrib-argdoc, 0.1.3, Sphinx, 2015-07-08T20:45:26+0000
/project/ebook-homebrew/, ebook-homebrew, 2.1.4, Rename image file to only digit name and convert ebook files., 2019-09-28T14:52:59+0000
/project/sphinx-vcs-changelog/, sphinx-vcs-changelog, 0.1.1, Project Git Changelog for Sphinx, 2019-09-27T09:09:11+0000
/project/skuidsphinxtheme/, SkuidSphinxTheme, 1.0.23, Sphinx Theme for Skuid, 2019-10-07T21:18:59+0000
/project/sphinxcontrib-htmlhelp/, sphinxcontrib-htmlhelp, 1.0.3, sphinxcontrib-htmlhelp is a sphinx extension which renders HTML help files, 2020-02-21T17:10:00+0000
/project/sphinxcontrib-imgur/, sphinxcontrib-imgur, 2.0.1, Sphinx extension that embeds Imgur images, albums, and their metadata in documents., 2016-10-16T05:44:36+0000
/project/sphinxcontrib-cacoo/, sphinxcontrib-cacoo, 2.0.0, Sphinx "cacoo" extension; embed diagram from cacoo, 2018-04-12T14:30:50+0000
/project/sphinxcontrib-astah/, sphinxcontrib-astah, 1.0.0, Sphinx "astah" extension; embed diagram by using astah, 2015-06-26T08:22:50+0000
/project/zoop-wrapper/, zoop-wrapper, 0.5.2, Cliente n√£o oficial Zoop, 2021-01-21T19:37:21+0000
/project/gxsphinx/, GxSphinx, 1.0.0, Python documentation generator, 2020-08-04T03:07:53+0000
/project/asyncio-executor/, asyncio-executor, 0.0.4, asyncio-executor, 2018-07-29T15:35:28+0000
/project/mlx-robot2rst/, mlx.robot2rst, 2.0.2, Python script for converting a Robot Framework file to a reStructuredText (.rst) file, 2020-10-28T13:22:31+0000
/project/anbot/, ANBOT, 3.1.0, A highly customisable Discord bot, 2019-05-14T23:02:11+0000
/project/sphinx-modern-theme-modified/, sphinx_modern_theme_modified, 1.0.5, A modern sphinx theme using Bootstrap, 2019-02-08T18:12:06+0000
/project/sphinx-reredirects/, sphinx-reredirects, 0.0.0, Handles redirects for moved pages in Sphinx documentation projects, 2020-09-09T11:03:04+0000
/project/dewi-realtime-sync/, dewi-realtime-sync, 2.0.0, DEWI realtime sync framework: synchronize a directory to another or to a server, 2019-01-22T13:49:56+0000
/project/saw/, SAW, 0.1.1, SAW, a Python SimFin API Wrapper, 2019-02-18T19:12:15+0000
/project/pylons-sphinx-themes/, pylons-sphinx-themes, 1.0.13, Sphinx themes for Pylons Project documentation., 2020-11-30T11:28:25+0000
/project/flinx/, flinx, 0.2.0, Configuration-free Python doc generation via Sphinx., 2018-06-17T19:45:50+0000
/project/sphinx-argparse/, sphinx-argparse, 0.2.5, A sphinx extension that automatically documents argparse commands and options, 2018-11-14T14:08:08+0000
/project/sphinx-graphml/, sphinx-graphml, 0.1b5, GraphML charts embedding extension for Sphinx, 2019-04-29T00:49:28+0000
/project/music-scraper/, music_scraper, 1.1.0, Gets Songs from the web and allows users to download the same, 2016-07-29T16:10:44+0000
/project/sphinxext-opengraph/, sphinxext-opengraph, 0.4.1, Sphinx Extension to enable OGP support, 2021-01-30T04:40:23+0000
/project/sphinx-sagecell-ext/, sphinx-sagecell-ext, 0.1rc4, The Sphinx extension embedding a Sage cell into a webpage, 2015-12-04T13:11:46+0000
/project/sphinxcontrib-imageembed/, sphinxcontrib-imageembed, 0.2.1, Embed images directly into generated html docs., 2018-10-12T13:26:09+0000
/project/sphinx-removed-in/, sphinx-removed-in, 0.2.1, versionremoved and removed-in directives for Sphinx, 2019-11-09T21:37:01+0000
/project/sphinxcontrib-email/, sphinxcontrib-email, 0.3.5, Sphinx email obfuscation extension, 2021-01-18T17:50:55+0000
/project/releases/, releases, 1.6.3, A Sphinx extension for changelog manipulation, 2020-01-11T00:29:49+0000
/project/dewi/, dewi, 2.1.0, DEWI - A toolchain and framework for everyday tasks, 2020-07-03T21:32:30+0000
/project/sphinxcontrib-prettyspecialmethods/, sphinxcontrib-prettyspecialmethods, 0.1.0, Shows special methods as the python syntax that invokes them, 2020-06-21T11:55:56+0000
/project/sphinxcontrib-disqus/, sphinxcontrib-disqus, 1.1.0, Sphinx extension that embeds Disqus comments in documents., 2016-08-04T08:32:13+0000
/project/scorecardmodel/, ScoreCardModel, 1.1.3, simple tools for score card model, 2017-12-11T01:38:06+0000
/project/sphinx-json-schema-formatter/, sphinx-json-schema-formatter, 0.3, JSON Schema renderer for Sphinx, 2021-03-14T00:31:36+0000
/project/epipylib/, epipylib, 0.1.0-2, Epidemic model library for fitting epidemic models., 2016-09-25T12:11:20+0000
/project/aio-windows-patch/, aio_windows_patch, 0.0.1, simple tools, 2018-01-25T12:55:49+0000
/project/sphinxcontrib-commonmark/, sphinxcontrib-commonmark, 0.1.0, Yet another commonmark processor for Sphinx, 2019-04-21T08:42:22+0000
/project/moear-api-common/, moear-api-common, 1.0.2.post2, ‰∏∫MoEarÊâ©Â±ïÊèí‰ª∂Êèê‰æõÊé•Âè£ÂÆö‰πâ‰ª•ÂèäÈÄöÁî®ÁªÑ‰ª∂, 2018-04-08T14:03:43+0000
/project/sphinx-js/, sphinx-js, 3.1.2, Support for using Sphinx on JSDoc-documented JS code, 2021-04-15T18:13:11+0000
/project/auto-behave/, auto-behave, 0.0.7, A sphinx extension for behave to auto document, 2020-02-11T03:29:30+0000
/project/word2number/, word2number, 1.1, Convert number words eg. three hundred and forty two to numbers (342)., 2017-06-02T15:45:14+0000
/project/python-arango/, python-arango, 7.1.0, Python Driver for ArangoDB, 2021-02-25T07:51:48+0000
/project/sphinxcontrib-jsonschema/, sphinxcontrib-jsonschema, 0.9.3, Sphinx extension to define data structure using JSON Schema, 2017-02-25T09:18:04+0000
/project/sphinxcontrib-svgbob/, sphinxcontrib-svgbob, 0.1.1, A Sphinx extension to convert ASCII diagrams to SVGs with Svgbob., 2021-04-14T16:49:41+0000
/project/sphinx-papyrus-theme/, sphinx-papyrus-theme, 0.0.1.dev0, A modern and responsive sphinx theme for live documentations., 2021-02-28T15:11:40+0000
/project/pypartten/, pypartten, 0.0.2, design patterns tools for python., 2018-05-29T10:03:07+0000
/project/sphinx-configurator/, sphinx-configurator, 0.0.0.dev0, Manage your sphinx plugin's directive settings with ease, 2019-05-07T11:52:28+0000
/project/bb-wrapper/, bb-wrapper, 0.1.3, Cliente n√£o oficial da API do Banco do Brasil, 2021-01-29T18:17:55+0000
/project/sphinx-docxbuilder/, sphinx-docxbuilder, 2019.1.28.post1, An extension for a docx file generation with Sphinx (Fork of https://bitbucket.org/haraisao/sphinx-docxbuilder), 2019-01-28T14:02:09+0000
/project/sdss-mangadap/, sdss-mangadap, 2.5.2, MaNGA Data Analysis Pipeline, 2020-02-14T17:43:15+0000
/project/ants-client/, ants-client, 3.0.5, ANTS Framework client, 2020-10-23T19:41:19+0000
/project/peng3d-sphinxext/, peng3d_sphinxext, 1.0.post1, Sphinx Extension adding Support for peng3d events, 2017-05-27T17:40:54+0000
/project/sphinxnotes-snippet/, sphinxnotes-snippet, 1.0b5, Non-intrusive snippet manager for Sphinx documentation, 2021-04-20T15:55:59+0000
/project/sphinxcontrib-trimblank/, sphinxcontrib-trimblank, 1.0.2, A Sphinx extension which trims redundant blanks, 2019-09-07T11:35:52+0000
/project/docs-versions-menu/, docs-versions-menu, 0.5.0rc2, A versions menu for Sphinx-based documentation, 2021-04-04T22:07:02+0000
/project/mlx-coverity/, mlx.coverity, 0.2.2, Sphinx coverity extension from Melexis, 2019-11-28T10:15:13+0000
/project/sphinxcontrib-websupport-lean/, sphinxcontrib-websupport-lean, 2.0.0.dev20170818, Sphinx API for Web Apps, 2017-08-18T16:05:19+0000
/project/tebe/, tebe, 0.2.2, Tebe is a simple but powerful editor for Markdown and reStructuredText markup languages with Sphinx and Rst2Pdf power included, 2020-11-12T21:51:43+0000
/project/btd-sphinx-inheritance-diagram/, btd.sphinx.inheritance-diagram, 2.3.1.post1, Embedding diagrams rendered with inheritance_diagram., 2020-01-12T16:31:34+0000
/project/fuzzy-types/, fuzzy-types, 0.1.1, fuzzywuzzy-based utilities and data structures, 2020-04-17T15:32:19+0000
/project/alveolus/, alveolus, 0.1.2, Alveolus Docs,provides a very simple way, to create read the docs alike documentation for c++ projects.With the help of breathe and exhale it combines Doxygen and sphinx to enable tou to createcode documentation as well as custom documentation files, 2020-08-16T14:47:00+0000
/project/ohnoyoudidnt/, ohnoyoudidnt, 0.1, doc8 linter for frc-docs, 2020-12-24T20:01:28+0000
/project/autodoc-pydantic/, autodoc-pydantic, 1.1.0, Seamlessly integrate pydantic models in your Sphinx documentation., 2021-04-24T19:11:07+0000
/project/sdss-brain/, sdss-brain, 0.3.1, Core Brain for SDSS, 2020-11-20T20:31:08+0000
/project/sphinxcontrib-packages/, sphinxcontrib-packages, 1.0.1, This packages contains the Packages sphinx extension, which provides directives to display packages installed on the host machine, 2018-01-01T08:34:21+0000
/project/clustercron/, clustercron, 0.6.2, Cron job wrapper that ensures a script gets run from one node in the cluster., 2020-04-02T00:35:47+0000
/project/mohand-plugin-otp/, mohand-plugin-otp, 1.0.0.post0, MoHandÊèí‰ª∂ÔºåÁî®‰ª•Êèê‰æõÂÆöÂà∂ÂåñÁöÑ‰∏ÄÊ¨°ÊÄßÂØÜÁ†ÅÁîüÊàêÊúçÂä°, 2018-05-27T14:10:47+0000
/project/flask-github-proxy/, flask_github_proxy, 0.0.2, Plugin to build services to push data from a website to github with PullRequests confirmation, 2017-01-19T14:29:49+0000
/project/sphinxcontrib-scm/, sphinxcontrib-scm, 0.1.2, Sphinx SCM interface, 2020-10-06T10:48:15+0000
/project/tokipona/, tokipona, 0.1b0, A package for dealing with toki pona: vim syntax highlighting, tokipona wordnets, analysis of the vocabulary, synthesis of texts, 2018-02-12T16:37:54+0000
/project/sdss-tree/, sdss-tree, 3.0.7, Control and setup of SDSS tree environment and modules, 2021-03-05T19:20:03+0000
/project/domdf-sphinx-theme/, domdf-sphinx-theme, 21.1.0, Customised 'sphinx_rtd_theme' used by my Python projects., 2021-04-19T20:34:17+0000
/project/sphinxcontrib-googlechart/, sphinxcontrib-googlechart, 0.2.1, Sphinx "googlechart" extension, 2015-04-01T02:32:50+0000
/project/crl-doc/, crl.doc, 2.0.1, Documenation tools for Common Robot Libraries, 2019-09-06T07:59:18+0000
/project/openvas-reporting/, OpenVAS-Reporting, 1.4.3, A tool to convert OpenVAS XML into reports., 2019-04-08T14:57:15+0000
/project/sphinxcontrib-pandoc-markdown/, sphinxcontrib-pandoc-markdown, 1.6.8, Yet another markdown processor for Sphinx, 2017-05-26T23:12:39+0000
/project/jgrapht/, jgrapht, 1.5.0.3, JGraphT graph library, 2020-11-17T21:18:34+0000
/project/erratum/, erratum, 0.1.1, User friendly errors, 2018-04-29T14:42:39+0000
/project/sdss-access/, sdss-access, 1.1.1, Package to dynamically build filepaths and access all SDSS SAS products, 2020-11-11T18:15:28+0000
/project/sphinx-html5-basic-theme/, sphinx_html5_basic_theme, 1.0.5, Enable Sphinx to generate HTML5 valid files, 2015-06-19T02:12:13+0000
/project/sanic-mail/, sanic-mail, 0.0.2, async email sender for sanic, 2018-04-03T11:51:25+0000
/project/sphinx-versions/, sphinx-versions, 1.1.3, Sphinx extension that allows building versioned docs for self-hosting., 2019-07-18T14:13:57+0000
/project/syzygy-docs-themes/, syzygy-docs-themes, 0.1.0.dev1, Sphinx themes for the documentation of Kogia, Caperea and Stenella., 2020-07-19T10:46:44+0000
/project/sphinxcontrib-versioning/, sphinxcontrib-versioning, 2.2.1, Sphinx extension that allows building versioned docs for self-hosting., 2016-12-10T09:45:36+0000
/project/docinit/, docinit, 0.1.5, Bootstrap your Sphinx documentation, 2020-05-27T15:52:36+0000
/project/sphinxcontrib-googledrive/, sphinxcontrib-googledrive, 0.1.0, Sphinx "Google Drive" extension; embed images on Google Drive, 2018-10-13T14:25:13+0000
/project/sphinx-yellowblue-theme/, sphinx-yellowblue-theme, 0.0.1.dev0, sphinx theme for yellowblue projects, 2020-07-23T22:26:06+0000
/project/sdss-flicamera/, sdss-flicamera, 0.1.2, A library to control Finger Lakes Instrumentation cameras., 2020-12-08T03:58:35+0000
/project/docxbuilder/, docxbuilder, 1.2.0, Sphinx docx builder extension, 2020-05-15T05:45:13+0000
/project/sphinx-autodoc-typehints/, sphinx-autodoc-typehints, 1.12.0, Type hints (PEP 484) support for the Sphinx autodoc extension, 2021-04-15T00:21:35+0000
/project/sphinxcontrib-inherit/, sphinxcontrib-inherit, 0.1.0, A Sphinx extension that allows documentation to be created in a modular way., 2020-01-13T14:37:43+0000
/project/sphinxcontrib-proof/, sphinxcontrib-proof, 1.3.0, This packages contains the Proof sphinx extension, which provides directives to typeset theorems, lemmas, proofs, etc., 2020-04-28T07:13:47+0000
/project/trait-documenter/, trait_documenter, 1.1.0, Autodoc extention for documenting traits, 2016-11-09T13:05:11+0000
/project/pweave/, Pweave, 0.30.3, Scientific reports with embedded python computations with reST, LaTeX or markdown, 2018-07-26T07:09:59+0000
/project/sphinx-jdlinker/, sphinx-JDLinker, 1.4, A sphinx extension designed to allow you to create links to a JavaDoc website from your sphinx documentation., 2019-10-06T19:52:46+0000
/project/datacommon/, datacommon, 1.1.7, A simple framework about data analysis., 2019-06-05T10:09:48+0000
/project/sphinx-revealjs/, sphinx-revealjs, 1.1.0, Sphinx extension with theme to generate Reveal.js presentation, 2021-04-04T09:57:05+0000
/project/pydocstring-coverage/, pydocstring-coverage, 1.0.5, Utility for examining python source files to ensure proper documentation. Lists missing docstrings, and calculates overall docstring coverage percentage rating, 2020-03-07T23:21:48+0000
/project/sphinx-modern-theme/, sphinx-modern-theme, 1.0.5, A modern sphinx theme using Bootstrap, 2016-12-03T02:29:31+0000
/project/markovpy/, MarkovPy, 0.5.14, A simple Markovchain-Implementation, 2016-08-13T17:08:14+0000
/project/flask-sphinx-themes/, Flask-Sphinx-Themes, 1.0.2, Sphinx themes for Flask and related projects., 2017-11-30T18:01:58+0000
/project/esbonio/, esbonio, 0.5.1, Sphinx extension that helps to explain things., 2021-04-20T19:18:22+0000
/project/boolean-parser/, boolean-parser, 0.1.1, Package for parsing strings containing conditional boolean logic, 2020-11-13T22:07:51+0000
/project/sdss-basecam/, sdss-basecam, 0.4.2, A base library for camera wrapping and actor., 2021-02-16T20:36:15+0000
/project/docstrfmt/, docstrfmt, 1.1.0, A formatter for Sphinx flavored reStructuredText., 2021-02-18T21:29:14+0000
/project/sphinxcontrib-jsmath/, sphinxcontrib-jsmath, 1.0.1, A sphinx extension which renders display math in HTML via JavaScript, 2019-01-21T16:10:14+0000
/project/pypeit/, pypeit, 1.4.0, PypeIt Spectroscopic Reduction, 2021-04-23T16:26:27+0000
/project/sphinx-django-theme/, sphinx-django-theme, 0.0.1.dev0, sphinx theme for django projects, 2020-07-23T17:51:26+0000
/project/sphinx-json-schema/, sphinx-json-schema, 0.1b6, JSON Schema renderer for Sphinx, 2019-03-31T02:06:22+0000
/project/sphinxcontrib-apiblueprint/, sphinxcontrib-apiblueprint, 0.9.0, Sphinx extension to create API docs using API Blueprint, 2016-08-06T06:51:51+0000
/project/wordembeddingloader/, WordEmbeddingLoader, 0.2.1, Loaders and savers for different implentations of word embedding., 2017-11-05T01:55:48+0000
/project/django-exchange-themes/, django-exchange-themes, 1.0.3, A Django Application for Boundless Exchange Themes., 2016-11-22T22:50:58+0000
/project/giit/, giit, 6.1.0, Wrapper git to automate running scripts., 2021-03-10T09:17:58+0000
/project/sphinxcontrib-simpleversioning/, sphinxcontrib-simpleversioning, 0.0.2, Sphinx extension that adds version selection., 2019-02-14T00:48:03+0000
/project/sphinx-rego/, sphinx-rego, 0.0.1, A sphinx extension that automatically documents Open Policy Agent Rego policies using the _rego_metadoc_ property., 2021-04-20T19:06:28+0000
/project/sphinx-toolbox/, sphinx-toolbox, 2.6.1, Box of handy tools for Sphinx üß∞ üìî, 2021-04-24T08:57:36+0000
/project/typesafety/, typesafety, 2.1.2, Type safety checker for Python3, 2018-03-06T16:28:19+0000
/project/rotki-releases/, rotki-releases, 2.0.1, A Sphinx extension for changelog manipulation -- Rotki fork, 2020-04-11T10:22:35+0000
/project/hein/, hein, 0.2.3, Advanced Subscriber-Publisher Socket Communication, 2018-04-27T02:35:59+0000
/project/sphinxcontrib-apidoc/, sphinxcontrib-apidoc, 0.3.0, A Sphinx extension for running 'sphinx-apidoc' on each build, 2018-10-04T08:37:01+0000
/project/reusables/, reusables, 0.9.6, Commonly Consumed Code Commodities, 2020-09-26T15:46:56+0000
/project/sphinx-autodoc-types/, sphinx-autodoc-types, 3.0.1, Type hints (PEP 484) support for the Sphinx autodoc extension (comments too), 2019-06-05T11:43:15+0000
/project/waliki/, waliki, 0.8.1, An extensible wiki app for Django with a Git backend, 2017-03-26T23:17:57+0000
/project/sphinx-last-updated-by-git/, sphinx-last-updated-by-git, 0.3.0, Get the "last updated" time for each Sphinx page from Git, 2021-02-09T10:26:34+0000
/project/lazydoc/, lazydoc, 1.0.1, , 2016-12-21T10:02:20+0000
/project/sphinxcontrib-trio/, sphinxcontrib-trio, 1.1.2, Make Sphinx better at documenting Python functions and methods, 2020-05-04T16:44:35+0000
/project/sphinx-litprog/, sphinx-litprog, 0.1.1, A literate programming extension for Sphinx, 2019-03-22T15:27:59+0000
/project/add-juniper-software/, add-juniper-software, 1.0.3, A CLI tool to install software on a remote JunOS machine., 2021-02-15T22:21:16+0000
/project/renderthreads/, renderthreads, 0.3.5, Package that enables easy command-line multithreaded rendering for Nuke., 2015-07-25T15:02:10+0000
/project/opensesame-plugin-media-player-vlc/, opensesame-plugin-media_player_vlc, 2.0.0, Media player plugin for OpenSesame, based on VLC player, 2016-07-11T13:46:48+0000
/project/sphinxcontrib-nvd3/, sphinxcontrib.nvd3, 0.2.1, Sphinx chart extension using NVD3.js., 2021-02-16T04:21:10+0000
/project/aio-parallel-tools/, aio_parallel_tools, 0.0.1, simple tools, 2019-11-11T15:26:15+0000
/project/imopay-wrapper/, imopay-wrapper, 0.0.10, Cliente oficial imobanco, 2020-10-28T15:43:18+0000
/project/msproteomicstools/, msproteomicstools, 0.11.0, Tools for MS-based proteomics, 2019-07-16T21:16:06+0000
/project/colorpedia/, colorpedia, 1.2.3, CLI for Color Lookups, 2021-03-22T02:36:39+0000
/project/sdss-archon/, sdss-archon, 0.2.1, A library and actor to communicate with an STA Archon controller., 2021-04-07T07:37:40+0000
/project/marvin-brain/, marvin-brain, 0.2.0, Core Marvin Brain for SDSS, 2020-09-29T17:16:45+0000
/project/prettyetc-qt/, prettyetc-qt, 0.4.0, See your configuration files using a pretty and universal interface., 2020-06-07T17:36:35+0000
/project/pytest-check-links/, pytest-check-links, 0.5.1, Check links in files, 2021-04-08T10:48:11+0000
/project/workflowhub/, workflowhub, 0.4, Community Framework for Enabling Scientific Workflow Research and Education, 2021-01-02T18:13:54+0000
/project/moear/, moear, 1.0.0a2, Áî®Êù•ÂÆûÁé∞ÂØπÁΩëÁªúÊñáÁ´†ÁöÑÁà¨Âèñ„ÄÅmobiÊâìÂåÖ„ÄÅÂπ∂Êé®ÈÄÅÂà∞KindleËÆæÂ§á‰∏ä, 2018-04-12T13:46:06+0000
/project/docstr-coverage/, docstr-coverage, 2.0.1, Utility for examining python source files to ensure proper documentation. Lists missing docstrings, and calculates overall docstring coverage percentage rating., 2021-03-03T16:52:43+0000
/project/doxyphp2sphinx/, doxyphp2sphinx, 1.0.1, API Documentation generator for PHP projects which use Sphinx., 2018-05-20T02:40:16+0000
/project/soif/, soif, 1.0.4, Software for Optical Interferometry Fitting, 2017-02-24T17:19:28+0000
/project/sphinxcontrib-wiki/, sphinxcontrib-wiki, 0.5.0, Assemble sections into wiki pages in sphinx documents, 2018-04-20T19:19:21+0000
/project/pmfp/, pmfp, 3.1.1, a simple package manager for python like npm., 2019-12-26T11:14:21+0000
/project/sphinx-stylo/, sphinx-stylo, 0.1.1, Insert images into Sphinx documentation using inline code and stylo, 2018-10-28T20:33:40+0000
/project/sphinxcontrib-asyncio/, sphinxcontrib-asyncio, 0.3.0, sphinx extension to support coroutines in markup, 2020-08-19T09:44:57+0000
/project/opticslab/, OpticsLab, 0.0.0, Simulate Optics Physics Experements, 2020-04-19T05:26:37+0000
/project/ssh-config-json/, ssh-config-json, 1.0.1, Dump JSON for your ssh config include IdentityFiles and restore those., 2020-12-04T21:30:44+0000
/project/sphinx-susiai-theme/, sphinx-susiai-theme, 0.0.1, A Sphinx theme specific to SUSI AI's Projects, 2017-08-14T16:11:02+0000
/project/sphinx-fossasia-theme/, sphinx-fossasia-theme, 0.0.4, A Sphinx theme specific to FOSSASIA's Projects, 2017-08-01T11:40:39+0000
/project/bolditalic/, bolditalic, 0.1.4, **DEPRECATED** A Sphinx extension that enables inline bold + italic., 2016-12-23T04:02:08+0000
/project/plotpy/, plotpy, 1.2.0, Plotpy is a library which results from merge of guidata and guiqwt., 2021-04-13T14:27:48+0000
/project/beanbag-docutils/, beanbag-docutils, 1.8, Sphinx utility modules for Beanbag's documentation format., 2021-02-28T07:21:25+0000
/project/sphinx-jsonschema/, sphinx-jsonschema, 1.16.8, Sphinx extension to display JSON Schema, 2021-03-23T16:38:07+0000
/project/sphinx-debuginfo/, sphinx-debuginfo, 0.2.1, A Sphinx extension to include debugging information in the output., 2021-04-17T12:28:12+0000
/project/sphinxcontrib-blockdiag/, sphinxcontrib-blockdiag, 2.0.0, Sphinx "blockdiag" extension, 2019-12-08T10:22:35+0000
/project/sdss-clu/, sdss-clu, 0.8.1, A new protocol for SDSS actors., 2021-04-10T20:50:08+0000
/project/sphinxcontrib-actdiag/, sphinxcontrib-actdiag, 2.0.0, Sphinx "actdiag" extension, 2019-12-08T16:37:10+0000
/project/mlx-traceability/, mlx.traceability, 7.4.0, Sphinx traceability extension (Melexis fork), 2021-04-21T20:05:38+0000
/project/blue-discordbot/, Blue-DiscordBot, 3.2.0, A highly customisable Discord bot, 2019-05-16T01:34:18+0000
/project/django-windowsauth/, django-windowsauth, 1.4.0, Easy integration and deployment of Django projects into Windows Environments., 2021-02-20T04:12:29+0000
/project/sphinxnotes-strike/, sphinxnotes-strike, 1.0, Sphinx extension for HTML strikethrough text support, 2021-02-13T06:44:02+0000
/project/sphinxcontrib-ros/, sphinxcontrib-ros, 0.0.4, Sphinx extension forROS(Robot Operating System) documentation, 2016-02-22T21:02:26+0000
/project/doxycast/, doxycast, 2.0.0, Generate reStructuredText documentations from your C++ sources, 2021-01-18T14:15:33+0000
/project/py2annotate/, py2annotate, 1.1.1, An extension to Sphinx :code:`autodoc` to augment Sphinx documentation with type annotations, when using Python 2 style type annotations., 2019-09-11T10:11:51+0000
/project/sdss-marvin/, sdss-marvin, 2.6.0, Toolsuite for dealing with the MaNGA dataset, 2021-03-12T18:51:32+0000
/project/score-doc/, score.doc, 0.1.8, Helpers for documenting The SCORE Framework, 2018-01-10T16:32:37+0000
/project/hawkmoth/, hawkmoth, 0.7.0, Hawkmoth - Sphinx Autodoc for C, 2021-01-29T18:47:48+0000
/project/sphinx-simulink/, sphinx-simulink, 0.0.1, Sphinx plugin to include MATLAB/Simulink models into .rst, 2016-06-24T15:41:52+0000
/project/swmm-python/, swmm-python, 0.1.0.dev0, Low-level Wrapper for SWMM5 API, 2018-03-16T13:28:47+0000
/project/pymprpc/, pymprpc, 0.0.3,  a rpc framework for message-pack rpc., 2018-02-18T12:49:01+0000
/project/scanpydoc/, scanpydoc, 0.7, A series of Sphinx extensions to get easy to maintain, numpydoc style documentation., 2021-04-15T12:42:13+0000
/project/bfabio-sphinx-rst-builder/, bfabio.sphinx-rst-builder, 0.0.1, Sphinx reStructuredText builder, 2020-01-05T12:53:45+0000
/project/handsdown/, handsdown, 0.3.9, Python docstring-based documentation generator for lazy perfectionists., 2020-04-16T03:36:52+0000
/project/pyc8/, pyC8, 0.16.9, Python Driver for Macrometa Global Edge Fabric, 2021-03-18T11:30:01+0000
/project/binarytree/, binarytree, 6.3.0, Python Library for Studying Binary Trees, 2021-03-27T22:58:13+0000
/project/sphinxext-toptranslators/, sphinxext-toptranslators, 0.1.2, Sphinx Extension to grab top contributors, 2020-07-31T21:09:17+0000
/project/hdmf-docutils/, hdmf-docutils, 0.4.2, Collection of CLIs, scripts and modules useful to generate the NWB documentation, 2021-04-19T21:10:15+0000
/project/waeup-sphinx-autodoc/, waeup.sphinx.autodoc, 0.1.1, More Zope compatible autodocumenters for Sphinx., 2015-11-25T07:59:23+0000
/project/yogosyu/, yogosyu, 2.0.5, Fix the Sphinx to enable any order to sort indices, 2015-07-04T03:55:36+0000
/project/sphinx-fakeinv/, sphinx-fakeinv, 1.0.0, Generate fake Intersphinx inventory, 2016-09-18T18:39:01+0000
/project/sphinxext-linkcheckdiff/, sphinxext-linkcheckdiff, 0.1.0, Sphinx Extension to run diff-only linkchecks, 2020-08-12T03:49:05+0000
/project/pallets-sphinx-themes/, Pallets-Sphinx-Themes, 1.2.3, Sphinx themes for Pallets and related projects., 2020-01-02T15:24:35+0000
/project/sphinx-nested-apidoc/, sphinx-nested-apidoc, 0.3.0, sphinx-nested-apidoc: When flattened is not enough, 2021-01-23T13:39:46+0000
/project/jinjaapidoc/, jinjaapidoc, 0.5.0, Sphinx API Doc with Jinja2 templates, 2019-04-14T13:20:11+0000
/project/sdss-fliswarm/, sdss-fliswarm, 0.1.0, A tool to create and manage Docker instances of flicamera, 2020-11-08T20:44:39+0000
/project/formulalab/, FormulaLab, 0.1.0, Search Engine of Mathmatical Formulas Database, 2020-04-06T03:18:24+0000
/project/othdrplot/, othdrplot, 2.1, High Density Region plot, 2021-02-14T22:33:01+0000
/project/docstring-parser/, docstring-parser, 0.7.3, , 2020-09-19T11:51:11+0000
/project/sphinx-autodoc-napoleon-typehints/, sphinx-autodoc-napoleon-typehints, 2.1.6, Type hints (PEP 484) support for the Sphinx autodoc extension, 2017-05-11T13:54:52+0000
/project/sphinxcontrib-websupport/, sphinxcontrib-websupport, 1.2.4, Sphinx API for Web Apps, 2020-08-09T15:35:26+0000
/project/sphinxcontrib-openapi/, sphinxcontrib-openapi, 0.7.0, OpenAPI (fka Swagger) spec renderer for Sphinx, 2020-05-07T21:32:55+0000
/project/sphinxcontrib-beamer/, sphinxcontrib-beamer, 0.0.1, Beamer extension for Sphinx, 2019-12-06T11:36:24+0000
/project/sdsstools/, sdsstools, 0.4.10, Small tools for SDSS products, 2021-03-24T22:21:46+0000
/project/censys/, censys, 1.1.1, An easy-to-use and lightweight API wrapper for the Censys Search Engine (censys.io)., 2021-02-23T19:08:41+0000
/project/sphinxext-delta/, sphinxext-delta, 0.1.0, Sphinx extension for listing changed Sphinx articles, 2021-04-05T04:28:42+0000
/project/sphinxcontrib-toc/, sphinxcontrib-toc, 1.0.0, Sphinx extension to allow .toc file to builde the Table of Contents, 2020-04-12T04:56:41+0000
/project/sphinxcontrib-tryton/, sphinxcontrib-tryton, 0.1.1, A Sphinx extension that enables better documentation of Tryton., 2020-02-07T17:10:33+0000
/project/sphinxcontrib-devhelp/, sphinxcontrib-devhelp, 1.0.2, sphinxcontrib-devhelp is a sphinx extension which outputs Devhelp document., 2020-02-29T04:14:40+0000
/project/sphinx-verilog-domain/, sphinx-verilog-domain, 0.2.post21, Verilog Domain for Sphinx, 2020-09-18T20:35:57+0000
/project/aioorm/, aioorm, 0.1.6, a simple orm suport asyncio,fork of aiopeewee, 2018-09-17T16:03:25+0000
/project/sphinx-highlights/, sphinx-highlights, 0.4.0, Sphinx extension to display a selection of highlights from a Python library., 2021-04-15T13:30:15+0000
/project/db4sphinx/, db4sphinx, 0.1.3, Docbook parser for docutils and sphinx, 2017-01-23T13:29:04+0000
/project/chalicedoc/, chalicedoc, 0.3, Chalice route reStructuredText autodoc directive for docutils/Sphinx., 2018-02-20T06:03:41+0000
/project/remotecode/, remotecode, 0.1.2, **DEPRECATED** A Sphinx extension that enables remote code blocks, 2016-12-23T04:03:28+0000
/project/sphinxcontrib-gtagjs/, sphinxcontrib-gtagjs, 0.2.0, Sphinx extension to render global site tag of Google., 2020-04-16T15:44:23+0000
/project/sphinxcontrib-comments/, sphinxcontrib-comments, 0.0.1.dev0, Add your favorite vendor comments embed code to your documentation pages., 2021-03-18T08:16:00+0000
/project/sphinxext-remoteliteralinclude/, sphinxext-remoteliteralinclude, 0.2.0, Extending literalinclude to include remote URLs, 2021-02-16T05:45:57+0000
/project/dse-do-utils/, dse-do-utils, 0.4.0.1, Decision Optimization utilities for IBM Watson Studio projects, 2020-12-14T17:11:33+0000
/project/sphinx-docs-theme/, sphinx-docs-theme, 1.0.7, Sphinx Theme for documentation sites., 2021-03-29T17:43:46+0000
/project/jheaps/, jheaps, 0.14.0, JHeaps library, 2020-12-07T07:36:55+0000
/project/sphinxawesome-theme/, sphinxawesome-theme, 1.19.3, An awesome theme for the Sphinx documentation generator, 2021-04-06T16:26:42+0000
/project/enron/, enron, 0.1.dev2, Type foundation for building strict accounting systems, 2018-05-09T02:28:31+0000
/project/sphinx-lua/, sphinx-lua, 1.1.3, Support for using Sphinx on Luadoc-documented Lua code, 2019-02-18T13:10:09+0000
/project/sphinxawesome-sampdirective/, sphinxawesome-sampdirective, 1.0.5, A Sphinx directive for literal blocks with emphasis, 2020-10-19T08:22:57+0000
/project/sphinx-tsegsearch/, sphinx-tsegsearch, 1.0, Sphinx extension to split searchword with TinySegmenter, 2017-03-26T11:39:01+0000
/project/mrrobot/, mrrobot, 1.0.3, Just another robot to automate the hacking process, 2020-02-24T18:23:49+0000
/project/kirlent/, kirlent, 0.1.0, Educational content management tools., 2019-02-04T12:34:40+0000
/project/sphinx-tabs/, sphinx-tabs, 2.1.0, Tabbed views for Sphinx, 2021-03-10T18:35:47+0000
/project/opensesame-plugin-media-player-mpy/, opensesame-plugin-media-player-mpy, 0.1.11, Media player plugin for OpenSesame, based on MoviePy, 2020-07-01T15:04:07+0000
/project/sphinxcontrib-serializinghtml/, sphinxcontrib-serializinghtml, 1.1.4, sphinxcontrib-serializinghtml is a sphinx extension which outputs "serialized" HTML files (json and pickle)., 2020-02-29T04:18:03+0000
/project/sphinx-lastupdate/, sphinx-lastupdate, 1.0.0, A plugin intended to be used with Sphinx, 2020-06-19T16:48:19+0000
/project/sphinxcontrib-vcs/, sphinxcontrib-vcs, 0.3.0, Sphinx extension to show commit history in version control system, 2020-04-19T10:00:01+0000
/project/moear-spider-zhihudaily/, moear-spider-zhihudaily, 1.1.1, MoEarÁà¨Ëô´ÂäüËÉΩÊâ©Â±ïÊèí‰ª∂ - Áü•‰πéÊó•Êä•, 2018-06-17T04:17:56+0000
/project/moear-package-mobi/, moear-package-mobi, 1.1.2.post0, MoEarÊâìÂåÖÂäüËÉΩÊâ©Â±ïÊèí‰ª∂ - Mobi, 2018-06-17T02:06:14+0000
/project/sphinxawesome-safenet-theme/, sphinxawesome-safenet-theme, 0.0.2, A Thales community doc theme based on sphinxawesome-theme, 2021-03-28T19:35:19+0000
/project/documenteer/, documenteer, 0.6.6, Rubin Observatory / LSST Sphinx documentation tools, extensions, and configurations., 2021-02-17T18:47:09+0000
/project/sphinxcontrib-github-alt/, sphinxcontrib_github_alt, 1.2, Link to GitHub issues, pull requests, commits and users from Sphinx docs., 2020-04-27T09:12:42+0000
/project/sphinx-exercise/, sphinx-exercise, 0.1.1, A Sphinx extension for producing exercises and solutions., 2020-10-10T09:35:53+0000
/project/sphinx-foundation-theme/, sphinx-foundation-theme, 0.6.0, A Sphinx HTML theme that uses Zurb foundation-sites., 2016-11-28T22:45:38+0000
/project/ec-cmd-wallet/, EC_CMD_Wallet, 0.0.1, simple tools, 2018-11-15T14:05:43+0000
/project/mohand/, mohand, 1.2.0, ÈÄöÁî®Ëá™Âä®ÂåñÂ§ÑÁêÜÂ∑•ÂÖ∑, 2019-12-15T06:44:04+0000
/project/sphinxcontrib-gitloginfo/, sphinxcontrib-gitloginfo, 1.1.0, Sphinx extension to provide data obtained from "git log" in the Sphinx page rendering context., 2021-03-12T10:06:31+0000
/project/sphinx-navtree/, sphinx-navtree, 0.3.0, Navigation tree customization for Sphinx, 2016-03-19T21:34:30+0000
/project/dnszonetest/, dnszonetest, 1.1.3, DNS Zone Test tests a DNS zone file agaist a given name server., 2017-12-02T14:57:41+0000
/project/toctree-plus/, toctree-plus, 0.2.2, Enhanced Sphinx TocTree that shows classes and functions as if they were sections., 2021-04-16T22:39:08+0000
/project/sanic-aredis/, sanic-aredis, 0.0.6, simple tools, 2017-08-14T05:52:20+0000
/project/mcres/, MCres, 0.5.8, Provides simple filtering and visualization tools for Monte-Carlo simulation data, 2017-04-04T12:36:10+0000
/project/sphinxience/, sphinxience, 0.4.2, A Sphinx extension to assist in publishing scientific writing in either HTML or PDF., 2018-10-02T01:24:44+0000
/project/mohand/, mohand, 1.2.0, ÈÄöÁî®Ëá™Âä®ÂåñÂ§ÑÁêÜÂ∑•ÂÖ∑, 2019-12-15T06:44:04+0000
/project/sphinxcontrib-gitloginfo/, sphinxcontrib-gitloginfo, 1.1.0, Sphinx extension to provide data obtained from "git log" in the Sphinx page rendering context., 2021-03-12T10:06:31+0000
/project/keras-attention-block/, keras_attention_block, 0.0.2, simple tools, 2017-12-24T06:06:40+0000
/project/sphinx-navtree/, sphinx-navtree, 0.3.0, Navigation tree customization for Sphinx, 2016-03-19T21:34:30+0000
/project/dnszonetest/, dnszonetest, 1.1.3, DNS Zone Test tests a DNS zone file agaist a given name server., 2017-12-02T14:57:41+0000
/project/toctree-plus/, toctree-plus, 0.2.2, Enhanced Sphinx TocTree that shows classes and functions as if they were sections., 2021-04-16T22:39:08+0000
/project/sanic-aredis/, sanic-aredis, 0.0.6, simple tools, 2017-08-14T05:52:20+0000
/project/mcres/, MCres, 0.5.8, Provides simple filtering and visualization tools for Monte-Carlo simulation data, 2017-04-04T12:36:10+0000
/project/rstcloth/, rstcloth, 0.3.1, A simple Python API for generating RestructuredText., 2020-09-07T22:24:13+0000
/project/drf-messages/, drf-messages, 1.0.1, Use Django's Messages Framework with Django Rest Framework project., 2021-02-23T23:22:02+0000
/project/nbsphinx/, nbsphinx, 0.8.3, Jupyter Notebook Tools for Sphinx, 2021-04-09T12:16:00+0000
/project/btd-sphinx-graphviz/, btd.sphinx.graphviz, 2.3.1.post1, Embedding diagrams rendered with Graphviz., 2020-01-12T19:23:10+0000
/project/sspider/, sspider, 1.3.5, A simple web crawling framework., 2019-06-05T01:02:22+0000
/project/sphinx-autodoc-future-annotations/, sphinx-autodoc-future-annotations, 0.1.3, , 2018-10-07T14:15:21+0000
/project/keras-complex/, keras-complex, 0.1.3, Complex values in Keras - Deep learning for humans, 2020-05-10T17:44:46+0000
/project/mohand-plugin-expect/, mohand-plugin-expect, 1.0.6, MoHandÊèí‰ª∂ÔºåÁî®‰ª•Êèê‰æõÂèØËá™Âä®ÊéßÂà∂ÂÖ∂‰ªñÁªàÁ´ØÂ∫îÁî®ÁöÑ‰ªªÂä°ÊîØÊåÅ, 2018-10-07T12:29:43+0000
/project/sphinx-code-tabs/, sphinx-code-tabs, 0.1.0, Sphinx extension for adding alternative code-blocks as selectable tabs, 2020-10-10T11:40:17+0000
/project/sphinx-autodoc-defaultargs/, sphinx-autodoc-defaultargs, 0.1.1, Automatic generation of default arguments for the Sphinx autodoc extension., 2021-04-01T18:14:16+0000
/project/steenzout-sphinx/, steenzout.sphinx, 1.0.16, Sphinx configuration for the steenzout GitHub organization., 2018-12-18T21:12:59+0000
/project/sphinx-argparse-cli/, sphinx-argparse-cli, 1.6.0, render CLI arguments (sub-commands friendly) defined by argparse module, 2021-04-15T09:34:44+0000
/project/jaeger/, jaeger, 0.6.0, Controllers for the SDSS-V FPS, 2020-10-16T06:38:13+0000
/project/quark-sphinx-theme/, quark-sphinx-theme, 0.6.0, A Sphinx theme designed for QTextBrowser, 2020-04-15T19:35:44+0000
/project/peachy/, peachy, 0.1.0, A python3 game development framework, 2017-06-15T17:14:27+0000
/project/antu/, antu, 0.0.4, Universal data IO and neural network modules in NLP tasks, 2019-03-18T13:51:31+0000
/project/seed-intersphinx-mapping/, seed-intersphinx-mapping, 0.5.0, Populate the Sphinx 'intersphinx_mapping' dictionary from the project's requirements., 2021-04-13T14:32:36+0000
/project/prettyetc/, prettyetc, 0.4.0, Core library of the prettyetc project, 2020-06-07T17:36:33+0000
/project/sphinxcontrib-github-ribbon/, sphinxcontrib-github_ribbon, 0.9.0, Sphinx extension to put a GitHub Ribbon to each HTML pages, 2016-11-25T14:00:51+0000
/project/sphinxcontrib-opendataservices-jsonschema/, sphinxcontrib-opendataservices-jsonschema, 0.1.0, Sphinx extension to define data structure using JSON Schema, 2020-05-29T07:54:48+0000
/project/sphinx-notfound-page/, sphinx-notfound-page, 0.6, Sphinx extension to build a 404 page with absolute URLs, 2021-01-04T12:38:40+0000
/project/phink/, phink, 0.2.0, Phink provides a convenient wrapper around Sphinx to make project documentation a breeze., 2019-11-30T19:55:18+0000
/project/lazydocs/, lazydocs, 0.4.6, Generate markdown API documentation for Google-style Python docstring., 2021-03-15T19:24:25+0000
/project/sphinxcontrib-qthelp/, sphinxcontrib-qthelp, 1.0.3, sphinxcontrib-qthelp is a sphinx extension which outputs QtHelp document., 2020-02-29T04:19:08+0000
/project/sphinxcontrib-gravizo/, sphinxcontrib-gravizo, 0.0.4, Embed PlantUML, DOT, etc. diagrams in your documentation using Gravizo., 2020-08-19T21:01:55+0000
/project/simular/, simular, 0.0.0, Dynamics and Vehicle Simulation, 2019-08-14T13:06:12+0000
/project/exhale/, exhale, 0.2.3, Automatic C++ library API documentation generator using Doxygen, Sphinx, and Breathe. Exhale revives Doxygen's class / file hierarchies using reStructuredText for superior markup syntax / websites., 2019-06-05T06:16:43+0000
/project/gosyu/, gosyu, 2.0.6, Fix the Sphinx to enable any order to sort indices(using domain feature), 2015-07-04T04:01:36+0000
/project/sphinx-bulma-theme/, sphinx-bulma-theme, 0.2.9, 0.2.9, 2018-04-30T04:56:12+0000
/project/sphinx/, Sphinx, 3.5.4, Python documentation generator, 2021-04-11T11:27:38+0000
/project/sphinxcontrib-visio/, sphinxcontrib-visio, 2.1.2, Sphinx "visio" extension; embed MS-Visio file (.vsd, .vsdx), 2016-05-18T03:26:50+0000
/project/sdss-clu/, sdss-clu, 0.8.1, A new protocol for SDSS actors., 2021-04-10T20:50:08+0000
/project/sphinxcontrib-actdiag/, sphinxcontrib-actdiag, 2.0.0, Sphinx "actdiag" extension, 2019-12-08T16:37:10+0000
/project/mlx-traceability/, mlx.traceability, 7.4.0, Sphinx traceability extension (Melexis fork), 2021-04-21T20:05:38+0000
/project/blue-discordbot/, Blue-DiscordBot, 3.2.0, A highly customisable Discord bot, 2019-05-16T01:34:18+0000
/project/django-windowsauth/, django-windowsauth, 1.4.0, Easy integration and deployment of Django projects into Windows Environments., 2021-02-20T04:12:29+0000
/project/sphinxnotes-strike/, sphinxnotes-strike, 1.0, Sphinx extension for HTML strikethrough text support, 2021-02-13T06:44:02+0000
/project/plotpy/, plotpy, 1.2.0, Plotpy is a library which results from merge of guidata and guiqwt., 2021-04-13T14:27:48+0000
/project/beanbag-docutils/, beanbag-docutils, 1.8, Sphinx utility modules for Beanbag's documentation format., 2021-02-28T07:21:25+0000
/project/sphinx-jsonschema/, sphinx-jsonschema, 1.16.8, Sphinx extension to display JSON Schema, 2021-03-23T16:38:07+0000
/project/sphinxcontrib-ros/, sphinxcontrib-ros, 0.0.4, Sphinx extension forROS(Robot Operating System) documentation, 2016-02-22T21:02:26+0000
/project/doxycast/, doxycast, 2.0.0, Generate reStructuredText documentations from your C++ sources, 2021-01-18T14:15:33+0000
/project/py2annotate/, py2annotate, 1.1.1, An extension to Sphinx :code:`autodoc` to augment Sphinx documentation with type annotations, when using Python 2 style type annotations., 2019-09-11T10:11:51+0000
/project/sdss-marvin/, sdss-marvin, 2.6.0, Toolsuite for dealing with the MaNGA dataset, 2021-03-12T18:51:32+0000
/project/score-doc/, score.doc, 0.1.8, Helpers for documenting The SCORE Framework, 2018-01-10T16:32:37+0000
/project/hawkmoth/, hawkmoth, 0.7.0, Hawkmoth - Sphinx Autodoc for C, 2021-01-29T18:47:48+0000
/project/sphinx-simulink/, sphinx-simulink, 0.0.1, Sphinx plugin to include MATLAB/Simulink models into .rst, 2016-06-24T15:41:52+0000
/project/swmm-python/, swmm-python, 0.1.0.dev0, Low-level Wrapper for SWMM5 API, 2018-03-16T13:28:47+0000
/project/pymprpc/, pymprpc, 0.0.3,  a rpc framework for message-pack rpc., 2018-02-18T12:49:01+0000
/project/mountwizzard4/, mountwizzard4, 1.1.1, Tool for managing 10micron mounts, 2021-04-02T21:51:46+0000
/project/wfcommons/, wfcommons, 0.5, Community Framework for Enabling Scientific Workflow Research and Education, 2021-04-25T01:51:32+0000
/project/chios/, chios, 0.1.5, A collection of Sphinx extensions., 2019-11-07T06:23:52+0000
/project/sphinx-charts/, sphinx-charts, 0.0.4, Interactive charts, graphs and figures for Sphinx HTML docs., 2020-09-09T12:06:23+0000
/project/rstfmt/, rstfmt, 0.0.8, A formatter for reStructuredText, 2021-03-30T07:00:00+0000
/project/sphinxcontrib-googlemaps/, sphinxcontrib-googlemaps, 0.1.0, Sphinx "googlemaps" extension, 2012-08-30T04:01:22+0000
/project/an-discordbot/, AN-DiscordBot, 3.9.4, A highly customisable Discord bot, 2019-05-13T21:00:20+0000
/project/pybooru/, Pybooru, 4.2.2, Pybooru is a Python package to access to the API of Danbooru/Moebooru based sites., 2020-10-17T12:16:47+0000
/project/aio-tcpserver/, aio-tcpserver, 0.0.3, simple tools, 2018-01-28T05:26:17+0000
/project/sfchat/, SFChat, 0.13.0, Secure Free Chat (SFChat) is long pulling REST chat based on Django and Mongodb., 2016-12-18T18:49:34+0000
/project/pyresttable/, pyRestTable, 2020.0.3, Format a nice table in reST (reStructuredText) from Python, 2020-11-10T05:56:05+0000
/project/sphinx-autofixture/, sphinx-autofixture, 0.2.3, Sphinx autodocumenter for pytest fixtures., 2021-01-21T11:49:11+0000
/project/dewi-commands/, dewi-commands, 2.1.1, A toolchain and framework for everyday tasks, 2020-07-03T21:26:57+0000
/project/sphinxcontrib-fsharp/, sphinxcontrib-fsharp, 0.3.1, Sphinx extension to document F# libraries, 2019-04-20T06:25:28+0000
/project/sphinxcontrib-slide/, sphinxcontrib-slide, 0.3.0, Sphinx "slide" extension, 2014-08-21T12:45:24+0000
/project/picos-sphinx-theme/, picos-sphinx-theme, 0.0.34, A Sphinx theme for the PICOS documentation., 2021-02-09T23:07:35+0000
/project/sphinxcontrib-towncrier/, sphinxcontrib-towncrier, 0.2.0a0, An RST directive for injecting a Towncrier-generated changelog draft containing fragments for the unreleased (next) project version, 2021-04-14T12:38:42+0000
/project/property-manager3/, property-manager3, 2.3.1, Useful property variants for Python programming (required properties, writable properties, cached properties, etc), 2019-11-27T15:04:15+0000
/project/enum-tools/, enum-tools, 0.6.4, Tools to expand Python's enum module., 2021-02-09T07:39:19+0000
/project/pygenstub/, pygenstub, 2.0.1, Python stub file generator., 2021-02-13T12:25:53+0000
/project/sphinx-paw/, sphinx-paw, 0.4.1, Reduce Sphinx configuration steps, 2019-11-20T00:15:21+0000
/project/sphinx-hoverxref/, sphinx-hoverxref, 0.5b1, Sphinx extension to embed content in a tooltip on xref hover, 2020-06-30T11:02:06+0000
/project/ragnar/, ragnar, 0.3.2, lightweight Extract-Transform-Load (ETL) framework for Python 3+, 2020-07-27T18:15:31+0000
/project/sphinx-material-saltstack/, sphinx-material-saltstack, 1.0.5, Material sphinx theme for SaltStack documentation, 2020-08-04T15:55:44+0000
/project/pygtftk/, pygtftk, 1.2.7, The Python GTF toolkit (pygtftk) package: easy handling of GTF files, 2020-10-15T16:04:43+0000
/project/dewi-utils/, dewi-utils, 2.5.0, A toolchain and framework for everyday tasks, 2021-02-21T17:55:42+0000
/project/sphinxnotes-isso/, sphinxnotes-isso, 1.0, Sphinx extension for embeding Isso comments in documents, 2021-04-21T11:03:02+0000
/project/pcrunner/, pcrunner, 0.4.9, A module for running Passive Nagios/Icinga Checks, 2020-03-21T14:53:52+0000
/project/django-modelsdoc/, django-modelsdoc, 0.1.11, Create models definitions document from your Django project., 2019-11-28T06:44:41+0000
/project/sphinxcontrib-xbr/, sphinxcontrib-xbr, 0.1.0, XBR IDL extension for Sphinx, 2018-04-15T08:22:01+0000
/project/sphinx-csharp/, sphinx-csharp, 0.1.8, C# domain for Sphinx, 2019-09-18T21:02:48+0000
/project/sphinx-a4doc/, sphinx-a4doc, 1.2.4, Sphinx domain and autodoc for Antlr4 grammars, 2020-12-14T16:54:18+0000
/project/default-values/, default-values, 0.4.3, Sphinx extension to show default values in documentation., 2021-03-09T18:58:08+0000
/project/sphinxcontrib-seqdiag/, sphinxcontrib-seqdiag, 2.0.0, Sphinx "seqdiag" extension, 2019-12-08T11:23:47+0000
/project/sphinx-navigation-icons/, sphinx-navigation-icons, 0.1.1, Add image/font responsive icons to your Sphinx sidebar toctree, 2021-03-18T17:05:12+0000
/project/sphinx-rst-builder/, sphinx-rst-builder, 0.0.3, Sphinx reStructuredText builder, 2020-01-18T15:17:05+0000
/project/property-manager/, property-manager, 3.0, Useful property variants for Python programming (required properties, writable properties, cached properties, etc), 2020-03-02T01:19:21+0000
/project/omnizart/, omnizart, 0.3.2, Omniscient Mozart, being able to transcribe everything in the music., 2021-02-13T09:27:16+0000
/project/sphinxcontrib-markdown/, sphinxcontrib-markdown, 0.1.0, Yet another markdown processor for Sphinx, 2015-12-30T09:43:04+0000
/project/sphinx-affiliates/, sphinx-affiliates, 0.2.1, Tools for integrating affiliated Sphinx sites, 2020-09-09T13:41:23+0000
/project/sphinx-tosca/, sphinx-tosca, 0.1.0, Sphinx ducumentation plugin for DICE TOSCA library, 2017-05-16T10:38:41+0000
/project/wurfapi/, wurfapi, 8.0.0, C++ Documentation generator., 2021-02-11T08:09:21+0000
/project/sphinxcontrib-lassodomain/, sphinxcontrib-lassodomain, 0.4, Lasso domain for Sphinx, 2016-09-08T15:49:55+0000
/project/sphinxcontrib-cf3domain/, sphinxcontrib-cf3domain, 0.1, Sphinx domain for CFEngine 3 policies., 2015-03-01T22:09:48+0000
/project/reslate/, reslate, 0.56.0, A command-line tool to automate generation of neatly-formatted Sphinx-based API documentation pages., 2021-04-13T18:14:20+0000
/project/sphinxcontrib-imagehelper/, sphinxcontrib-imagehelper, 1.1.1, Sphinx extension helper about images, 2015-12-11T14:03:41+0000
/project/sphinxserve/, sphinxserve, 0.7.4, sphinxserve renders sphinx docs monitoring file changes, 2015-09-05T22:57:50+0000
/project/mediadecoder/, mediadecoder, 0.1.5, Moviepy based media decoding library, 2016-08-11T12:00:52+0000
/project/pyswmm/, pyswmm, 1.0.1, Python Wrapper for SWMM5 API, 2021-01-13T17:45:54+0000
/project/sphinxcontrib-details-directive/, sphinxcontrib-details-directive, 0.1.0, "details" directive for Sphinx, 2019-09-22T13:24:25+0000
/project/cookie-eater/, cookie-eater, 1.0.0, Browser Cookie Management, 2017-03-11T04:31:02+0000
/project/aioswitcher/, aioswitcher, 1.2.2, Switcher Water Heater Unofficial Bridge and API., 2021-01-11T09:02:14+0000
/project/sphinx-github-changelog/, sphinx-github-changelog, 1.0.8, Build a sphinx changelog from GitHub Releases, 2021-04-17T11:49:55+0000
/project/kq/, kq, 2.2.0, Kafka Job Queue for Python, 2021-02-09T10:23:04+0000
/project/sortorder/, sortorder, 2.0.6, Enable Sphinx to generate HTML5 valid files, 2015-07-04T03:54:18+0000
/project/sphinxawesome-codelinter/, sphinxawesome-codelinter, 1.0.5, A Sphinx extension to pass reStructuredText code blocks to external tools., 2020-06-12T05:50:32+0000
/project/niftools-sphinx-theme/, niftools-sphinx-theme, 0.3.3, A sphinx theme created to support niftools documentation, 2019-10-04T07:00:34+0000
/project/sphinxcontrib-paradoxy/, sphinxcontrib-paradoxy, 0.3.1, Adds links to Doxygen objects within Sphinx, 2017-12-21T22:02:33+0000
/project/sphinxcontrib-restbuilder/, sphinxcontrib-restbuilder, 0.3, Sphinx extension to output reST files., 2021-02-28T14:37:44+0000
/project/simple-spiders/, simple-spiders, 0.1.5, A simple web crawling framework., 2019-03-12T07:52:29+0000
/project/sphinx-alice-theme/, sphinx-alice-theme, 0.1.0, Provides the Alice theme for Sphinx projects., 2020-02-29T21:11:27+0000
/project/django-exchange-docs/, django-exchange-docs, 1.1.3, A Django wrapper for Boundless Exchange Documentation., 2017-02-06T21:11:11+0000
/project/sphinx-testing/, sphinx-testing, 1.0.1, testing utility classes and functions for Sphinx extensions, 2019-04-15T14:51:55+0000
/project/nwb-docutils/, nwb-docutils, 0.3.1, Collection of CLIs, scripts and modules useful to generate the NWB documentation, 2019-05-19T00:20:56+0000
/project/sanic-aioorm/, sanic-aioorm, 0.0.5, a simple sanic middleware for aioorm, 2017-08-15T01:52:52+0000
/project/pureyaml/, pureyaml, 0.1.0, Yet another yaml parser, in pure python., 2015-12-28T20:31:16+0000
/project/swmmoutputapi/, SWMMOutputAPI, 0.2.1, Python Wrapper for SWMM5 Binary Output File, 2016-10-04T20:30:28+0000
/project/rtd-redirects/, rtd-redirects, 1.1.0, Manage redirects in the ReadTheDocs admin, programmatically, 2020-11-27T11:04:11+0000
/project/sphinxcontrib-scm/, sphinxcontrib-scm, 0.1.2, Sphinx SCM interface, 2020-10-06T10:48:15+0000
/project/tokipona/, tokipona, 0.1b0, A package for dealing with toki pona: vim syntax highlighting, tokipona wordnets, analysis of the vocabulary, synthesis of texts, 2018-02-12T16:37:54+0000
/project/sdss-tree/, sdss-tree, 3.0.7, Control and setup of SDSS tree environment and modules, 2021-03-05T19:20:03+0000
/project/domdf-sphinx-theme/, domdf-sphinx-theme, 21.1.0, Customised 'sphinx_rtd_theme' used by my Python projects., 2021-04-19T20:34:17+0000
/project/sphinxcontrib-googlechart/, sphinxcontrib-googlechart, 0.2.1, Sphinx "googlechart" extension, 2015-04-01T02:32:50+0000
/project/moderngl-beta/, ModernGL-beta, 5.0.2, ModernGL: PyOpenGL alternative, 2017-11-21T05:42:23+0000
/project/sphinxcontrib-nicovideo/, sphinxcontrib-nicovideo, 0.1.1, Sphinx "nicovideo" extension, 2016-12-02T13:00:48+0000
/project/ovisbot/, ovisbot, 2.0.0, A modular Discord bot for CTF teams, 2020-09-03T21:32:02+0000
/project/moprofiler/, moprofiler, 1.1.0, ÁªºÂêàÊÄßËÉΩÂàÜÊûêÂ∑•ÂÖ∑ÔºåÈõÜÊàê‰∫ÜÂÜÖÂ≠ò‰ΩøÁî®„ÄÅÊâßË°åÊó∂Èó¥ÁöÑÂàÜÊûêÂô®ÔºåÂèäÁßíË°®ÊâìÁÇπÂ∑•ÂÖ∑, 2019-02-20T08:39:18+0000
/project/sdss-target-selection/, sdss-target-selection, 0.2.2, Code to perform target selection for BHM/MWM using catalogdb, 2021-03-29T22:07:27+0000
/project/pygments-markdown-lexer/, pygments-markdown-lexer, 0.1.0.dev39, Pygments Markdown Lexer ‚Äì A Markdown lexer for Pygments to highlight Markdown code snippets., 2015-07-06T11:08:08+0000
/project/sphinxmark/, sphinxmark, 0.2.1, A Sphinx extension that enables watermarks for HTML output., 2021-03-02T02:56:51+0000
/project/unicode-ids/, unicode_ids, 2.0.5, Enable Sphinx to generate non-ASCII identifiers, 2015-07-04T03:47:27+0000
/project/crl-doc/, crl.doc, 2.0.1, Documenation tools for Common Robot Libraries, 2019-09-06T07:59:18+0000
/project/sphinxcontrib-argdoc/, sphinxcontrib-argdoc, 0.1.3, Sphinx, 2015-07-08T20:45:26+0000
/project/ebook-homebrew/, ebook-homebrew, 2.1.4, Rename image file to only digit name and convert ebook files., 2019-09-28T14:52:59+0000
/project/sphinxcontrib-pandoc-markdown/, sphinxcontrib-pandoc-markdown, 1.6.8, Yet another markdown processor for Sphinx, 2017-05-26T23:12:39+0000
/project/mountwizzard4/, mountwizzard4, 1.1.1, Tool for managing 10micron mounts, 2021-04-02T21:51:46+0000
/project/jgrapht/, jgrapht, 1.5.0.3, JGraphT graph library, 2020-11-17T21:18:34+0000
/project/erratum/, erratum, 0.1.1, User friendly errors, 2018-04-29T14:42:39+0000
/project/sdss-access/, sdss-access, 1.1.1, Package to dynamically build filepaths and access all SDSS SAS products, 2020-11-11T18:15:28+0000
/project/sphinx-html5-basic-theme/, sphinx_html5_basic_theme, 1.0.5, Enable Sphinx to generate HTML5 valid files, 2015-06-19T02:12:13+0000
/project/sanic-mail/, sanic-mail, 0.0.2, async email sender for sanic, 2018-04-03T11:51:25+0000
/project/sphinx-versions/, sphinx-versions, 1.1.3, Sphinx extension that allows building versioned docs for self-hosting., 2019-07-18T14:13:57+0000
/project/zoop-wrapper/, zoop-wrapper, 0.5.2, Cliente n√£o oficial Zoop, 2021-01-21T19:37:21+0000
/project/gxsphinx/, GxSphinx, 1.0.0, Python documentation generator, 2020-08-04T03:07:53+0000
/project/asyncio-executor/, asyncio-executor, 0.0.4, asyncio-executor, 2018-07-29T15:35:28+0000
/project/sphinxcontrib-versioning/, sphinxcontrib-versioning, 2.2.1, Sphinx extension that allows building versioned docs for self-hosting., 2016-12-10T09:45:36+0000
/project/sphinx-removed-in/, sphinx-removed-in, 0.2.1, versionremoved and removed-in directives for Sphinx, 2019-11-09T21:37:01+0000
/project/sphinxcontrib-disqus/, sphinxcontrib-disqus, 1.1.0, Sphinx extension that embeds Disqus comments in documents., 2016-08-04T08:32:13+0000
/project/scorecardmodel/, ScoreCardModel, 1.1.3, simple tools for score card model, 2017-12-11T01:38:06+0000
/project/sphinx-json-schema-formatter/, sphinx-json-schema-formatter, 0.3, JSON Schema renderer for Sphinx, 2021-03-14T00:31:36+0000
/project/epipylib/, epipylib, 0.1.0-2, Epidemic model library for fitting epidemic models., 2016-09-25T12:11:20+0000
/project/aio-windows-patch/, aio_windows_patch, 0.0.1, simple tools, 2018-01-25T12:55:49+0000
/project/sphinxcontrib-commonmark/, sphinxcontrib-commonmark, 0.1.0, Yet another commonmark processor for Sphinx, 2019-04-21T08:42:22+0000
/project/moear-api-common/, moear-api-common, 1.0.2.post2, ‰∏∫MoEarÊâ©Â±ïÊèí‰ª∂Êèê‰æõÊé•Âè£ÂÆö‰πâ‰ª•ÂèäÈÄöÁî®ÁªÑ‰ª∂, 2018-04-08T14:03:43+0000
/project/sphinx-js/, sphinx-js, 3.1.2, Support for using Sphinx on JSDoc-documented JS code, 2021-04-15T18:13:11+0000
/project/sphinx-yellowblue-theme/, sphinx-yellowblue-theme, 0.0.1.dev0, sphinx theme for yellowblue projects, 2020-07-23T22:26:06+0000
/project/auto-behave/, auto-behave, 0.0.7, A sphinx extension for behave to auto document, 2020-02-11T03:29:30+0000
/project/word2number/, word2number, 1.1, Convert number words eg. three hundred and forty two to numbers (342)., 2017-06-02T15:45:14+0000
/project/sdss-flicamera/, sdss-flicamera, 0.1.2, A library to control Finger Lakes Instrumentation cameras., 2020-12-08T03:58:35+0000
/project/docxbuilder/, docxbuilder, 1.2.0, Sphinx docx builder extension, 2020-05-15T05:45:13+0000
/project/sphinx-autodoc-typehints/, sphinx-autodoc-typehints, 1.12.0, Type hints (PEP 484) support for the Sphinx autodoc extension, 2021-04-15T00:21:35+0000
/project/sphinxcontrib-inherit/, sphinxcontrib-inherit, 0.1.0, A Sphinx extension that allows documentation to be created in a modular way., 2020-01-13T14:37:43+0000
/project/sphinxcontrib-jsonschema/, sphinxcontrib-jsonschema, 0.9.3, Sphinx extension to define data structure using JSON Schema, 2017-02-25T09:18:04+0000
/project/flask-sphinx-themes/, Flask-Sphinx-Themes, 1.0.2, Sphinx themes for Flask and related projects., 2017-11-30T18:01:58+0000
/project/sdss-basecam/, sdss-basecam, 0.4.2, A base library for camera wrapping and actor., 2021-02-16T20:36:15+0000
/project/sphinx-last-updated-by-git/, sphinx-last-updated-by-git, 0.3.0, Get the "last updated" time for each Sphinx page from Git, 2021-02-09T10:26:34+0000
/project/lazydoc/, lazydoc, 1.0.1, , 2016-12-21T10:02:20+0000
/project/sphinxcontrib-trio/, sphinxcontrib-trio, 1.1.2, Make Sphinx better at documenting Python functions and methods, 2020-05-04T16:44:35+0000
/project/sphinx-litprog/, sphinx-litprog, 0.1.1, A literate programming extension for Sphinx, 2019-03-22T15:27:59+0000
/project/add-juniper-software/, add-juniper-software, 1.0.3, A CLI tool to install software on a remote JunOS machine., 2021-02-15T22:21:16+0000
/project/pypeit/, pypeit, 1.4.0, PypeIt Spectroscopic Reduction, 2021-04-23T16:26:27+0000
/project/sphinx-django-theme/, sphinx-django-theme, 0.0.1.dev0, sphinx theme for django projects, 2020-07-23T17:51:26+0000
/project/sphinx-json-schema/, sphinx-json-schema, 0.1b6, JSON Schema renderer for Sphinx, 2019-03-31T02:06:22+0000
/project/sphinxcontrib-apiblueprint/, sphinxcontrib-apiblueprint, 0.9.0, Sphinx extension to create API docs using API Blueprint, 2016-08-06T06:51:51+0000
/project/wordembeddingloader/, WordEmbeddingLoader, 0.2.1, Loaders and savers for different implentations of word embedding., 2017-11-05T01:55:48+0000
/project/django-exchange-themes/, django-exchange-themes, 1.0.3, A Django Application for Boundless Exchange Themes., 2016-11-22T22:50:58+0000
/project/sphinxcontrib-varlinks/, sphinxcontrib-varlinks, 0.1.4, Support substitutions in Sphinx hyperlinks, 2017-12-21T22:01:31+0000
/project/peng3d-sphinxext/, peng3d_sphinxext, 1.0.post1, Sphinx Extension adding Support for peng3d events, 2017-05-27T17:40:54+0000
/project/sphinxnotes-snippet/, sphinxnotes-snippet, 1.0b5, Non-intrusive snippet manager for Sphinx documentation, 2021-04-20T15:55:59+0000
/project/sphinxcontrib-trimblank/, sphinxcontrib-trimblank, 1.0.2, A Sphinx extension which trims redundant blanks, 2019-09-07T11:35:52+0000
/project/docs-versions-menu/, docs-versions-menu, 0.5.0rc2, A versions menu for Sphinx-based documentation, 2021-04-04T22:07:02+0000
/project/mlx-coverity/, mlx.coverity, 0.2.2, Sphinx coverity extension from Melexis, 2019-11-28T10:15:13+0000
/project/sphinxcontrib-log-cabinet/, sphinxcontrib-log-cabinet, 1.0.1, Organize changelog directives in Sphinx docs., 2019-07-05T23:22:32+0000
/project/nomenclate/, nomenclate, 2.4.4, A tool for generating strings based on a preset naming convention., 2018-04-03T21:13:21+0000
/project/sphinxcontrib-getstart-sphinx/, sphinxcontrib-getstart-sphinx, 1.0.0, Sphinx extensions for "Getting Started with Sphinx 2nd Edition", 2018-02-15T03:10:51+0000
/project/sphinxcontrib-nwdiag/, sphinxcontrib-nwdiag, 2.0.0, Sphinx "nwdiag" extension, 2019-12-10T17:02:12+0000
/project/ot-batman/, ot-batman, 1.9.1, BATMAN: Statistical analysis for expensive computer codes made easy, 2019-03-08T11:07:47+0000
/project/sphinxcontrib-websupport-lean/, sphinxcontrib-websupport-lean, 2.0.0.dev20170818, Sphinx API for Web Apps, 2017-08-18T16:05:19+0000
/project/tebe/, tebe, 0.2.2, Tebe is a simple but powerful editor for Markdown and reStructuredText markup languages with Sphinx and Rst2Pdf power included, 2020-11-12T21:51:43+0000
/project/btd-sphinx-inheritance-diagram/, btd.sphinx.inheritance-diagram, 2.3.1.post1, Embedding diagrams rendered with inheritance_diagram., 2020-01-12T16:31:34+0000
/project/fuzzy-types/, fuzzy-types, 0.1.1, fuzzywuzzy-based utilities and data structures, 2020-04-17T15:32:19+0000
/project/alveolus/, alveolus, 0.1.2, Alveolus Docs,provides a very simple way, to create read the docs alike documentation for c++ projects.With the help of breathe and exhale it combines Doxygen and sphinx to enable tou to createcode documentation as well as custom documentation files, 2020-08-16T14:47:00+0000
/project/ohnoyoudidnt/, ohnoyoudidnt, 0.1, doc8 linter for frc-docs, 2020-12-24T20:01:28+0000
/project/autodoc-pydantic/, autodoc-pydantic, 1.1.0, Seamlessly integrate pydantic models in your Sphinx documentation., 2021-04-24T19:11:07+0000
/project/sdss-brain/, sdss-brain, 0.3.1, Core Brain for SDSS, 2020-11-20T20:31:08+0000
/project/sphinxcontrib-packages/, sphinxcontrib-packages, 1.0.1, This packages contains the Packages sphinx extension, which provides directives to display packages installed on the host machine, 2018-01-01T08:34:21+0000
/project/clustercron/, clustercron, 0.6.2, Cron job wrapper that ensures a script gets run from one node in the cluster., 2020-04-02T00:35:47+0000
/project/mohand-plugin-otp/, mohand-plugin-otp, 1.0.0.post0, MoHandÊèí‰ª∂ÔºåÁî®‰ª•Êèê‰æõÂÆöÂà∂ÂåñÁöÑ‰∏ÄÊ¨°ÊÄßÂØÜÁ†ÅÁîüÊàêÊúçÂä°, 2018-05-27T14:10:47+0000
/project/flask-github-proxy/, flask_github_proxy, 0.0.2, Plugin to build services to push data from a website to github with PullRequests confirmation, 2017-01-19T14:29:49+0000
/project/openvas-reporting/, OpenVAS-Reporting, 1.4.3, A tool to convert OpenVAS XML into reports., 2019-04-08T14:57:15+0000
/project/sphinx-vcs-changelog/, sphinx-vcs-changelog, 0.1.1, Project Git Changelog for Sphinx, 2019-09-27T09:09:11+0000
/project/skuidsphinxtheme/, SkuidSphinxTheme, 1.0.23, Sphinx Theme for Skuid, 2019-10-07T21:18:59+0000
/project/sphinxcontrib-htmlhelp/, sphinxcontrib-htmlhelp, 1.0.3, sphinxcontrib-htmlhelp is a sphinx extension which renders HTML help files, 2020-02-21T17:10:00+0000
/project/sphinxcontrib-imgur/, sphinxcontrib-imgur, 2.0.1, Sphinx extension that embeds Imgur images, albums, and their metadata in documents., 2016-10-16T05:44:36+0000
/project/sphinxcontrib-cacoo/, sphinxcontrib-cacoo, 2.0.0, Sphinx "cacoo" extension; embed diagram from cacoo, 2018-04-12T14:30:50+0000
/project/sphinxcontrib-astah/, sphinxcontrib-astah, 1.0.0, Sphinx "astah" extension; embed diagram by using astah, 2015-06-26T08:22:50+0000
/project/mlx-robot2rst/, mlx.robot2rst, 2.0.2, Python script for converting a Robot Framework file to a reStructuredText (.rst) file, 2020-10-28T13:22:31+0000
/project/anbot/, ANBOT, 3.1.0, A highly customisable Discord bot, 2019-05-14T23:02:11+0000
/project/sphinx-modern-theme-modified/, sphinx_modern_theme_modified, 1.0.5, A modern sphinx theme using Bootstrap, 2019-02-08T18:12:06+0000
/project/dewi-realtime-sync/, dewi-realtime-sync, 2.0.0, DEWI realtime sync framework: synchronize a directory to another or to a server, 2019-01-22T13:49:56+0000
/project/saw/, SAW, 0.1.1, SAW, a Python SimFin API Wrapper, 2019-02-18T19:12:15+0000
/project/pylons-sphinx-themes/, pylons-sphinx-themes, 1.0.13, Sphinx themes for Pylons Project documentation., 2020-11-30T11:28:25+0000
/project/flinx/, flinx, 0.2.0, Configuration-free Python doc generation via Sphinx., 2018-06-17T19:45:50+0000
/project/sphinx-argparse/, sphinx-argparse, 0.2.5, A sphinx extension that automatically documents argparse commands and options, 2018-11-14T14:08:08+0000
/project/sphinx-graphml/, sphinx-graphml, 0.1b5, GraphML charts embedding extension for Sphinx, 2019-04-29T00:49:28+0000
/project/syzygy-docs-themes/, syzygy-docs-themes, 0.1.0.dev1, Sphinx themes for the documentation of Kogia, Caperea and Stenella., 2020-07-19T10:46:44+0000
/project/docinit/, docinit, 0.1.5, Bootstrap your Sphinx documentation, 2020-05-27T15:52:36+0000
/project/sphinxcontrib-googledrive/, sphinxcontrib-googledrive, 0.1.0, Sphinx "Google Drive" extension; embed images on Google Drive, 2018-10-13T14:25:13+0000
/project/music-scraper/, music_scraper, 1.1.0, Gets Songs from the web and allows users to download the same, 2016-07-29T16:10:44+0000
/project/sphinxext-opengraph/, sphinxext-opengraph, 0.4.1, Sphinx Extension to enable OGP support, 2021-01-30T04:40:23+0000
/project/sphinx-sagecell-ext/, sphinx-sagecell-ext, 0.1rc4, The Sphinx extension embedding a Sage cell into a webpage, 2015-12-04T13:11:46+0000
/project/sphinxcontrib-imageembed/, sphinxcontrib-imageembed, 0.2.1, Embed images directly into generated html docs., 2018-10-12T13:26:09+0000
/project/sphinxcontrib-email/, sphinxcontrib-email, 0.3.5, Sphinx email obfuscation extension, 2021-01-18T17:50:55+0000
/project/releases/, releases, 1.6.3, A Sphinx extension for changelog manipulation, 2020-01-11T00:29:49+0000
/project/dewi/, dewi, 2.1.0, DEWI - A toolchain and framework for everyday tasks, 2020-07-03T21:32:30+0000
/project/sphinxcontrib-prettyspecialmethods/, sphinxcontrib-prettyspecialmethods, 0.1.0, Shows special methods as the python syntax that invokes them, 2020-06-21T11:55:56+0000
/project/sphinxcontrib-proof/, sphinxcontrib-proof, 1.3.0, This packages contains the Proof sphinx extension, which provides directives to typeset theorems, lemmas, proofs, etc., 2020-04-28T07:13:47+0000
/project/trait-documenter/, trait_documenter, 1.1.0, Autodoc extention for documenting traits, 2016-11-09T13:05:11+0000
/project/pweave/, Pweave, 0.30.3, Scientific reports with embedded python computations with reST, LaTeX or markdown, 2018-07-26T07:09:59+0000
/project/sphinx-jdlinker/, sphinx-JDLinker, 1.4, A sphinx extension designed to allow you to create links to a JavaDoc website from your sphinx documentation., 2019-10-06T19:52:46+0000
/project/datacommon/, datacommon, 1.1.7, A simple framework about data analysis., 2019-06-05T10:09:48+0000
/project/sphinx-revealjs/, sphinx-revealjs, 1.1.0, Sphinx extension with theme to generate Reveal.js presentation, 2021-04-04T09:57:05+0000
/project/python-arango/, python-arango, 7.1.0, Python Driver for ArangoDB, 2021-02-25T07:51:48+0000
/project/sphinxcontrib-svgbob/, sphinxcontrib-svgbob, 0.1.1, A Sphinx extension to convert ASCII diagrams to SVGs with Svgbob., 2021-04-14T16:49:41+0000
/project/pydocstring-coverage/, pydocstring-coverage, 1.0.5, Utility for examining python source files to ensure proper documentation. Lists missing docstrings, and calculates overall docstring coverage percentage rating, 2020-03-07T23:21:48+0000
/project/sphinx-modern-theme/, sphinx-modern-theme, 1.0.5, A modern sphinx theme using Bootstrap, 2016-12-03T02:29:31+0000
/project/markovpy/, MarkovPy, 0.5.14, A simple Markovchain-Implementation, 2016-08-13T17:08:14+0000
/project/esbonio/, esbonio, 0.5.1, Sphinx extension that helps to explain things., 2021-04-20T19:18:22+0000
/project/boolean-parser/, boolean-parser, 0.1.1, Package for parsing strings containing conditional boolean logic, 2020-11-13T22:07:51+0000
/project/sphinx-papyrus-theme/, sphinx-papyrus-theme, 0.0.1.dev0, A modern and responsive sphinx theme for live documentations., 2021-02-28T15:11:40+0000
/project/pypartten/, pypartten, 0.0.2, design patterns tools for python., 2018-05-29T10:03:07+0000
/project/docstrfmt/, docstrfmt, 1.1.0, A formatter for Sphinx flavored reStructuredText., 2021-02-18T21:29:14+0000
/project/sphinxcontrib-jsmath/, sphinxcontrib-jsmath, 1.0.1, A sphinx extension which renders display math in HTML via JavaScript, 2019-01-21T16:10:14+0000
/project/sphinx-configurator/, sphinx-configurator, 0.0.0.dev0, Manage your sphinx plugin's directive settings with ease, 2019-05-07T11:52:28+0000
/project/bb-wrapper/, bb-wrapper, 0.1.3, Cliente n√£o oficial da API do Banco do Brasil, 2021-01-29T18:17:55+0000
/project/sphinx-docxbuilder/, sphinx-docxbuilder, 2019.1.28.post1, An extension for a docx file generation with Sphinx (Fork of https://bitbucket.org/haraisao/sphinx-docxbuilder), 2019-01-28T14:02:09+0000
/project/sdss-mangadap/, sdss-mangadap, 2.5.2, MaNGA Data Analysis Pipeline, 2020-02-14T17:43:15+0000
/project/ants-client/, ants-client, 3.0.5, ANTS Framework client, 2020-10-23T19:41:19+0000
/project/giit/, giit, 6.1.0, Wrapper git to automate running scripts., 2021-03-10T09:17:58+0000
/project/sphinxcontrib-simpleversioning/, sphinxcontrib-simpleversioning, 0.0.2, Sphinx extension that adds version selection., 2019-02-14T00:48:03+0000
/project/sphinx-rego/, sphinx-rego, 0.0.1, A sphinx extension that automatically documents Open Policy Agent Rego policies using the _rego_metadoc_ property., 2021-04-20T19:06:28+0000
/project/sphinx-toolbox/, sphinx-toolbox, 2.6.1, Box of handy tools for Sphinx üß∞ üìî, 2021-04-24T08:57:36+0000
/project/typesafety/, typesafety, 2.1.2, Type safety checker for Python3, 2018-03-06T16:28:19+0000
/project/rotki-releases/, rotki-releases, 2.0.1, A Sphinx extension for changelog manipulation -- Rotki fork, 2020-04-11T10:22:35+0000
/project/hein/, hein, 0.2.3, Advanced Subscriber-Publisher Socket Communication, 2018-04-27T02:35:59+0000
/project/sphinxcontrib-apidoc/, sphinxcontrib-apidoc, 0.3.0, A Sphinx extension for running 'sphinx-apidoc' on each build, 2018-10-04T08:37:01+0000
/project/sphinx-autodoc-types/, sphinx-autodoc-types, 3.0.1, Type hints (PEP 484) support for the Sphinx autodoc extension (comments too), 2019-06-05T11:43:15+0000
/project/waliki/, waliki, 0.8.1, An extensible wiki app for Django with a Git backend, 2017-03-26T23:17:57+0000
/project/renderthreads/, renderthreads, 0.3.5, Package that enables easy command-line multithreaded rendering for Nuke., 2015-07-25T15:02:10+0000
/project/reusables/, reusables, 0.9.6, Commonly Consumed Code Commodities, 2020-09-26T15:46:56+0000
/project/opensesame-plugin-media-player-vlc/, opensesame-plugin-media_player_vlc, 2.0.0, Media player plugin for OpenSesame, based on VLC player, 2016-07-11T13:46:48+0000
/project/sphinxcontrib-nvd3/, sphinxcontrib.nvd3, 0.2.1, Sphinx chart extension using NVD3.js., 2021-02-16T04:21:10+0000
/project/aio-parallel-tools/, aio_parallel_tools, 0.0.1, simple tools, 2019-11-11T15:26:15+0000
/project/imopay-wrapper/, imopay-wrapper, 0.0.10, Cliente oficial imobanco, 2020-10-28T15:43:18+0000
/project/msproteomicstools/, msproteomicstools, 0.11.0, Tools for MS-based proteomics, 2019-07-16T21:16:06+0000
/project/colorpedia/, colorpedia, 1.2.3, CLI for Color Lookups, 2021-03-22T02:36:39+0000
/project/sdss-archon/, sdss-archon, 0.2.1, A library and actor to communicate with an STA Archon controller., 2021-04-07T07:37:40+0000
/project/marvin-brain/, marvin-brain, 0.2.0, Core Marvin Brain for SDSS, 2020-09-29T17:16:45+0000
/project/prettyetc-qt/, prettyetc-qt, 0.4.0, See your configuration files using a pretty and universal interface., 2020-06-07T17:36:35+0000
/project/pytest-check-links/, pytest-check-links, 0.5.1, Check links in files, 2021-04-08T10:48:11+0000
/project/moear/, moear, 1.0.0a2, Áî®Êù•ÂÆûÁé∞ÂØπÁΩëÁªúÊñáÁ´†ÁöÑÁà¨Âèñ„ÄÅmobiÊâìÂåÖ„ÄÅÂπ∂Êé®ÈÄÅÂà∞KindleËÆæÂ§á‰∏ä, 2018-04-12T13:46:06+0000
/project/lazydocs/, lazydocs, 0.4.6, Generate markdown API documentation for Google-style Python docstring., 2021-03-15T19:24:25+0000
/project/sphinxcontrib-qthelp/, sphinxcontrib-qthelp, 1.0.3, sphinxcontrib-qthelp is a sphinx extension which outputs QtHelp document., 2020-02-29T04:19:08+0000
/project/simular/, simular, 0.0.0, Dynamics and Vehicle Simulation, 2019-08-14T13:06:12+0000
/project/exhale/, exhale, 0.2.3, Automatic C++ library API documentation generator using Doxygen, Sphinx, and Breathe. Exhale revives Doxygen's class / file hierarchies using reStructuredText for superior markup syntax / websites., 2019-06-05T06:16:43+0000
/project/gosyu/, gosyu, 2.0.6, Fix the Sphinx to enable any order to sort indices(using domain feature), 2015-07-04T04:01:36+0000
/project/sphinx/, Sphinx, 3.5.4, Python documentation generator, 2021-04-11T11:27:38+0000
/project/sphinx-lastupdate/, sphinx-lastupdate, 1.0.0, A plugin intended to be used with Sphinx, 2020-06-19T16:48:19+0000
/project/sphinxcontrib-vcs/, sphinxcontrib-vcs, 0.3.0, Sphinx extension to show commit history in version control system, 2020-04-19T10:00:01+0000
/project/moear-spider-zhihudaily/, moear-spider-zhihudaily, 1.1.1, MoEarÁà¨Ëô´ÂäüËÉΩÊâ©Â±ïÊèí‰ª∂ - Áü•‰πéÊó•Êä•, 2018-06-17T04:17:56+0000
/project/sphinxience/, sphinxience, 0.4.2, A Sphinx extension to assist in publishing scientific writing in either HTML or PDF., 2018-10-02T01:24:44+0000
/project/mohand/, mohand, 1.2.0, ÈÄöÁî®Ëá™Âä®ÂåñÂ§ÑÁêÜÂ∑•ÂÖ∑, 2019-12-15T06:44:04+0000
/project/sphinxcontrib-gitloginfo/, sphinxcontrib-gitloginfo, 1.1.0, Sphinx extension to provide data obtained from "git log" in the Sphinx page rendering context., 2021-03-12T10:06:31+0000
/project/keras-attention-block/, keras_attention_block, 0.0.2, simple tools, 2017-12-24T06:06:40+0000
/project/sphinx-navtree/, sphinx-navtree, 0.3.0, Navigation tree customization for Sphinx, 2016-03-19T21:34:30+0000
/project/dnszonetest/, dnszonetest, 1.1.3, DNS Zone Test tests a DNS zone file agaist a given name server., 2017-12-02T14:57:41+0000
/project/toctree-plus/, toctree-plus, 0.2.2, Enhanced Sphinx TocTree that shows classes and functions as if they were sections., 2021-04-16T22:39:08+0000
/project/rstcloth/, rstcloth, 0.3.1, A simple Python API for generating RestructuredText., 2020-09-07T22:24:13+0000
/project/drf-messages/, drf-messages, 1.0.1, Use Django's Messages Framework with Django Rest Framework project., 2021-02-23T23:22:02+0000
/project/nbsphinx/, nbsphinx, 0.8.3, Jupyter Notebook Tools for Sphinx, 2021-04-09T12:16:00+0000
/project/btd-sphinx-graphviz/, btd.sphinx.graphviz, 2.3.1.post1, Embedding diagrams rendered with Graphviz., 2020-01-12T19:23:10+0000
/project/sspider/, sspider, 1.3.5, A simple web crawling framework., 2019-06-05T01:02:22+0000
/project/sphinx-autodoc-future-annotations/, sphinx-autodoc-future-annotations, 0.1.3, , 2018-10-07T14:15:21+0000
/project/enron/, enron, 0.1.dev2, Type foundation for building strict accounting systems, 2018-05-09T02:28:31+0000
/project/lplug/, lplug, 0.1.0, Flexible and dynamic plugin system, 2020-07-01T20:37:17+0000
/project/sphinx-pyproject/, sphinx-pyproject, 0.1.0, Move some of your Sphinx configuration into pyproject.toml, 2021-04-05T08:02:45+0000
/project/lsst-dd-rtd-theme/, lsst-dd-rtd-theme, 0.2.3, LSST Data Management technical note Sphinx theme., 2020-01-22T22:10:14+0000
/project/sphinxcontrib-traceability/, sphinxcontrib-traceability, 0.1.4, Sphinx traceability extension, 2021-03-08T02:05:01+0000
/project/pyc8/, pyC8, 0.16.9, Python Driver for Macrometa Global Edge Fabric, 2021-03-18T11:30:01+0000
/project/binarytree/, binarytree, 6.3.0, Python Library for Studying Binary Trees, 2021-03-27T22:58:13+0000
/project/sphinxext-toptranslators/, sphinxext-toptranslators, 0.1.2, Sphinx Extension to grab top contributors, 2020-07-31T21:09:17+0000
/project/hdmf-docutils/, hdmf-docutils, 0.4.2, Collection of CLIs, scripts and modules useful to generate the NWB documentation, 2021-04-19T21:10:15+0000
/project/waeup-sphinx-autodoc/, waeup.sphinx.autodoc, 0.1.1, More Zope compatible autodocumenters for Sphinx., 2015-11-25T07:59:23+0000
/project/yogosyu/, yogosyu, 2.0.5, Fix the Sphinx to enable any order to sort indices, 2015-07-04T03:55:36+0000
/project/sphinx-fakeinv/, sphinx-fakeinv, 1.0.0, Generate fake Intersphinx inventory, 2016-09-18T18:39:01+0000
/project/sphinxext-linkcheckdiff/, sphinxext-linkcheckdiff, 0.1.0, Sphinx Extension to run diff-only linkchecks, 2020-08-12T03:49:05+0000
/project/pallets-sphinx-themes/, Pallets-Sphinx-Themes, 1.2.3, Sphinx themes for Pallets and related projects., 2020-01-02T15:24:35+0000
/project/sphinx-nested-apidoc/, sphinx-nested-apidoc, 0.3.0, sphinx-nested-apidoc: When flattened is not enough, 2021-01-23T13:39:46+0000
/project/jinjaapidoc/, jinjaapidoc, 0.5.0, Sphinx API Doc with Jinja2 templates, 2019-04-14T13:20:11+0000
/project/sdss-fliswarm/, sdss-fliswarm, 0.1.0, A tool to create and manage Docker instances of flicamera, 2020-11-08T20:44:39+0000
/project/formulalab/, FormulaLab, 0.1.0, Search Engine of Mathmatical Formulas Database, 2020-04-06T03:18:24+0000
/project/yogosyu/, yogosyu, 2.0.5, Fix the Sphinx to enable any order to sort indices, 2015-07-04T03:55:36+0000
/project/sphinx-fakeinv/, sphinx-fakeinv, 1.0.0, Generate fake Intersphinx inventory, 2016-09-18T18:39:01+0000
/project/sphinxext-linkcheckdiff/, sphinxext-linkcheckdiff, 0.1.0, Sphinx Extension to run diff-only linkchecks, 2020-08-12T03:49:05+0000
/project/pallets-sphinx-themes/, Pallets-Sphinx-Themes, 1.2.3, Sphinx themes for Pallets and related projects., 2020-01-02T15:24:35+0000
/project/sphinx-nested-apidoc/, sphinx-nested-apidoc, 0.3.0, sphinx-nested-apidoc: When flattened is not enough, 2021-01-23T13:39:46+0000
/project/jinjaapidoc/, jinjaapidoc, 0.5.0, Sphinx API Doc with Jinja2 templates, 2019-04-14T13:20:11+0000
/project/sdss-fliswarm/, sdss-fliswarm, 0.1.0, A tool to create and manage Docker instances of flicamera, 2020-11-08T20:44:39+0000
/project/formulalab/, FormulaLab, 0.1.0, Search Engine of Mathmatical Formulas Database, 2020-04-06T03:18:24+0000
/project/docstring-parser/, docstring-parser, 0.7.3, , 2020-09-19T11:51:11+0000
/project/othdrplot/, othdrplot, 2.1, High Density Region plot, 2021-02-14T22:33:01+0000
/project/sphinx-autodoc-napoleon-typehints/, sphinx-autodoc-napoleon-typehints, 2.1.6, Type hints (PEP 484) support for the Sphinx autodoc extension, 2017-05-11T13:54:52+0000
/project/sphinxcontrib-websupport/, sphinxcontrib-websupport, 1.2.4, Sphinx API for Web Apps, 2020-08-09T15:35:26+0000
/project/sphinxcontrib-openapi/, sphinxcontrib-openapi, 0.7.0, OpenAPI (fka Swagger) spec renderer for Sphinx, 2020-05-07T21:32:55+0000
/project/sphinxcontrib-beamer/, sphinxcontrib-beamer, 0.0.1, Beamer extension for Sphinx, 2019-12-06T11:36:24+0000
/project/censys/, censys, 1.1.1, An easy-to-use and lightweight API wrapper for the Censys Search Engine (censys.io)., 2021-02-23T19:08:41+0000
/project/sdsstools/, sdsstools, 0.4.10, Small tools for SDSS products, 2021-03-24T22:21:46+0000
/project/sphinxext-delta/, sphinxext-delta, 0.1.0, Sphinx extension for listing changed Sphinx articles, 2021-04-05T04:28:42+0000
/project/sphinxcontrib-toc/, sphinxcontrib-toc, 1.0.0, Sphinx extension to allow .toc file to builde the Table of Contents, 2020-04-12T04:56:41+0000
/project/sphinxcontrib-tryton/, sphinxcontrib-tryton, 0.1.1, A Sphinx extension that enables better documentation of Tryton., 2020-02-07T17:10:33+0000
/project/sphinxcontrib-devhelp/, sphinxcontrib-devhelp, 1.0.2, sphinxcontrib-devhelp is a sphinx extension which outputs Devhelp document., 2020-02-29T04:14:40+0000
/project/sphinx-verilog-domain/, sphinx-verilog-domain, 0.2.post21, Verilog Domain for Sphinx, 2020-09-18T20:35:57+0000
/project/aioorm/, aioorm, 0.1.6, a simple orm suport asyncio,fork of aiopeewee, 2018-09-17T16:03:25+0000
/project/sphinx-highlights/, sphinx-highlights, 0.4.0, Sphinx extension to display a selection of highlights from a Python library., 2021-04-15T13:30:15+0000
/project/db4sphinx/, db4sphinx, 0.1.3, Docbook parser for docutils and sphinx, 2017-01-23T13:29:04+0000
/project/chalicedoc/, chalicedoc, 0.3, Chalice route reStructuredText autodoc directive for docutils/Sphinx., 2018-02-20T06:03:41+0000
/project/remotecode/, remotecode, 0.1.2, **DEPRECATED** A Sphinx extension that enables remote code blocks, 2016-12-23T04:03:28+0000
/project/dse-do-utils/, dse-do-utils, 0.4.0.1, Decision Optimization utilities for IBM Watson Studio projects, 2020-12-14T17:11:33+0000
/project/sphinxcontrib-gtagjs/, sphinxcontrib-gtagjs, 0.2.0, Sphinx extension to render global site tag of Google., 2020-04-16T15:44:23+0000
/project/sphinxcontrib-comments/, sphinxcontrib-comments, 0.0.1.dev0, Add your favorite vendor comments embed code to your documentation pages., 2021-03-18T08:16:00+0000
/project/sphinxext-remoteliteralinclude/, sphinxext-remoteliteralinclude, 0.2.0, Extending literalinclude to include remote URLs, 2021-02-16T05:45:57+0000
/project/workflowhub/, workflowhub, 0.4, Community Framework for Enabling Scientific Workflow Research and Education, 2021-01-02T18:13:54+0000
/project/sphinx-docs-theme/, sphinx-docs-theme, 1.0.7, Sphinx Theme for documentation sites., 2021-03-29T17:43:46+0000
/project/jheaps/, jheaps, 0.14.0, JHeaps library, 2020-12-07T07:36:55+0000
/project/sphinxawesome-theme/, sphinxawesome-theme, 1.19.3, An awesome theme for the Sphinx documentation generator, 2021-04-06T16:26:42+0000
/project/enron/, enron, 0.1.dev2, Type foundation for building strict accounting systems, 2018-05-09T02:28:31+0000
/project/sphinx-lua/, sphinx-lua, 1.1.3, Support for using Sphinx on Luadoc-documented Lua code, 2019-02-18T13:10:09+0000
/project/sphinxawesome-sampdirective/, sphinxawesome-sampdirective, 1.0.5, A Sphinx directive for literal blocks with emphasis, 2020-10-19T08:22:57+0000
/project/sphinx-tsegsearch/, sphinx-tsegsearch, 1.0, Sphinx extension to split searchword with TinySegmenter, 2017-03-26T11:39:01+0000
/project/mrrobot/, mrrobot, 1.0.3, Just another robot to automate the hacking process, 2020-02-24T18:23:49+0000
/project/kirlent/, kirlent, 0.1.0, Educational content management tools., 2019-02-04T12:34:40+0000
/project/pyotrs/, PyOTRS, 0.10.0, Python wrapper for OTRS (using REST API), 2020-07-13T18:40:54+0000
/project/pobapi/, pobapi, 0.6.0, API for Path Of Building's build sharing format., 2020-09-08T21:58:40+0000
/project/sphinxcontrib-chapeldomain/, sphinxcontrib-chapeldomain, 0.0.20, Chapel domain for Sphinx, 2021-03-09T21:20:25+0000
/project/epanet-python/, epanet-python, 0.1.0.dev0, Low-level Wrapper for EPANET, 2018-03-16T13:33:56+0000
/project/sphinx-material/, sphinx-material, 0.0.32, Material sphinx theme, 2020-09-15T12:11:54+0000
/project/sphinxcontrib-applehelp/, sphinxcontrib-applehelp, 1.0.2, sphinxcontrib-applehelp is a sphinx extension which outputs Apple help books, 2020-02-29T04:12:53+0000
/project/pydoodle/, pydoodle, 1.0.2, An API wrapper of Jdoodle.com, 2021-04-06T10:01:14+0000
/project/sphinxcontrib-ocaml/, sphinxcontrib-ocaml, 0.3.0, Sphinx extension to document OCaml libraries, 2017-09-12T09:09:45+0000
/project/lplug/, lplug, 0.1.0, Flexible and dynamic plugin system, 2020-07-01T20:37:17+0000
/project/sphinx-pyproject/, sphinx-pyproject, 0.1.0, Move some of your Sphinx configuration into pyproject.toml, 2021-04-05T08:02:45+0000
/project/lsst-dd-rtd-theme/, lsst-dd-rtd-theme, 0.2.3, LSST Data Management technical note Sphinx theme., 2020-01-22T22:10:14+0000
/project/sphinxcontrib-traceability/, sphinxcontrib-traceability, 0.1.4, Sphinx traceability extension, 2021-03-08T02:05:01+0000
/project/extras-require/, extras-require, 0.3.0, Display a warning at the top of module documentation that it has additional requirements., 2021-03-09T23:06:28+0000
/project/antidox/, antidox, 0.2.1, Sphinx extension to extract and insert Doxygen documentation., 2021-01-18T10:17:21+0000
/project/sdssdb/, sdssdb, 0.4.9, SDSS product for database management, 2021-04-20T02:28:41+0000
/project/sphinx-intl/, sphinx-intl, 2.0.1, Sphinx utility that make it easy to translate and to apply translation., 2020-04-27T16:36:08+0000
/project/astroobs/, astroobs, 1.4.5, Provides astronomy ephemeris to plan telescope observations, 2016-08-06T10:50:54+0000
/project/geologicaltoolbox/, GeologicalToolbox, 0.3.1b3, A python module for processing and storing geological data., 2021-02-24T13:30:14+0000
/project/glia/, Glia, 0.1.0.dev6, Official Desktop Client for Glial Engines, 2019-05-19T07:48:30+0000
/project/doctr-versions-menu/, doctr-versions-menu, 0.4.1, Sphinx extension and command to add a versions menu to Doctr-deployed documentation, 2021-03-18T18:16:04+0000
/project/mrrobot/, mrrobot, 1.0.3, Just another robot to automate the hacking process, 2020-02-24T18:23:49+0000
/project/kirlent/, kirlent, 0.1.0, Educational content management tools., 2019-02-04T12:34:40+0000
/project/pyotrs/, PyOTRS, 0.10.0, Python wrapper for OTRS (using REST API), 2020-07-13T18:40:54+0000
/project/pobapi/, pobapi, 0.6.0, API for Path Of Building's build sharing format., 2020-09-08T21:58:40+0000
/project/sphinxcontrib-chapeldomain/, sphinxcontrib-chapeldomain, 0.0.20, Chapel domain for Sphinx, 2021-03-09T21:20:25+0000
/project/epanet-python/, epanet-python, 0.1.0.dev0, Low-level Wrapper for EPANET, 2018-03-16T13:33:56+0000
/project/sphinx-material/, sphinx-material, 0.0.32, Material sphinx theme, 2020-09-15T12:11:54+0000
/project/sphinxcontrib-applehelp/, sphinxcontrib-applehelp, 1.0.2, sphinxcontrib-applehelp is a sphinx extension which outputs Apple help books, 2020-02-29T04:12:53+0000
/project/pydoodle/, pydoodle, 1.0.2, An API wrapper of Jdoodle.com, 2021-04-06T10:01:14+0000
/project/sphinxcontrib-ocaml/, sphinxcontrib-ocaml, 0.3.0, Sphinx extension to document OCaml libraries, 2017-09-12T09:09:45+0000
/project/extras-require/, extras-require, 0.3.0, Display a warning at the top of module documentation that it has additional requirements., 2021-03-09T23:06:28+0000
/project/antidox/, antidox, 0.2.1, Sphinx extension to extract and insert Doxygen documentation., 2021-01-18T10:17:21+0000
/project/sdssdb/, sdssdb, 0.4.9, SDSS product for database management, 2021-04-20T02:28:41+0000
/project/sphinx-intl/, sphinx-intl, 2.0.1, Sphinx utility that make it easy to translate and to apply translation., 2020-04-27T16:36:08+0000
/project/astroobs/, astroobs, 1.4.5, Provides astronomy ephemeris to plan telescope observations, 2016-08-06T10:50:54+0000
/project/geologicaltoolbox/, GeologicalToolbox, 0.3.1b3, A python module for processing and storing geological data., 2021-02-24T13:30:14+0000
/project/scanpydoc/, scanpydoc, 0.7, A series of Sphinx extensions to get easy to maintain, numpydoc style documentation., 2021-04-15T12:42:13+0000
/project/bfabio-sphinx-rst-builder/, bfabio.sphinx-rst-builder, 0.0.1, Sphinx reStructuredText builder, 2020-01-05T12:53:45+0000
/project/handsdown/, handsdown, 0.3.9, Python docstring-based documentation generator for lazy perfectionists., 2020-04-16T03:36:52+0000
/project/sphinxcontrib-beamer/, sphinxcontrib-beamer, 0.0.1, Beamer extension for Sphinx, 2019-12-06T11:36:24+0000
/project/sphinxext-delta/, sphinxext-delta, 0.1.0, Sphinx extension for listing changed Sphinx articles, 2021-04-05T04:28:42+0000
/project/sphinxcontrib-toc/, sphinxcontrib-toc, 1.0.0, Sphinx extension to allow .toc file to builde the Table of Contents, 2020-04-12T04:56:41+0000
/project/sphinxcontrib-tryton/, sphinxcontrib-tryton, 0.1.1, A Sphinx extension that enables better documentation of Tryton., 2020-02-07T17:10:33+0000
/project/sphinxcontrib-devhelp/, sphinxcontrib-devhelp, 1.0.2, sphinxcontrib-devhelp is a sphinx extension which outputs Devhelp document., 2020-02-29T04:14:40+0000
/project/sphinx-verilog-domain/, sphinx-verilog-domain, 0.2.post21, Verilog Domain for Sphinx, 2020-09-18T20:35:57+0000
/project/aioorm/, aioorm, 0.1.6, a simple orm suport asyncio,fork of aiopeewee, 2018-09-17T16:03:25+0000
/project/dse-do-utils/, dse-do-utils, 0.4.0.1, Decision Optimization utilities for IBM Watson Studio projects, 2020-12-14T17:11:33+0000
/project/workflowhub/, workflowhub, 0.4, Community Framework for Enabling Scientific Workflow Research and Education, 2021-01-02T18:13:54+0000
/project/doxyphp2sphinx/, doxyphp2sphinx, 1.0.1, API Documentation generator for PHP projects which use Sphinx., 2018-05-20T02:40:16+0000
/project/soif/, soif, 1.0.4, Software for Optical Interferometry Fitting, 2017-02-24T17:19:28+0000
/project/sphinxcontrib-wiki/, sphinxcontrib-wiki, 0.5.0, Assemble sections into wiki pages in sphinx documents, 2018-04-20T19:19:21+0000
/project/sphinx-stylo/, sphinx-stylo, 0.1.1, Insert images into Sphinx documentation using inline code and stylo, 2018-10-28T20:33:40+0000
/project/sphinxcontrib-asyncio/, sphinxcontrib-asyncio, 0.3.0, sphinx extension to support coroutines in markup, 2020-08-19T09:44:57+0000
/project/opticslab/, OpticsLab, 0.0.0, Simulate Optics Physics Experements, 2020-04-19T05:26:37+0000
/project/ssh-config-json/, ssh-config-json, 1.0.1, Dump JSON for your ssh config include IdentityFiles and restore those., 2020-12-04T21:30:44+0000
/project/sphinx-susiai-theme/, sphinx-susiai-theme, 0.0.1, A Sphinx theme specific to SUSI AI's Projects, 2017-08-14T16:11:02+0000
/project/sphinx-fossasia-theme/, sphinx-fossasia-theme, 0.0.4, A Sphinx theme specific to FOSSASIA's Projects, 2017-08-01T11:40:39+0000
/project/bolditalic/, bolditalic, 0.1.4, **DEPRECATED** A Sphinx extension that enables inline bold + italic., 2016-12-23T04:02:08+0000
/project/plotpy/, plotpy, 1.2.0, Plotpy is a library which results from merge of guidata and guiqwt., 2021-04-13T14:27:48+0000
/project/beanbag-docutils/, beanbag-docutils, 1.8, Sphinx utility modules for Beanbag's documentation format., 2021-02-28T07:21:25+0000
/project/tir-framework/, tir-framework, 1.17.43, TOTVS Interface Robot, 2021-04-06T19:54:07+0000
/project/sdss-drift/, sdss-drift, 0.2.1, Modbus PLC control library, 2021-03-24T05:44:54+0000
/project/sphinx-tabs/, sphinx-tabs, 2.1.0, Tabbed views for Sphinx, 2021-03-10T18:35:47+0000
/project/opensesame-plugin-media-player-mpy/, opensesame-plugin-media-player-mpy, 0.1.11, Media player plugin for OpenSesame, based on MoviePy, 2020-07-01T15:04:07+0000
/project/sphinxcontrib-serializinghtml/, sphinxcontrib-serializinghtml, 1.1.4, sphinxcontrib-serializinghtml is a sphinx extension which outputs "serialized" HTML files (json and pickle)., 2020-02-29T04:18:03+0000
/project/sphinx-lastupdate/, sphinx-lastupdate, 1.0.0, A plugin intended to be used with Sphinx, 2020-06-19T16:48:19+0000
/project/sphinxcontrib-vcs/, sphinxcontrib-vcs, 0.3.0, Sphinx extension to show commit history in version control system, 2020-04-19T10:00:01+0000
/project/moear-spider-zhihudaily/, moear-spider-zhihudaily, 1.1.1, MoEarÁà¨Ëô´ÂäüËÉΩÊâ©Â±ïÊèí‰ª∂ - Áü•‰πéÊó•Êä•, 2018-06-17T04:17:56+0000
/project/moear-package-mobi/, moear-package-mobi, 1.1.2.post0, MoEarÊâìÂåÖÂäüËÉΩÊâ©Â±ïÊèí‰ª∂ - Mobi, 2018-06-17T02:06:14+0000
/project/sphinxawesome-safenet-theme/, sphinxawesome-safenet-theme, 0.0.2, A Thales community doc theme based on sphinxawesome-theme, 2021-03-28T19:35:19+0000
/project/sphinxext-rediraffe/, sphinxext-rediraffe, 0.2.7, Sphinx Extension that redirects non-existent pages to working pages., 2021-04-16T11:42:26+0000
/project/insipid-sphinx-theme/, insipid-sphinx-theme, 0.2.4, An insipid Sphinx theme, 2021-04-04T13:46:49+0000
/project/sphinx-probs-rdf/, sphinx-probs-rdf, 0.1.1, sphinx_probs_rdf is a sphinx extension which outputs RDF describing Processes and Objects using the PRObs ontology., 2021-04-21T10:50:47+0000
/project/documenteer/, documenteer, 0.6.6, Rubin Observatory / LSST Sphinx documentation tools, extensions, and configurations., 2021-02-17T18:47:09+0000
/project/sphinxcontrib-github-alt/, sphinxcontrib_github_alt, 1.2, Link to GitHub issues, pull requests, commits and users from Sphinx docs., 2020-04-27T09:12:42+0000
/project/sphinx-exercise/, sphinx-exercise, 0.1.1, A Sphinx extension for producing exercises and solutions., 2020-10-10T09:35:53+0000
/project/sphinx-foundation-theme/, sphinx-foundation-theme, 0.6.0, A Sphinx HTML theme that uses Zurb foundation-sites., 2016-11-28T22:45:38+0000
/project/ec-cmd-wallet/, EC_CMD_Wallet, 0.0.1, simple tools, 2018-11-15T14:05:43+0000
/project/sphinx-reredirects/, sphinx-reredirects, 0.0.1, Handles redirects for moved pages in Sphinx documentation projects, 2021-04-26T09:38:40+0000
