/project/robotframework-libdoc2json/, robotframework-libdoc2json, 0.4, A python module to create json for VSCode Robot Framework Intellisense., 2019-07-03T13:29:03+0000
/project/robotframework-exceldatadriver/, robotframework-exceldatadriver, 1.2.6, ExcelDataDriver is a Excel Data-Driven Testing library for Robot Framework., 2021-01-25T11:10:55+0000
/project/extensiveautomation-server/, extensiveautomation-server, 22.1.0, Open source automation framework, 2020-07-29T06:54:45+0000
/project/robotframework-libdoc2testbench/, robotframework-libdoc2testbench, 1.0rc1, Robot Framework Libdoc Extension that generates imbus TestBench Library import formats., 2021-03-22T12:41:55+0000
/project/stackuchin/, stackuchin, 1.6.0, CLI for Stackuchin - Automatically create, update and delete AWS CloudFormation stacks in multiple AWS accounts and regions at the same time, 2021-03-22T12:36:58+0000
/project/extensiveautomation-agent-plugin-selenium/, extensiveautomation-agent-plugin-selenium, 1.0.0, Selenium plugin for extensiveautomation agent, 2020-07-26T18:15:30+0000
/project/robotframework-i18nlibrary/, robotframework-I18nLibrary, 0.1.4, I18nLibrary translator library for support in robotframework., 2020-06-15T04:16:31+0000
/project/behave-restful/, behave-restful, 0.4.1, Implements Gherking language for REST services., 2021-03-09T23:16:04+0000
/project/extensiveautomation-plugin-cli/, extensiveautomation-plugin-cli, 1.3.0, CLI plugin for extensiveautomation server, 2020-07-29T06:44:31+0000
/project/robotframework-crypto/, robotframework-crypto, 0.3.0, A library for secure password handling., 2021-03-31T22:47:45+0000
/project/extensiveautomation-agent/, extensiveautomation-agent, 16.1.0, Remote agent for the extensiveautomation server, 2020-07-29T06:43:20+0000
/project/pytest-sbase/, pytest-sbase, 1.62.1, A complete web automation framework for end-to-end testing., 2021-04-24T06:53:46+0000
/project/selenium-stealth/, selenium-stealth, 1.0.6, Trying to make python selenium more stealthy., 2020-11-05T15:26:05+0000
/project/robotframework-netaddr/, robotframework-netaddr, 0.0.4, Robotframework keyword for the python netaddr library, 2021-01-28T06:53:04+0000
/project/altwalker/, altwalker, 0.3.0, AltWalker is an open source Model-Based Testing framework that supports running tests written in python3 and .NET/C#. You design your tests as a directed graph and AltWalker generates test cases from your graph (using GraphWalker) and executes them., 2021-03-10T14:54:14+0000
/project/seleniumbase/, seleniumbase, 1.62.1, A complete web automation framework for end-to-end testing., 2021-04-24T06:52:17+0000
/project/save-thread-result/, save-thread-result, 0.0.6, Simple subclass wrapper around `threading.Thread` to get the return value from a thread in python (from `threading` built-in module in Python Standard library). Exact same interface for creating an instance of this threading sublcass as `threading.Thread`!, 2021-02-08T00:27:52+0000
/project/specify/, specify, 0.0.9, A spec tool to describe your classes, 2019-02-14T18:33:47+0000
/project/sschema/, sschema, 0.1.6, A library and prebuilt schemas for handling edge sensor data, 2020-03-12T00:08:45+0000
/project/fuzz-lightyear/, fuzz-lightyear, 0.0.9, Vulnerability Discovery through Stateful Swagger Fuzzing, 2020-08-19T21:54:07+0000
/project/pytest-testslide/, pytest-testslide, 2.6.3, TestSlide fixture for pytest, 2021-01-07T15:59:09+0000
/project/pactman/, pactman, 2.28.0, Tools for creating and verifying consumer driven contracts using the Pact framework., 2020-05-10T00:50:11+0000
/project/dikort/, dikort, 0.2.1, Commit messages checking tool., 2021-03-18T10:51:39+0000
/project/robotframework-puppeteerlibrary/, robotframework-PuppeteerLibrary, 3.0.3, PuppeteerLibrary is a Web Testing library for Robot Framework., 2021-04-20T02:39:45+0000
/project/aop-on-robot/, aop-on-robot, 0.0.2, , 2020-10-28T09:28:50+0000
/project/robotframework/, robotframework, 4.0.1, Generic automation framework for acceptance testing and robotic process automation (RPA), 2021-04-08T20:20:11+0000
/project/extensiveautomation-plugin-web/, extensiveautomation-plugin-web, 1.2.0, WEB plugin for extensiveautomation server, 2020-07-29T06:44:09+0000
/project/outsystems-pipeline/, outsystems-pipeline, 0.3.1, Python package to accelerate the integration of OutSystems with third-party CI/CD tools, 2020-03-25T15:11:47+0000
/project/nzme-skynet/, nzme-skynet, 0.5.0, NZME Test Automation Library, 2020-02-12T22:37:33+0000
/project/prophepy/, prophepy, 0.0.4, Python mocks made for humans, 2019-02-14T18:32:04+0000
/project/extensiveautomation-agent-plugin-curl/, extensiveautomation-agent-plugin-curl, 1.0.4, Curl plugin for extensiveautomation agent, 2020-07-26T15:58:01+0000
/project/robotframework-debugger/, robotframework-debugger, 0.2.0, A Robot Framework Listener to try keywords and pause execution on failure, 2021-03-23T23:14:13+0000
/project/sbase/, sbase, 1.62.1, A complete web automation framework for end-to-end testing., 2021-04-24T06:52:53+0000
/project/robotframework-kicadlibrary/, robotframework-kicadlibrary, 2.0.1, Robot Framework KiCAD library, 2020-09-14T11:45:07+0000
/project/robotframework-imapclientlibrary/, robotframework-IMAPClientLibrary, 0.1.3, IMAPClientLibrary is a Test email library for Robot Framework., 2020-12-19T05:11:48+0000
/project/log-everywhere/, log-everywhere, 0.0.1, Logging package to enable writing all program information with corresponding datetime to multiple, DIFFERENT files safely when running multiple threads (multi-threading)., 2021-01-14T08:20:05+0000
/project/prodigyqa/, prodigyqa, 1.2.2, Test Automation Framework, 2019-11-28T12:38:12+0000
/project/extensiveautomation-plugin-gui/, extensiveautomation-plugin-gui, 1.3.0, GUI plugin for extensiveautomation server, 2020-07-29T06:44:44+0000
/project/doraemon-robotframework/, doraemon-robotframework, 1.6.8, Generic automation framework for acceptance testing and robotic process automation (RPA), 2019-06-05T02:11:27+0000
/project/testslide/, TestSlide, 2.6.3, A test framework for Python that makes mocking and iterating over code with tests a breeze, 2020-11-12T14:40:57+0000
/project/extensiveautomation-plugin-gui/, extensiveautomation-plugin-gui, 1.3.0, GUI plugin for extensiveautomation server, 2020-07-29T06:44:44+0000
/project/sbase/, sbase, 1.62.1, A complete web automation framework for end-to-end testing., 2021-04-24T06:52:53+0000
/project/robotframework-imapclientlibrary/, robotframework-IMAPClientLibrary, 0.1.3, IMAPClientLibrary is a Test email library for Robot Framework., 2020-12-19T05:11:48+0000
/project/selenium-base/, selenium-base, 1.62.1, A complete web automation framework for end-to-end testing., 2021-04-24T06:53:34+0000
/project/e2e-common/, e2e.common, 0.1.3, Core modelling framework components for the e2e package ecosystem, 2020-10-17T04:29:22+0000
/project/rungutan/, rungutan, 1.8.0, CLI for Rungutan - the first API Load Testing SaaS platform worldwide, 100% Serverless, which  helps you simulate workflows to emulate user experience, so it's easier to design workflow oriented strategies., 2021-04-16T11:28:45+0000
/project/robotframework-puppeteer-percy/, robotframework-puppeteer-percy, 0.1.1, Puppeteer Percy Library is a puppeteer percy client library for robot framework, 2021-02-12T05:06:20+0000
/project/e2e-api/, e2e.api, 0.1.2, REST API wrappers & modeling framework for APIs., 2020-03-10T22:32:13+0000
/project/robotlibcore-temp/, robotlibcore-temp, 1.0.2, Tools to ease creating larger test libraries for Robot Framework using Python., 2019-08-26T12:18:47+0000
/project/api-testing/, api-testing, 1.0.3, API Testing framework for functional testing of REST APIs, 2020-11-06T10:17:18+0000
/project/e2e-env/, e2e.env, 0.1.0, Easily model and convert environment variables you care about., 2019-02-12T09:07:20+0000
/project/doraemon-robotframework/, doraemon-robotframework, 1.6.8, Generic automation framework for acceptance testing and robotic process automation (RPA), 2019-06-05T02:11:27+0000
/project/testslide/, TestSlide, 2.6.3, A test framework for Python that makes mocking and iterating over code with tests a breeze, 2020-11-12T14:40:57+0000
/project/robotframework-kicadlibrary/, robotframework-kicadlibrary, 2.0.1, Robot Framework KiCAD library, 2020-09-14T11:45:07+0000
/project/log-everywhere/, log-everywhere, 0.0.1, Logging package to enable writing all program information with corresponding datetime to multiple, DIFFERENT files safely when running multiple threads (multi-threading)., 2021-01-14T08:20:05+0000
/project/robotframework-libdoc2json/, robotframework-libdoc2json, 0.4, A python module to create json for VSCode Robot Framework Intellisense., 2019-07-03T13:29:03+0000
/project/robotframework-exceldatadriver/, robotframework-exceldatadriver, 1.2.6, ExcelDataDriver is a Excel Data-Driven Testing library for Robot Framework., 2021-01-25T11:10:55+0000
/project/extensiveautomation-server/, extensiveautomation-server, 22.1.0, Open source automation framework, 2020-07-29T06:54:45+0000
/project/robotframework-libdoc2testbench/, robotframework-libdoc2testbench, 1.0rc1, Robot Framework Libdoc Extension that generates imbus TestBench Library import formats., 2021-03-22T12:41:55+0000
/project/stackuchin/, stackuchin, 1.6.0, CLI for Stackuchin - Automatically create, update and delete AWS CloudFormation stacks in multiple AWS accounts and regions at the same time, 2021-03-22T12:36:58+0000
/project/behave-restful/, behave-restful, 0.4.1, Implements Gherking language for REST services., 2021-03-09T23:16:04+0000
/project/extensiveautomation-agent-plugin-selenium/, extensiveautomation-agent-plugin-selenium, 1.0.0, Selenium plugin for extensiveautomation agent, 2020-07-26T18:15:30+0000
/project/robotframework-i18nlibrary/, robotframework-I18nLibrary, 0.1.4, I18nLibrary translator library for support in robotframework., 2020-06-15T04:16:31+0000
/project/extensiveautomation-plugin-cli/, extensiveautomation-plugin-cli, 1.3.0, CLI plugin for extensiveautomation server, 2020-07-29T06:44:31+0000
/project/dikort/, dikort, 0.2.1, Commit messages checking tool., 2021-03-18T10:51:39+0000
/project/robotframework-crypto/, robotframework-crypto, 0.3.0, A library for secure password handling., 2021-03-31T22:47:45+0000
/project/robotframework-puppeteerlibrary/, robotframework-PuppeteerLibrary, 3.0.4, PuppeteerLibrary is a Web Testing library for Robot Framework., 2021-04-25T07:02:37+0000
/project/extensiveautomation-agent/, extensiveautomation-agent, 16.1.0, Remote agent for the extensiveautomation server, 2020-07-29T06:43:20+0000
/project/pytest-sbase/, pytest-sbase, 1.62.1, A complete web automation framework for end-to-end testing., 2021-04-24T06:53:46+0000
/project/robotframework-netaddr/, robotframework-netaddr, 0.0.4, Robotframework keyword for the python netaddr library, 2021-01-28T06:53:04+0000
/project/specify/, specify, 0.0.9, A spec tool to describe your classes, 2019-02-14T18:33:47+0000
/project/aop-on-robot/, aop-on-robot, 0.0.2, , 2020-10-28T09:28:50+0000
/project/sschema/, sschema, 0.1.6, A library and prebuilt schemas for handling edge sensor data, 2020-03-12T00:08:45+0000
/project/robotframework-debugger/, robotframework-debugger, 0.2.0, A Robot Framework Listener to try keywords and pause execution on failure, 2021-03-23T23:14:13+0000
/project/pactman/, pactman, 2.28.0, Tools for creating and verifying consumer driven contracts using the Pact framework., 2020-05-10T00:50:11+0000
/project/selenium-stealth/, selenium-stealth, 1.0.6, Trying to make python selenium more stealthy., 2020-11-05T15:26:05+0000
/project/altwalker/, altwalker, 0.3.0, AltWalker is an open source Model-Based Testing framework that supports running tests written in python3 and .NET/C#. You design your tests as a directed graph and AltWalker generates test cases from your graph (using GraphWalker) and executes them., 2021-03-10T14:54:14+0000
/project/seleniumbase/, seleniumbase, 1.62.1, A complete web automation framework for end-to-end testing., 2021-04-24T06:52:17+0000
/project/save-thread-result/, save-thread-result, 0.0.6, Simple subclass wrapper around `threading.Thread` to get the return value from a thread in python (from `threading` built-in module in Python Standard library). Exact same interface for creating an instance of this threading sublcass as `threading.Thread`!, 2021-02-08T00:27:52+0000
/project/robotframework/, robotframework, 4.0.1, Generic automation framework for acceptance testing and robotic process automation (RPA), 2021-04-08T20:20:11+0000
/project/extensiveautomation-plugin-web/, extensiveautomation-plugin-web, 1.2.0, WEB plugin for extensiveautomation server, 2020-07-29T06:44:09+0000
/project/outsystems-pipeline/, outsystems-pipeline, 0.3.1, Python package to accelerate the integration of OutSystems with third-party CI/CD tools, 2020-03-25T15:11:47+0000
/project/fuzz-lightyear/, fuzz-lightyear, 0.0.9, Vulnerability Discovery through Stateful Swagger Fuzzing, 2020-08-19T21:54:07+0000
/project/pytest-testslide/, pytest-testslide, 2.6.3, TestSlide fixture for pytest, 2021-01-07T15:59:09+0000
/project/nzme-skynet/, nzme-skynet, 0.5.0, NZME Test Automation Library, 2020-02-12T22:37:33+0000
/project/prophepy/, prophepy, 0.0.4, Python mocks made for humans, 2019-02-14T18:32:04+0000
/project/extensiveautomation-agent-plugin-curl/, extensiveautomation-agent-plugin-curl, 1.0.4, Curl plugin for extensiveautomation agent, 2020-07-26T15:58:01+0000
/project/sbase/, sbase, 1.62.1, A complete web automation framework for end-to-end testing., 2021-04-24T06:52:53+0000
/project/robotframework-kicadlibrary/, robotframework-kicadlibrary, 2.0.1, Robot Framework KiCAD library, 2020-09-14T11:45:07+0000
/project/robotframework-imapclientlibrary/, robotframework-IMAPClientLibrary, 0.1.3, IMAPClientLibrary is a Test email library for Robot Framework., 2020-12-19T05:11:48+0000
/project/log-everywhere/, log-everywhere, 0.0.1, Logging package to enable writing all program information with corresponding datetime to multiple, DIFFERENT files safely when running multiple threads (multi-threading)., 2021-01-14T08:20:05+0000
/project/prodigyqa/, prodigyqa, 1.2.2, Test Automation Framework, 2019-11-28T12:38:12+0000
/project/extensiveautomation-plugin-gui/, extensiveautomation-plugin-gui, 1.3.0, GUI plugin for extensiveautomation server, 2020-07-29T06:44:44+0000
/project/doraemon-robotframework/, doraemon-robotframework, 1.6.8, Generic automation framework for acceptance testing and robotic process automation (RPA), 2019-06-05T02:11:27+0000
/project/testslide/, TestSlide, 2.6.3, A test framework for Python that makes mocking and iterating over code with tests a breeze, 2020-11-12T14:40:57+0000
/project/e2e-common/, e2e.common, 0.1.3, Core modelling framework components for the e2e package ecosystem, 2020-10-17T04:29:22+0000
/project/rungutan/, rungutan, 1.8.0, CLI for Rungutan - the first API Load Testing SaaS platform worldwide, 100% Serverless, which  helps you simulate workflows to emulate user experience, so it's easier to design workflow oriented strategies., 2021-04-16T11:28:45+0000
/project/e2e-api/, e2e.api, 0.1.2, REST API wrappers & modeling framework for APIs., 2020-03-10T22:32:13+0000
/project/robotframework-datadriver/, robotframework-datadriver, 1.1.2, A library for Data-Driven Testing., 2021-03-29T17:46:27+0000
/project/robotlibcore-temp/, robotlibcore-temp, 1.0.2, Tools to ease creating larger test libraries for Robot Framework using Python., 2019-08-26T12:18:47+0000
/project/api-testing/, api-testing, 1.0.3, API Testing framework for functional testing of REST APIs, 2020-11-06T10:17:18+0000
/project/e2e-env/, e2e.env, 0.1.0, Easily model and convert environment variables you care about., 2019-02-12T09:07:20+0000
/project/robotframework-browser-migration/, robotframework-browser-migration, 0.1.0, Some small helpers for migration of SeleniumLibrary to Browser, 2020-08-02T19:42:51+0000
/project/pytest-seleniumbase/, pytest-seleniumbase, 1.62.1, A complete web automation framework for end-to-end testing., 2021-04-24T06:53:04+0000
/project/python-tia/, python-tia, 0.0.0, tia: The generic Test Impact Analysis (TIA) preprocessor for test tools., 2018-09-06T21:22:55+0000
/project/doraemon-robotframework/, doraemon-robotframework, 1.6.8, Generic automation framework for acceptance testing and robotic process automation (RPA), 2019-06-05T02:11:27+0000
/project/sbase/, sbase, 1.62.1, A complete web automation framework for end-to-end testing., 2021-04-24T06:52:53+0000
/project/robotframework-kicadlibrary/, robotframework-kicadlibrary, 2.0.1, Robot Framework KiCAD library, 2020-09-14T11:45:07+0000
/project/robotframework-imapclientlibrary/, robotframework-IMAPClientLibrary, 0.1.3, IMAPClientLibrary is a Test email library for Robot Framework., 2020-12-19T05:11:48+0000
/project/log-everywhere/, log-everywhere, 0.0.1, Logging package to enable writing all program information with corresponding datetime to multiple, DIFFERENT files safely when running multiple threads (multi-threading)., 2021-01-14T08:20:05+0000
