/project/trytond-account-statement-ofx/, trytond-account-statement-ofx, 5.8.2, Tryton module to import OFX statements, 2021-02-01T22:14:54+0000
/project/trytond-product-price-list-parent/, trytond-product-price-list-parent, 5.8.1, Tryton module to use price from another price list, 2021-01-01T15:31:59+0000
/project/trytond-account-payment-stripe/, trytond-account-payment-stripe, 5.8.2, Tryton module for Stripe payment, 2021-02-19T20:28:07+0000
/project/trytond-edocument-uncefact/, trytond-edocument-uncefact, 5.8.1, Tryton module for electronic document UN/CEFACT, 2021-01-01T15:27:16+0000
/project/trytond-purchase-amendment/, trytond-purchase-amendment, 5.8.1, Tryton module to amend purchases, 2021-01-01T15:33:07+0000
/project/trytond-stock-lot-unit/, trytond-stock-lot-unit, 5.8.1, Tryton module to define unit on stock lot, 2021-01-01T15:40:55+0000
/project/snowballstemmer/, snowballstemmer, 2.1.0, This package provides 29 stemmers for 28 languages generated from Snowball algorithms., 2021-01-21T11:43:00+0000
/project/trytond-account-dunning-email/, trytond-account-dunning-email, 5.8.1, Tryton module for account dunning email, 2021-01-01T15:18:11+0000
/project/tryton/, tryton, 5.8.7, Tryton desktop client, 2021-04-16T17:01:24+0000
/project/trytond-stock-package-shipping-ups/, trytond-stock-package-shipping-ups, 5.8.2, UPS connector for the Tryton application plateform, 2021-01-01T15:41:37+0000
/project/trytond-product-cost-history/, trytond-product-cost-history, 5.8.1, Tryton module to historize product cost, 2021-01-01T15:30:11+0000
/project/trytond-project/, trytond-project, 5.8.2, Tryton module with projects, 2021-03-03T17:29:32+0000
/project/trytond-sale-secondary-unit/, trytond-sale-secondary-unit, 5.8.1, Tryton module to add a secondary unit on sale line, 2021-01-01T15:37:20+0000
/project/trytond-account-eu/, trytond-account-eu, 5.8.1, Tryton module for european accounting, 2021-01-01T15:18:56+0000
/project/trytond-account-statement/, trytond-account-statement, 5.8.1, Tryton module with account statements, 2021-01-01T15:22:00+0000
/project/m9s-account-invoice-discount/, m9s-account-invoice-discount, 5.2.2, Tryton Account Invoice Discount Module, 2021-03-04T23:45:10+0000
/project/trytond-account-asset/, trytond-account-asset, 5.8.3, Tryton module for assets management, 2021-04-16T17:36:12+0000
/project/m9s-party-address-type-strict/, m9s-party-address-type-strict, 5.2.1, Tryton Party Address Type Strict Module, 2021-02-23T19:16:04+0000
/project/trytond-account-invoice-secondary-unit/, trytond-account-invoice-secondary-unit, 5.8.1, Tryton module to add a secondary unit on invoice line, 2021-01-01T15:20:19+0000
/project/m9s-project-invoice-operation/, m9s-project-invoice-operation, 5.2.1, Tryton Project Invoice Operation Module, 2021-04-04T19:19:35+0000
/project/m9s-account-tax-reverse-charge/, m9s-account-tax-reverse-charge, 5.2.3, Tryton Account Tax Reverse Charge Module, 2021-03-05T00:09:43+0000
/project/trytond-analytic-invoice/, trytond-analytic-invoice, 5.8.1, Tryton module to add analytic accounting on invoice, 2021-01-01T15:24:11+0000
/project/trytond-web-shop-vue-storefront/, trytond-web-shop-vue-storefront, 5.8.3, Tryton module to integrate with Vue Storefront, 2021-02-19T20:25:37+0000
/project/trytond-account-statement-rule/, trytond-account-statement-rule, 5.8.2, Tryton module to automate statement import with rules, 2021-01-01T15:22:43+0000
/project/trytonzz-sale-salesman/, trytonzz_sale_salesman, 3.4.0, Tryton module. Add salesman in sale, 2014-11-21T09:26:22+0000
/project/trytond-sale-subscription/, trytond-sale-subscription, 5.8.3, Tryton module for subscription, 2021-04-16T17:14:38+0000
/project/trytond-account-dunning-fee/, trytond-account-dunning-fee, 5.8.1, Tryton module for account dunning fee, 2021-01-01T15:18:21+0000
/project/m9s-nereid-cart-b2c/, m9s-nereid-cart-b2c, 5.2.9, Tryton Nereid Cart B2C Module, 2021-03-21T17:07:23+0000
/project/trytond-stock-lot/, trytond-stock-lot, 5.8.2, Tryton module for lot of products, 2021-01-01T15:40:33+0000
/project/m9s-nereid-image-transformation/, m9s-nereid-image-transformation, 5.2.1, Tryton Nereid Image Transformation Module, 2021-03-02T23:37:52+0000
/project/m9s-account-tax-rule-zone/, m9s-account-tax-rule-zone, 5.2.2, Tryton Account Tax Rule Zone Module, 2021-03-05T00:05:55+0000
/project/trytond-production-work/, trytond-production-work, 5.8.1, Tryton module for production work, 2021-01-01T15:31:06+0000
/project/trytond-analytic-purchase/, trytond-analytic-purchase, 5.8.1, Tryton module to add analytic accounting on purchase, 2021-01-01T15:24:22+0000
/project/m9s-account-de-skr03/, m9s-account-de-skr03, 5.2.2, Tryton Account De Skr03 Module, 2021-02-23T19:43:04+0000
/project/trytond-analytic-account/, trytond-analytic-account, 5.8.1, Tryton module for analytic accounting, 2021-01-01T15:23:59+0000
/project/trytond-product-classification-taxonomic/, trytond-product-classification-taxonomic, 5.8.1, Tryton module to implement product classification taxonomic, 2021-01-01T15:29:50+0000
/project/trytond-purchase-requisition/, trytond-purchase-requisition, 5.8.2, Allows users to enter requests for product supply (requisition). This will create a "Purchase request" by line which will be treated by the purchasing department., 2021-04-16T17:27:04+0000
/project/trytond-sale-subscription-asset/, trytond-sale-subscription-asset, 5.8.1, A module to handle asset in the sale subscriptions, 2021-01-01T15:38:31+0000
/project/trytond-sale-supply-drop-shipment/, trytond-sale-supply-drop-shipment, 5.8.1, Tryton module for sale supply drop shipment, 2021-01-01T15:38:52+0000
/project/m9s-shipping/, m9s-shipping, 5.2.6, Tryton Shipping Module, 2021-03-20T20:36:43+0000
/project/m9s-elastic-search/, m9s-elastic-search, 5.2.4, Tryton Elastic Search Module, 2021-03-21T11:09:18+0000
/project/m9s-gift-card/, m9s-gift-card, 5.2.5, Tryton Gift Card Module, 2021-02-28T00:07:45+0000
/project/trytond-user-role/, trytond-user-role, 5.8.1, Tryton module to manage role on user, 2021-01-01T15:43:36+0000
/project/m9s-nereid-webshop/, m9s-nereid-webshop, 5.2.5, Tryton Nereid Webshop Module, 2021-03-04T10:00:52+0000
/project/woost/, woost, 2.8.1, Model driven multilanguage CMS., 2016-03-16T12:51:04+0000
/project/trytond-project-invoice/, trytond-project-invoice, 5.8.1, Tryton module to invoice projects, 2021-01-01T15:32:22+0000
/project/trytond-stock-supply-production/, trytond-stock-supply-production, 5.8.1, Tryton module for stock supply of production, 2021-01-01T15:43:04+0000
/project/trytond-sale-amendment/, trytond-sale-amendment, 5.8.1, Tryton module to amend sales, 2021-01-01T15:34:57+0000
/project/m9s-party/, m9s-party, 5.2.6, Tryton Party Module, 2021-03-04T10:11:15+0000
/project/trytond-company-work-time/, trytond-company-work-time, 5.8.1, Tryton module to add work time on company, 2021-01-01T15:26:21+0000
/project/m9s-account-de/, m9s-account-de, 5.2.9, Tryton Account De Module, 2021-03-17T19:38:59+0000
/project/trytond/, trytond, 5.8.7, Tryton server, 2021-04-16T17:00:53+0000
/project/trytond-party-vcarddav/, trytond_party_vcarddav, 4.2.0, Tryton module for CardDAV, 2016-11-28T15:32:00+0000
/project/a4t-sale-discount/, a4t-sale-discount, 5.0.2, Tryton module for sale: Adds the possibility of making a rebate on the sales lines., 2019-03-29T19:10:29+0000
/project/trytond-marketing/, trytond-marketing, 5.8.1, Tryton module to group marketing features, 2021-01-01T15:27:59+0000
/project/trytond-party-relationship/, trytond-party-relationship, 5.8.1, Party Relationship module for Tryton, 2021-01-01T15:28:55+0000
/project/trytond-sale/, trytond-sale, 5.8.3, Tryton module for sale, 2021-04-16T17:24:19+0000
/project/m9s-invoice-payment-gateway/, m9s-invoice-payment-gateway, 5.2.1, Tryton Invoice Payment Gateway Module, 2021-03-04T22:58:23+0000
/project/trytond-google-maps/, trytond-google-maps, 5.8.1, Tryton module to link addresses to Google Maps, 2021-01-01T15:27:38+0000
/project/m9s-product-variant/, m9s-product-variant, 5.2.5, Tryton Product Variant Module, 2021-03-30T10:32:56+0000
/project/trytond-calendar-scheduling/, trytond_calendar_scheduling, 4.2.0, Tryton module to add scheduling support on CalDAV, 2016-11-28T15:22:19+0000
/project/trytond-sale-credit-limit/, trytond-sale-credit-limit, 5.8.1, Tryton module for sale credit limit, 2021-01-01T15:35:18+0000
/project/trytond-product-attribute/, trytond-product-attribute, 5.8.1, Tryton module with product attributes, 2021-01-01T15:29:29+0000
/project/trytond-purchase/, trytond-purchase, 5.8.4, Tryton module for purchase, 2021-04-16T17:29:48+0000
/project/trytond-account-fr/, trytond-account-fr, 5.8.1, Tryton module with French chart of accounts, 2021-01-01T15:19:09+0000
/project/trytond-stock-inventory-location/, trytond-stock-inventory-location, 5.8.1, Tryton module to create inventories by locations, 2021-01-01T15:40:01+0000
/project/neso/, neso, 4.0.0, Standalone Client/Server for the Tryton Application Platform, 2016-05-02T13:39:17+0000
/project/m9s-account-tax-recapitulative-statement/, m9s-account-tax-recapitulative-statement, 5.2.2, Tryton Account Tax Recapitulative Statement Module, 2021-03-05T00:11:21+0000
/project/trytond-web-shortener/, trytond-web-shortener, 5.8.3, Tryton module to plug a URL to an action, 2021-03-03T17:20:45+0000
/project/trytond-sale-promotion-coupon/, trytond-sale-promotion-coupon, 5.8.1, Tryton module for sale promotion coupon, 2021-01-01T15:37:08+0000
/project/trytond-web-shop-vue-storefront-stripe/, trytond-web-shop-vue-storefront-stripe, 5.8.1, Tryton module to support Stripe payment with Vue Storefront, 2021-01-01T15:44:09+0000
/project/m9s-carrier-weight-volume-combined/, m9s-carrier-weight-volume-combined, 5.2.3, Tryton Carrier Weight Volume Combined Module, 2021-04-02T07:59:16+0000
/project/m9s-purchase-supplier-discount/, m9s-purchase-supplier-discount, 5.2.0, Tryton Purchase Supplier Discount Module, 2020-04-15T18:14:39+0000
/project/m9s-nereid-webshop-elastic-search/, m9s-nereid-webshop-elastic-search, 5.2.1, Tryton Nereid Webshop Elastic Search Module, 2021-03-03T22:14:16+0000
/project/trytond-account-payment-sepa-cfonb/, trytond-account-payment-sepa-cfonb, 5.8.1, Tryton module for CFONB SEPA payment, 2021-01-01T15:21:26+0000
/project/m9s-sale-channel/, m9s-sale-channel, 5.2.6, Tryton Sale Channel Module, 2021-03-21T17:38:57+0000
/project/trytond-customs/, trytond-customs, 5.8.1, Tryton module for customs, 2021-01-01T15:26:54+0000
/project/trytond-stock-supply-day/, trytond-stock-supply-day, 5.8.1, Tryton module to add supply weekdays, 2021-01-01T15:42:42+0000
/project/m9s-webdav/, m9s-webdav, 5.2.2, Tryton Webdav Module, 2021-03-25T12:06:45+0000
/project/trytond-webdav3/, trytond_webdav3, 4.2.3, GNU Health WebDAV server for Python 3, 2017-11-15T17:14:01+0000
/project/trytond-purchase-shipment-cost/, trytond-purchase-shipment-cost, 5.8.1, Tryton module for purchase shipment cost, 2021-01-01T15:34:23+0000
/project/trytond-stock-package-shipping-dpd/, trytond-stock-package-shipping-dpd, 5.8.3, DPD connector for the Tryton application platform, 2021-04-16T17:08:15+0000
/project/trytond-sale-payment/, trytond-sale-payment, 5.8.2, Tryton module that manage payments on sale, 2021-02-01T22:08:56+0000
/project/trytond-product-price-list-dates/, trytond-product-price-list-dates, 5.8.1, Tryton module to add dates on price list, 2021-01-01T15:31:49+0000
/project/trytond-sale-shipment-tolerance/, trytond-sale-shipment-tolerance, 5.8.2, Tryton module to define tolerance for sale shipment, 2021-04-16T17:15:58+0000
/project/trytond-dashboard/, trytond-dashboard, 5.8.1, Tryton module for dashboard, 2021-01-01T15:27:05+0000
/project/m9s-purchase-discount/, m9s-purchase-discount, 5.2.1, Tryton Purchase Discount Module, 2021-03-04T23:48:23+0000
/project/trytond-stock-supply-forecast/, trytond-stock-supply-forecast, 5.8.1, Tryton module to add forecast to supply computation, 2021-01-01T15:42:53+0000
/project/m9s-payment-gateway-paypal/, m9s-payment-gateway-paypal, 5.2.3, Tryton Payment Gateway Paypal Module, 2021-02-28T00:08:36+0000
/project/trytond-bank/, trytond-bank, 5.8.1, Tryton module with banks, 2021-01-01T15:25:04+0000
/project/trytond-commission/, trytond-commission, 5.8.3, Tryton module for commission, 2021-04-16T17:35:03+0000
/project/trytond-project-plan/, trytond-project-plan, 5.8.1, Tryton module to add planning capabilities on projects, 2021-01-01T15:32:32+0000
/project/trytond-purchase-request/, trytond-purchase-request, 5.8.3, Tryton module for purchase requests, 2021-04-16T17:29:03+0000
/project/m9s-purchase-supplier-lead-time/, m9s-purchase-supplier-lead-time, 5.2.1, Tryton Purchase Supplier Lead Time Module, 2021-03-04T23:57:26+0000
/project/trytond-party-siret/, trytond-party-siret, 5.8.1, Tryton module to add SIRET/SIREN on parties, 2021-01-01T15:29:05+0000
/project/trytond-sale-invoice-grouping/, trytond-sale-invoice-grouping, 5.8.1, Tryton module to group sale invoices, 2021-01-01T15:36:02+0000
/project/trytond-attendance/, trytond-attendance, 5.8.2, Tryton module for recording employee attendance, 2021-02-01T22:13:35+0000
/project/m9s-stock-package-shipping-label-filestore/, m9s-stock-package-shipping-label-filestore, 5.2.0, Tryton Stock Package Shipping Label Filestore Module, 2020-04-22T20:45:20+0000
/project/baruwa/, baruwa, 2.0.9, Ajax enabled MailScanner web frontend, 2015-08-29T09:50:59+0000
/project/trytond-web-shop/, trytond-web-shop, 5.8.1, Tryton module that provides a common base for webshops, 2021-01-01T15:43:47+0000
/project/trytond-sale-supply/, trytond-sale-supply, 5.8.1, Tryton module for sale supply, 2021-01-01T15:38:42+0000
/project/trytond-account/, trytond-account, 5.8.2, Tryton module for accounting, 2021-04-02T20:06:16+0000
/project/trytond-ldap-authentication/, trytond-ldap-authentication, 5.8.1, Tryton module to authenticate users through LDAP, 2021-01-01T15:27:49+0000
/project/wammu/, wammu, 0.44, Wammu Mobile Phone Manager, 2018-01-05T14:40:34+0000
/project/trytond-account-payment/, trytond-account-payment, 5.8.2, Tryton module for payment, 2021-04-02T20:04:13+0000
/project/trytond-sale-opportunity/, trytond-sale-opportunity, 5.8.2, Tryton module with leads and opportunities, 2021-04-16T17:20:57+0000
/project/trytond-sale-history/, trytond-sale-history, 5.8.1, Tryton module to historize sales, 2021-01-01T15:35:51+0000
/project/trytond-account-dunning/, trytond-account-dunning, 5.8.1, Tryton module for account dunning, 2021-01-01T15:18:00+0000
/project/trytond-account-product/, trytond-account-product, 5.8.1, Tryton module to add accounting on product, 2021-01-01T15:21:49+0000
/project/trytond-sale-advance-payment/, trytond-sale-advance-payment, 5.8.2, Tryton module for sale advance payment, 2021-02-19T20:26:43+0000
/project/trytond-timesheet/, trytond-timesheet, 5.8.2, Tryton module with timesheets, 2021-02-19T20:25:55+0000
/project/trytond-stock-package/, trytond-stock-package, 5.8.2, Tryton module for stock packaging, 2021-02-01T22:01:05+0000
/project/trytond-sale-price-list/, trytond-sale-price-list, 5.8.1, Tryton module to add price list on sale, 2021-01-01T15:36:36+0000
/project/trytond-product-cost-fifo/, trytond-product-cost-fifo, 5.8.1, Tryton module to add FIFO cost method, 2021-01-01T15:30:01+0000
/project/trytond-purchase-secondary-unit/, trytond-purchase-secondary-unit, 5.8.1, Tryton module to add a secondary unit on purchase line, 2021-01-01T15:34:12+0000
/project/trytond-purchase-invoice-line-standalone/, trytond-purchase-invoice-line-standalone, 5.8.1, Tryton module for standalone invoice line from purchase, 2021-01-01T15:33:28+0000
/project/m9s-stock-update-planned-date/, m9s-stock-update-planned-date, 5.2.2, Tryton Stock Update Planned Date Module, 2021-03-04T22:51:03+0000
/project/trytond-carrier/, trytond-carrier, 5.8.1, Tryton module with carriers, 2021-01-01T15:25:15+0000
/project/m9s-account-invoice-purchase-supplier/, m9s-account-invoice-purchase-supplier, 5.2.1, Tryton Account Invoice Purchase Supplier Module, 2021-03-05T00:13:10+0000
/project/trytond-currency/, trytond-currency, 5.8.1, Tryton module with currencies, 2021-01-01T15:26:43+0000
/project/m9s-electronic-mail/, m9s-electronic-mail, 5.2.2, Tryton Electronic Mail Module, 2021-03-05T00:03:33+0000
/project/m9s-account-de-euer-zone/, m9s-account-de-euer-zone, 5.2.0, Tryton Account De Euer Zone Module, 2020-04-21T15:48:02+0000
/project/trytond-stock-forecast/, trytond-stock-forecast, 5.8.1, Tryton module with stock forecasts, 2021-01-01T15:39:50+0000
/project/m9s-account-banking-import/, m9s-account-banking-import, 5.2.2, Tryton Account Banking Import Module, 2021-02-28T00:03:00+0000
/project/trytond-sale-extra/, trytond-sale-extra, 5.8.1, Tryton module for sale extra, 2021-01-01T15:35:40+0000
/project/m9s-stock-kit/, m9s-stock-kit, 5.2.1, Tryton Stock Kit Module, 2021-03-04T23:37:50+0000
/project/m9s-project-invoice-pricelist/, m9s-project-invoice-pricelist, 5.2.1, Tryton Project Invoice Pricelist Module, 2021-04-04T19:08:29+0000
/project/trytond-product-price-list/, trytond-product-price-list, 5.8.1, Tryton module with price list, 2021-01-01T15:31:39+0000
/project/trytond-stock-split/, trytond-stock-split, 5.8.1, Tryton module to split stock move, 2021-01-01T15:42:21+0000
/project/trytond-sale-supply-production/, trytond-sale-supply-production, 5.8.1, Tryton module to supply sales from production, 2021-01-01T15:39:03+0000
/project/trytond-sale-product-customer/, trytond-sale-product-customer, 5.8.1, Tryton module to manage customer product on sale, 2021-01-01T15:36:47+0000
/project/m9s-sale-payment-gateway/, m9s-sale-payment-gateway, 5.2.10, Tryton Sale Payment Gateway Module, 2021-02-28T00:10:18+0000
/project/trytond-calendar/, trytond_calendar, 4.2.0, Tryton module for CalDAV, 2016-11-28T15:17:41+0000
/project/trytond-stock-secondary-unit/, trytond-stock-secondary-unit, 5.8.1, Tryton module to add a secondary unit on stock move, 2021-01-01T15:42:00+0000
/project/trytond-account-invoice-correction/, trytond-account-invoice-correction, 5.8.1, Tryton module to correct invoice, 2021-01-01T15:19:45+0000
/project/trytond-stock-package-shipping/, trytond-stock-package-shipping, 5.8.1, The package shipping module of the Tryton application platform., 2021-01-01T15:41:16+0000
/project/trytond-account-fr-chorus/, trytond-account-fr-chorus, 5.8.1, Tryton module to communicate with Chorus, 2021-01-01T15:19:21+0000
/project/m9s-nereid-wishlist/, m9s-nereid-wishlist, 5.2.1, Tryton Nereid Wishlist Module, 2021-03-02T23:33:09+0000
/project/trytond-purchase-request-quotation/, trytond-purchase-request-quotation, 5.8.3, Tryton module for purchase request quotation, 2021-04-02T20:01:42+0000
/project/trytond-stock-assign-manual/, trytond-stock-assign-manual, 5.8.1, Tryton module to assign manually stock move, 2021-01-01T15:39:28+0000
/project/m9s-product-kit/, m9s-product-kit, 5.2.2, Tryton Product Kit Module, 2021-03-04T23:41:38+0000
/project/m9s-timesheet-datetime/, m9s-timesheet-datetime, 5.2.1, Tryton Timesheet Datetime Module, 2021-04-04T19:09:30+0000
/project/trytond-authentication-sms/, trytond-authentication-sms, 5.8.1, Tryton module to authenticate users via SMS, 2021-01-01T15:24:53+0000
/project/trytond-analytic-sale/, trytond-analytic-sale, 5.8.1, Tryton module to add analytic accounting on sale, 2021-01-01T15:24:32+0000
/project/trytond-account-stock-continental/, trytond-account-stock-continental, 5.8.1, Tryton module for continental real-time stock valuation, 2021-01-01T15:23:04+0000
/project/trytond-party/, trytond-party, 5.8.1, Tryton module with parties and addresses, 2021-01-01T15:28:43+0000
/project/trytond-production-outsourcing/, trytond-production-outsourcing, 5.8.1, Tryton module to outsource production, 2021-01-01T15:30:33+0000
/project/trytond-web-user/, trytond-web-user, 5.8.2, Tryton module to manage Web users, 2021-01-01T15:44:31+0000
/project/m9s-sale-available-stock/, m9s-sale-available-stock, 5.2.3, Tryton Sale Available Stock Module, 2021-03-04T23:54:26+0000
/project/trytond-account-payment-sepa/, trytond-account-payment-sepa, 5.8.1, Tryton module for SEPA payment, 2021-01-01T15:21:15+0000
/project/trytond-stock/, trytond-stock, 5.8.4, Tryton module for stock and inventory, 2021-04-16T17:11:44+0000
/project/m9s-nereid-cms/, m9s-nereid-cms, 5.2.1, Tryton Nereid Cms Module, 2021-02-23T18:49:20+0000
/project/m9s-nereid-catalog-tree/, m9s-nereid-catalog-tree, 5.2.1, Tryton Nereid Catalog Tree Module, 2021-02-23T18:44:15+0000
/project/m9s-account-de-euer/, m9s-account-de-euer, 5.2.0, Tryton Account De Euer Module, 2020-04-21T15:02:11+0000
/project/m9s-stock-package-shipping-sale-wizard/, m9s-stock-package-shipping-sale-wizard, 5.2.1, Tryton Stock Package Shipping Sale Wizard Module, 2021-02-28T00:51:00+0000
/project/m9s-nereid-shipping/, m9s-nereid-shipping, 5.2.1, Tryton Nereid Shipping Module, 2021-03-02T23:54:15+0000
/project/trytond-sale-stock-quantity/, trytond-sale-stock-quantity, 5.8.1, Tryton module to add stock warning on sale, 2021-01-01T15:38:08+0000
/project/m9s-customs/, m9s-customs, 5.2.4, Tryton Customs Module, 2021-03-04T23:25:38+0000
/project/trytond-marketing-automation/, trytond-marketing-automation, 5.8.4, Tryton module to plan, coordinate and manage marketing campaigns, 2021-03-03T17:30:37+0000
/project/m9s-account-deposit/, m9s-account-deposit, 5.2.3, Tryton Account Deposit Module, 2021-02-23T15:46:14+0000
/project/trytond-stock-consignment/, trytond-stock-consignment, 5.8.1, Tryton module to manage consignment stock, 2021-01-01T15:39:39+0000
/project/m9s-product-attribute-strict/, m9s-product-attribute-strict, 5.2.1, Tryton Product Attribute Strict Module, 2021-03-04T22:55:40+0000
/project/trytond-notification-email/, trytond-notification-email, 5.8.1, Tryton module for sending email notifications, 2021-01-01T15:28:32+0000
/project/m9s-sale-channel-payment-gateway/, m9s-sale-channel-payment-gateway, 5.2.1, Tryton Sale Channel Payment Gateway Module, 2021-03-04T23:51:06+0000
/project/trytond-calendar-classification/, trytond_calendar_classification, 4.2.0, Tryton module to add classification access to events, 2016-11-28T15:31:02+0000
/project/m9s-party-type/, m9s-party-type, 5.2.1, Tryton Party Type Module, 2021-03-05T00:00:20+0000
/project/trytond-stock-product-location/, trytond-stock-product-location, 5.8.1, Tryton module to add default location on product, 2021-01-01T15:41:48+0000
/project/trytond-sale-promotion/, trytond-sale-promotion, 5.8.1, Tryton module for sale promotion, 2021-01-01T15:36:57+0000
/project/m9s-nereid-checkout/, m9s-nereid-checkout, 5.2.6, Tryton Nereid Checkout Module, 2021-02-28T00:12:24+0000
/project/sentence-splitter/, sentence-splitter, 1.4, Text to sentence splitter using heuristic algorithm by Philipp Koehn and Josh Schroeder, 2019-01-14T17:11:23+0000
/project/m9s-sale-price-with-tax/, m9s-sale-price-with-tax, 5.2.1, Tryton Sale Price With Tax Module, 2021-03-04T23:40:03+0000
/project/m9s-nereid-payment-gateway/, m9s-nereid-payment-gateway, 5.2.3, Tryton Nereid Payment Gateway Module, 2021-03-02T23:52:20+0000
/project/trytond-production-work-timesheet/, trytond-production-work-timesheet, 5.8.1, Tryton module for timesheet on production work, 2021-01-01T15:31:17+0000
/project/trytond-account-invoice/, trytond-account-invoice, 5.8.3, Tryton module for invoicing, 2021-03-03T17:31:15+0000
/project/trytond-purchase-history/, trytond-purchase-history, 5.8.1, Tryton module to historize purchases, 2021-01-01T15:33:18+0000
/project/trytond-calendar-webdav3/, trytond_calendar_webdav3, 4.2.2, CalDAV module for GNU Health and Python3, 2017-11-15T17:14:10+0000
/project/trytond-production-routing/, trytond-production-routing, 5.8.1, Tryton module for production routing, 2021-01-01T15:30:44+0000
/project/m9s-account-batch/, m9s-account-batch, 5.2.2, Tryton Account Batch Module, 2021-02-28T00:18:59+0000
/project/m9s-account-invoice-report-filestore/, m9s-account-invoice-report-filestore, 5.2.0, Tryton Account Invoice Report Filestore Module, 2020-04-26T22:39:41+0000
/project/trytond-stock-supply/, trytond-stock-supply, 5.8.1, Tryton module for stock supply, 2021-01-01T15:42:31+0000
/project/products-calendarx/, Products.CalendarX, 1.0.4, CalendarX is a customizable, open source metacalendar application written for the Plone content management system on top of Zope and Python., 2012-12-08T02:05:16+0000
/project/trytond-production-split/, trytond-production-split, 5.8.1, Tryton module to split production, 2021-01-01T15:30:55+0000
/project/trytond-account-cash-rounding/, trytond-account-cash-rounding, 5.8.1, Tryton module to round cash amount, 2021-01-01T15:17:16+0000
/project/trytond-sale-shipment-grouping/, trytond-sale-shipment-grouping, 5.8.1, Tryton module to group sale stock moves, 2021-01-01T15:37:47+0000
/project/trytonlls-twilio-messages/, trytonlls_twilio_messages, 4.4.0, Tryton module to send message with Twilio, 2018-05-21T07:56:40+0000
/project/docutils/, docutils, 0.17.1, Docutils -- Python Documentation Utilities, 2021-04-17T14:13:24+0000
/project/trytond-company/, trytond-company, 5.8.1, Tryton module with companies and employees, 2021-01-01T15:26:11+0000
/project/trytond-carrier-weight/, trytond-carrier-weight, 5.8.1, Tryton module to add cost method "on weight" on carrier, 2021-01-01T15:25:36+0000
/project/m9s-sale-pos-channel/, m9s-sale-pos-channel, 5.2.4, Tryton Sale Pos Channel Module, 2021-03-31T19:45:21+0000
/project/trytond-account-payment-braintree/, trytond-account-payment-braintree, 5.8.2, Tryton module for Braintree payment, 2021-04-02T20:03:51+0000
/project/sentence-splitter/, sentence-splitter, 1.4, Text to sentence splitter using heuristic algorithm by Philipp Koehn and Josh Schroeder, 2019-01-14T17:11:23+0000
/project/m9s-sale-price-with-tax/, m9s-sale-price-with-tax, 5.2.1, Tryton Sale Price With Tax Module, 2021-03-04T23:40:03+0000
/project/m9s-sale-discount/, m9s-sale-discount, 5.2.2, Tryton Sale Discount Module, 2021-03-04T23:47:04+0000
/project/trytond-account-payment-clearing/, trytond-account-payment-clearing, 5.8.1, Tryton module for payment clearing, 2021-01-01T15:21:03+0000
/project/trytond-account-invoice-line-standalone/, trytond-account-invoice-line-standalone, 5.8.1, Tryton module to have standalone invoice lines, 2021-01-01T15:20:08+0000
/project/m9s-sale-kit/, m9s-sale-kit, 5.2.1, Tryton Sale Kit Module, 2021-03-04T23:43:47+0000
/project/trytond-product/, trytond-product, 5.8.2, Tryton module with products, 2021-04-16T17:34:17+0000
/project/m9s-nereid-payment-gateway/, m9s-nereid-payment-gateway, 5.2.3, Tryton Nereid Payment Gateway Module, 2021-03-02T23:52:20+0000
/project/trytond-production-work-timesheet/, trytond-production-work-timesheet, 5.8.1, Tryton module for timesheet on production work, 2021-01-01T15:31:17+0000
/project/trytond-account-invoice/, trytond-account-invoice, 5.8.3, Tryton module for invoicing, 2021-03-03T17:31:15+0000
/project/trytond-sale-complaint/, trytond-sale-complaint, 5.8.2, Tryton module for sale complaint, 2021-04-16T17:23:12+0000
/project/m9s-customs-value/, m9s-customs-value, 5.2.1, Tryton Customs Value Module, 2021-03-04T23:29:57+0000
/project/m9s-account-tax-rule-zone-eu/, m9s-account-tax-rule-zone-eu, 5.2.2, Tryton Account Tax Rule Zone Eu Module, 2021-03-05T00:08:03+0000
/project/m9s-payment-gateway/, m9s-payment-gateway, 5.2.5, Tryton Payment Gateway Module, 2021-02-28T00:05:52+0000
/project/m9s-sale/, m9s-sale, 5.2.1.0, Tryton Sale Module, 2020-03-29T19:20:38+0000
/project/trytond-production/, trytond-production, 5.8.2, Tryton module for production, 2021-04-16T17:30:55+0000
/project/trytond-edocument-unece/, trytond-edocument-unece, 5.8.1, Tryton module for electronic document UNECE codes, 2021-01-01T15:27:27+0000
/project/trytond-account-deposit/, trytond-account-deposit, 5.8.1, Tryton module for accounting deposit, 2021-01-01T15:17:38+0000
/project/lls-trytond-sale-subscription-asset/, lls-trytond-sale-subscription-asset, 4.8.1, A module to handle asset in the sale subscriptions., 2018-08-20T09:35:38+0000
/project/trytond-sale-discount/, trytond-sale-discount, 5.8.2, Tryton module that manages discount on sale, 2021-01-01T15:35:29+0000
/project/trytond-project-revenue/, trytond-project-revenue, 5.8.1, Tryton module to add revenue on project, 2021-01-01T15:32:43+0000
/project/trytond-timesheet-cost/, trytond-timesheet-cost, 5.8.1, Tryton module to add cost on timesheet, 2021-01-01T15:43:26+0000
/project/trytond-carrier-percentage/, trytond-carrier-percentage, 5.8.1, Tryton module to add cost method "on percentage" on carrier, 2021-01-01T15:25:25+0000
/project/m9s-trytond/, m9s-trytond, 5.2.25, Tryton server, 2021-03-21T17:08:34+0000
/project/m9s-issue-tracker-roundup/, m9s-issue-tracker-roundup, 5.2.1, Tryton Issue Tracker Roundup Module, 2021-04-04T20:47:07+0000
/project/trytond-stock-location-sequence/, trytond-stock-location-sequence, 5.8.1, Tryton module to add sequence on location, 2021-01-01T15:40:22+0000
/project/trytond-account-statement-coda/, trytond-account-statement-coda, 5.8.1, Tryton module to import CODA statements, 2021-01-01T15:22:22+0000
/project/m9s-account-banking-import-hibiscus/, m9s-account-banking-import-hibiscus, 5.2.2, Tryton Account Banking Import Hibiscus Module, 2021-02-28T00:17:16+0000
/project/trytond-stock-location-move/, trytond-stock-location-move, 5.8.1, Tryton module to move storage locations, 2021-01-01T15:40:12+0000
/project/m9s-sale-discount/, m9s-sale-discount, 5.2.2, Tryton Sale Discount Module, 2021-03-04T23:47:04+0000
/project/trytond-account-payment-clearing/, trytond-account-payment-clearing, 5.8.1, Tryton module for payment clearing, 2021-01-01T15:21:03+0000
/project/trytond-account-invoice-line-standalone/, trytond-account-invoice-line-standalone, 5.8.1, Tryton module to have standalone invoice lines, 2021-01-01T15:20:08+0000
/project/m9s-sale-kit/, m9s-sale-kit, 5.2.1, Tryton Sale Kit Module, 2021-03-04T23:43:47+0000
/project/trytond-product/, trytond-product, 5.8.2, Tryton module with products, 2021-04-16T17:34:17+0000
/project/trytond-account-credit-limit/, trytond-account-credit-limit, 5.8.1, Tryton module for account credit limit, 2021-01-01T15:17:27+0000
/project/m9s-smtp/, m9s-smtp, 5.2.0, Tryton Smtp Module, 2020-02-01T19:12:10+0000
/project/products-calendarx/, Products.CalendarX, 1.0.4, CalendarX is a customizable, open source metacalendar application written for the Plone content management system on top of Zope and Python., 2012-12-08T02:05:16+0000
/project/trytond-production-split/, trytond-production-split, 5.8.1, Tryton module to split production, 2021-01-01T15:30:55+0000
/project/trytond-account-cash-rounding/, trytond-account-cash-rounding, 5.8.1, Tryton module to round cash amount, 2021-01-01T15:17:16+0000
/project/trytond-sale-shipment-grouping/, trytond-sale-shipment-grouping, 5.8.1, Tryton module to group sale stock moves, 2021-01-01T15:37:47+0000
/project/trytonlls-twilio-messages/, trytonlls_twilio_messages, 4.4.0, Tryton module to send message with Twilio, 2018-05-21T07:56:40+0000
/project/docutils/, docutils, 0.17.1, Docutils -- Python Documentation Utilities, 2021-04-17T14:13:24+0000
/project/trytond-company/, trytond-company, 5.8.1, Tryton module with companies and employees, 2021-01-01T15:26:11+0000
/project/trytond-carrier-weight/, trytond-carrier-weight, 5.8.1, Tryton module to add cost method "on weight" on carrier, 2021-01-01T15:25:36+0000
/project/m9s-sale-pos-channel/, m9s-sale-pos-channel, 5.2.4, Tryton Sale Pos Channel Module, 2021-03-31T19:45:21+0000
/project/m9s-account-de-euer/, m9s-account-de-euer, 5.2.0, Tryton Account De Euer Module, 2020-04-21T15:02:11+0000
/project/m9s-stock-package-shipping-sale-wizard/, m9s-stock-package-shipping-sale-wizard, 5.2.1, Tryton Stock Package Shipping Sale Wizard Module, 2021-02-28T00:51:00+0000
/project/m9s-nereid-shipping/, m9s-nereid-shipping, 5.2.1, Tryton Nereid Shipping Module, 2021-03-02T23:54:15+0000
/project/trytond-sale-stock-quantity/, trytond-sale-stock-quantity, 5.8.1, Tryton module to add stock warning on sale, 2021-01-01T15:38:08+0000
/project/trytond-marketing-automation/, trytond-marketing-automation, 5.8.4, Tryton module to plan, coordinate and manage marketing campaigns, 2021-03-03T17:30:37+0000
/project/trytond-sale-complaint/, trytond-sale-complaint, 5.8.2, Tryton module for sale complaint, 2021-04-16T17:23:12+0000
/project/m9s-customs-value/, m9s-customs-value, 5.2.1, Tryton Customs Value Module, 2021-03-04T23:29:57+0000
/project/cds-trytond-cms/, cds-trytond-cms, 4.6.2, Tryton module to add basic CMS capability, 2018-01-29T06:54:04+0000
/project/m9s-sale-supply-state/, m9s-sale-supply-state, 5.2.1, Tryton Sale Supply State Module, 2021-03-04T23:39:04+0000
/project/trytond-account-invoice-history/, trytond-account-invoice-history, 5.8.1, Tryton module to historize invoices, 2021-01-01T15:19:57+0000
/project/trytond-stock-consignment/, trytond-stock-consignment, 5.8.1, Tryton module to manage consignment stock, 2021-01-01T15:39:39+0000
/project/m9s-product-attribute-strict/, m9s-product-attribute-strict, 5.2.1, Tryton Product Attribute Strict Module, 2021-03-04T22:55:40+0000
/project/trytond-notification-email/, trytond-notification-email, 5.8.1, Tryton module for sending email notifications, 2021-01-01T15:28:32+0000
/project/m9s-account-tax-rule-zone-eu/, m9s-account-tax-rule-zone-eu, 5.2.2, Tryton Account Tax Rule Zone Eu Module, 2021-03-05T00:08:03+0000
/project/m9s-payment-gateway/, m9s-payment-gateway, 5.2.5, Tryton Payment Gateway Module, 2021-02-28T00:05:52+0000
/project/m9s-sale/, m9s-sale, 5.2.1.0, Tryton Sale Module, 2020-03-29T19:20:38+0000
/project/trytond-production/, trytond-production, 5.8.2, Tryton module for production, 2021-04-16T17:30:55+0000
/project/trytond-edocument-unece/, trytond-edocument-unece, 5.8.1, Tryton module for electronic document UNECE codes, 2021-01-01T15:27:27+0000
/project/trytond-account-deposit/, trytond-account-deposit, 5.8.1, Tryton module for accounting deposit, 2021-01-01T15:17:38+0000
