/project/yawinpty-extra/, yawinpty-extra, 0.1.0.dev1, yet another winpty binding for python (extra package), 2017-07-16T07:50:27+0000
/project/osdetect/, OSDetect, 1.2, A simple helper module to get details on the current operating system platorm., 2018-09-25T12:21:17+0000
/project/streaming-fileutils/, streaming-fileutils, 0.2, Streaming and Fileutils libraries to work with streams and files, 2012-03-26T21:16:20+0000
/project/redmask/, redmask, 1.1.0, A simple tool to create palette swap mask, 2020-07-19T04:46:03+0000
/project/django-haml/, django_haml, 1.0, A HAML pre-processor for Django 1.3 and Django 1.4, 2012-07-25T05:21:14+0000
/project/signalpy/, SignalPy, 1.0.6, Realtime communication for Python web applications, 2020-10-20T02:15:54+0000
/project/waftools/, waftools, 0.4.13, Handy tools for the WAF meta build environment, 2016-10-19T07:31:27+0000
/project/vimeo-dl/, vimeo_dl, 1.0, Retrieve Vimeo content and metadata, 2016-08-10T13:14:36+0000
/project/pybingwallpaper/, PyBingWallpaper, 1.5.6, A simple Bing.com wallpaper downloader, 2019-05-01T04:49:32+0000
/project/pycomm/, pycomm, 1.0.8, A PLC communication library for Python, 2015-11-01T16:20:56+0000
/project/pyusb/, pyusb, 1.1.1, Python USB access module, 2021-01-20T06:22:11+0000
/project/pyjquery/, PyjQuery, 3.5.1.1, The Write Less, Do More, JavaScript Library for DicksonUI, 2020-10-19T02:05:33+0000
/project/pyspectator-tornado/, pyspectator_tornado, 1.1.2, pyspectator_tornado is a web-monitoring tool ported onTornado with pyspectator as a main monitoring module., 2017-04-14T21:52:28+0000
/project/save-thread-result/, save-thread-result, 0.0.6, Simple subclass wrapper around `threading.Thread` to get the return value from a thread in python (from `threading` built-in module in Python Standard library). Exact same interface for creating an instance of this threading sublcass as `threading.Thread`!, 2021-02-08T00:27:52+0000
/project/etm-qt/, etm_qt, 2.3.27, event and task manager, 2014-04-13T18:16:01+0000
/project/winproxy/, winproxy, 0.3.0a1, A Proxy Selection Tool for Windows, 2016-01-18T19:25:10+0000
/project/pyimapi/, pyIMAPI, 0.4.0b2, Create CD, DVD, DVD Dual Layer, and BluRay ISO images under Windows directly from Python, 2018-06-25T06:47:36+0000
/project/tomotopy/, tomotopy, 0.11.1, Tomoto, Topic Modeling Tool for Python, 2021-03-27T15:57:35+0000
/project/etmtk/, etmtk, 3.2.39, event and task manager, 2019-10-03T22:03:40+0000
/project/readerlib/, readerlib, 1.0, A binding for open().read() that provides the ability to read a few letters or more., 2012-08-07T15:43:35+0000
/project/yawinpty/, yawinpty, 0.4.3, yet another winpty binding for python, 2017-08-22T04:10:32+0000
/project/sytad/, SYTAD, 0.1.3, Provides a simple terminal/scripting interface for downloading audio from YouTube via pafy. Works on Android through QPython., 2014-10-28T12:31:08+0000
/project/psutil/, psutil, 5.8.0, Cross-platform lib for process and system monitoring in Python., 2020-12-19T01:19:27+0000
/project/prwlock/, prwlock, 0.4.1, Native process-shared rwlock support for Python, 2020-05-28T13:37:06+0000
/project/serial-mock/, serial_mock, 0.1, mocks serial ports for use with com0com(windows) or socat(*nix), 2017-04-22T06:32:54+0000
/project/sasspython/, SassPython, 0.2.1, binding for libsass, 2012-08-08T08:02:26+0000
/project/watchdog/, watchdog, 2.0.3, Filesystem events monitoring, 2021-04-22T17:57:30+0000
/project/yoctopuce/, yoctopuce, 1.10.44175, Yoctopuce python API, 2021-03-12T10:21:54+0000
/project/ahkunwrapped/, ahkunwrapped, 2.0.2, Lightweight execution and bidirectional communication for native AutoHotkey code and scripts; full language support., 2021-03-20T09:29:16+0000
/project/chronogram/, chronogram, 0.1.7, Chrono-gram, the diachronic word embedding model based on Word2vec Skip-gram with Chebyshev approximation, 2019-09-23T14:56:31+0000
/project/reddit-comment-scraper/, reddit_comment_scraper, 2.0.5, A simple Reddit-scraping script, 2014-12-29T02:24:52+0000
/project/dicksonui/, DicksonUI, 2.4.5, Lightweight And Full Featured Browser Based UI / GUI (Graphical User Interface Library), 2020-10-16T13:10:48+0000
/project/mswinprint/, MSWinPrint, 1.1, MSWinPrint, 2012-07-16T12:52:30+0000
/project/hypatia-engine/, hypatia_engine, 0.3.6, 2D action adventure game engine, 2015-12-06T02:55:12+0000
/project/suext/, suext, 0.0.3, Utility for showing any file extension and MIME type info. Support show files information in a directory as list or table., 2020-04-01T07:41:01+0000
/project/mps/, mps, 0.20.16, Search, Stream and Download MP3, 2014-07-16T17:38:06+0000
/project/pydivert/, pydivert, 2.1.0, Python binding to windivert driver, 2017-10-20T21:36:56+0000
/project/pymodbus3/, pymodbus3, 1.0.0, A fully featured modbus protocol stack in python, 2014-07-18T07:20:27+0000
/project/winping/, winping, 0.2.4, Ping implementation which utilizes Windows ICMP API, 2020-08-09T23:42:23+0000
/project/pysciter/, PySciter, 0.4.32, Python bindings for the Sciter - Embeddable HTML/CSS/script engine (cross-platform desktop GUI toolkit)., 2021-03-25T14:52:46+0000
/project/pafy/, pafy, 0.5.5, Retrieve YouTube content and metadata, 2019-11-22T07:14:11+0000
/project/mps-youtube/, mps-youtube, 0.2.8, Terminal based YouTube player and downloader, 2018-02-18T04:59:29+0000
/project/lamonpy/, lamonpy, 0.2.0, Lamonpy, Latin POS Tagger & Lemmatizer for Python, 2020-10-15T17:17:49+0000
/project/mps/, mps, 0.20.16, Search, Stream and Download MP3, 2014-07-16T17:38:06+0000
/project/pydivert/, pydivert, 2.1.0, Python binding to windivert driver, 2017-10-20T21:36:56+0000
/project/pymodbus3/, pymodbus3, 1.0.0, A fully featured modbus protocol stack in python, 2014-07-18T07:20:27+0000
/project/winping/, winping, 0.2.4, Ping implementation which utilizes Windows ICMP API, 2020-08-09T23:42:23+0000
/project/pysciter/, PySciter, 0.4.32, Python bindings for the Sciter - Embeddable HTML/CSS/script engine (cross-platform desktop GUI toolkit)., 2021-03-25T14:52:46+0000
/project/chronogram/, chronogram, 0.1.7, Chrono-gram, the diachronic word embedding model based on Word2vec Skip-gram with Chebyshev approximation, 2019-09-23T14:56:31+0000
/project/chicken-turtle-util/, chicken_turtle_util, 4.1.2, Python 3 utility library, 2017-06-12T14:15:19+0000
/project/yawinpty-extra/, yawinpty-extra, 0.1.0.dev1, yet another winpty binding for python (extra package), 2017-07-16T07:50:27+0000
/project/osdetect/, OSDetect, 1.2, A simple helper module to get details on the current operating system platorm., 2018-09-25T12:21:17+0000
/project/streaming-fileutils/, streaming-fileutils, 0.2, Streaming and Fileutils libraries to work with streams and files, 2012-03-26T21:16:20+0000
/project/redmask/, redmask, 1.1.0, A simple tool to create palette swap mask, 2020-07-19T04:46:03+0000
/project/vimeo-dl/, vimeo_dl, 1.0, Retrieve Vimeo content and metadata, 2016-08-10T13:14:36+0000
/project/pybingwallpaper/, PyBingWallpaper, 1.5.6, A simple Bing.com wallpaper downloader, 2019-05-01T04:49:32+0000
/project/django-haml/, django_haml, 1.0, A HAML pre-processor for Django 1.3 and Django 1.4, 2012-07-25T05:21:14+0000
/project/signalpy/, SignalPy, 1.0.6, Realtime communication for Python web applications, 2020-10-20T02:15:54+0000
/project/waftools/, waftools, 0.4.13, Handy tools for the WAF meta build environment, 2016-10-19T07:31:27+0000
/project/pyjquery/, PyjQuery, 3.5.1.1, The Write Less, Do More, JavaScript Library for DicksonUI, 2020-10-19T02:05:33+0000
/project/pyspectator-tornado/, pyspectator_tornado, 1.1.2, pyspectator_tornado is a web-monitoring tool ported onTornado with pyspectator as a main monitoring module., 2017-04-14T21:52:28+0000
/project/yawinpty/, yawinpty, 0.4.3, yet another winpty binding for python, 2017-08-22T04:10:32+0000
/project/etm-qt/, etm_qt, 2.3.27, event and task manager, 2014-04-13T18:16:01+0000
/project/winproxy/, winproxy, 0.3.0a1, A Proxy Selection Tool for Windows, 2016-01-18T19:25:10+0000
/project/pycomm/, pycomm, 1.0.8, A PLC communication library for Python, 2015-11-01T16:20:56+0000
/project/etmtk/, etmtk, 3.2.39, event and task manager, 2019-10-03T22:03:40+0000
/project/pyusb/, pyusb, 1.1.1, Python USB access module, 2021-01-20T06:22:11+0000
/project/readerlib/, readerlib, 1.0, A binding for open().read() that provides the ability to read a few letters or more., 2012-08-07T15:43:35+0000
/project/sytad/, SYTAD, 0.1.3, Provides a simple terminal/scripting interface for downloading audio from YouTube via pafy. Works on Android through QPython., 2014-10-28T12:31:08+0000
/project/psutil/, psutil, 5.8.0, Cross-platform lib for process and system monitoring in Python., 2020-12-19T01:19:27+0000
/project/save-thread-result/, save-thread-result, 0.0.6, Simple subclass wrapper around `threading.Thread` to get the return value from a thread in python (from `threading` built-in module in Python Standard library). Exact same interface for creating an instance of this threading sublcass as `threading.Thread`!, 2021-02-08T00:27:52+0000
/project/prwlock/, prwlock, 0.4.1, Native process-shared rwlock support for Python, 2020-05-28T13:37:06+0000
/project/serial-mock/, serial_mock, 0.1, mocks serial ports for use with com0com(windows) or socat(*nix), 2017-04-22T06:32:54+0000
/project/pyimapi/, pyIMAPI, 0.4.0b2, Create CD, DVD, DVD Dual Layer, and BluRay ISO images under Windows directly from Python, 2018-06-25T06:47:36+0000
/project/tomotopy/, tomotopy, 0.11.1, Tomoto, Topic Modeling Tool for Python, 2021-03-27T15:57:35+0000
/project/sasspython/, SassPython, 0.2.1, binding for libsass, 2012-08-08T08:02:26+0000
/project/watchdog/, watchdog, 2.0.3, Filesystem events monitoring, 2021-04-22T17:57:30+0000
/project/yoctopuce/, yoctopuce, 1.10.44175, Yoctopuce python API, 2021-03-12T10:21:54+0000
/project/ahkunwrapped/, ahkunwrapped, 2.0.2, Lightweight execution and bidirectional communication for native AutoHotkey code and scripts; full language support., 2021-03-20T09:29:16+0000
/project/suext/, suext, 0.0.3, Utility for showing any file extension and MIME type info. Support show files information in a directory as list or table., 2020-04-01T07:41:01+0000
/project/foremon/, foremon, 1.3.0, Automatically restart applications when file changes are detected., 2021-02-22T02:43:40+0000
/project/pysed/, pysed, 0.7.8, CLI utility that parses and transforms text, 2015-07-03T20:03:34+0000
/project/datahaven/, datahaven, rev8784, Distributed encrypted backup utility, 2014-06-05T06:28:50+0000
/project/livingbio-pafy/, livingbio-pafy, 0.5.2.1, Retrieve YouTube content and metadata, 2017-12-13T01:46:01+0000
/project/mswinprint/, MSWinPrint, 1.1, MSWinPrint, 2012-07-16T12:52:30+0000
/project/hypatia-engine/, hypatia_engine, 0.3.6, 2D action adventure game engine, 2015-12-06T02:55:12+0000
/project/pytil/, pytil, 7.0.0, Python 3 utility library, 2018-01-08T16:56:58+0000
/project/pyfmodex/, pyfmodex, 0.7.0, Python bindings to the Fmod Ex library., 2021-03-26T23:32:40+0000
/project/reddit-comment-scraper/, reddit_comment_scraper, 2.0.5, A simple Reddit-scraping script, 2014-12-29T02:24:52+0000
/project/dicksonui/, DicksonUI, 2.4.5, Lightweight And Full Featured Browser Based UI / GUI (Graphical User Interface Library), 2020-10-16T13:10:48+0000
/project/mps-youtube/, mps-youtube, 0.2.8, Terminal based YouTube player and downloader, 2018-02-18T04:59:29+0000
/project/lamonpy/, lamonpy, 0.2.0, Lamonpy, Latin POS Tagger & Lemmatizer for Python, 2020-10-15T17:17:49+0000
/project/pyfmodex/, pyfmodex, 0.7.0, Python bindings to the Fmod Ex library., 2021-03-26T23:32:40+0000
/project/reddit-comment-scraper/, reddit_comment_scraper, 2.0.5, A simple Reddit-scraping script, 2014-12-29T02:24:52+0000
/project/dicksonui/, DicksonUI, 2.4.5, Lightweight And Full Featured Browser Based UI / GUI (Graphical User Interface Library), 2020-10-16T13:10:48+0000
/project/pytil/, pytil, 7.0.0, Python 3 utility library, 2018-01-08T16:56:58+0000
/project/suext/, suext, 0.0.3, Utility for showing any file extension and MIME type info. Support show files information in a directory as list or table., 2020-04-01T07:41:01+0000
/project/foremon/, foremon, 1.3.0, Automatically restart applications when file changes are detected., 2021-02-22T02:43:40+0000
/project/pysed/, pysed, 0.7.8, CLI utility that parses and transforms text, 2015-07-03T20:03:34+0000
/project/datahaven/, datahaven, rev8784, Distributed encrypted backup utility, 2014-06-05T06:28:50+0000
