/project/opencnam/, opencnam, 0.7, A simple python library for getting caller ID name information using the opencnam API., 2020-04-27T18:47:26+0000
/project/exosip2ctypes/, exosip2ctypes, 1.2.4, libeXosip2 Python wrapper, 2018-04-19T04:19:24+0000
/project/smspdudecoder/, smspdudecoder, 1.2.2, Python SMS PDU Decoder, 2019-07-22T08:42:46+0000
/project/astersay/, astersay, 0.8.2, This is a Python library for Asterisk to work with Yandex voice models., 2021-02-15T02:44:49+0000
/project/freepbx-bulk-handler/, freepbx-bulk-handler, 0.61, Assist administrators of FreePBX systems when they need to use the Bulk Handler module, 2019-04-19T23:44:48+0000
/project/phonenumberslite/, phonenumberslite, 8.12.21, Python version of Google's common library for parsing, formatting, storing and validating international phone numbers., 2021-04-07T16:24:55+0000
/project/monkfreemobile/, monkfreemobile, 1.1.0, FreeMobile Library for Monkeys, 2019-11-01T14:38:04+0000
/project/vodem-vodafone-k4607-z/, vodem-vodafone-K4607-Z, 0.3.0, Vodafone Vodafone K4607-Z web interface python bindings, 2017-04-27T10:26:57+0000
/project/debdialer/, debdialer, 0.26, Click-to-dial pop-up window., 2018-08-09T07:09:57+0000
/project/smpplib/, smpplib, 2.1.0, SMPP library for python, 2020-03-10T19:25:49+0000
/project/t616hack/, t616hack, 0.2.2, Contact and phonebook access for the Sony Ericsson T610/T616, 2007-09-18T22:22:47+0000
/project/clx-sdk-xms/, clx-sdk-xms, 1.0.0, Library for CLX Communications HTTP REST Messaging API, 2017-01-23T15:57:58+0000
/project/octothorpe/, octothorpe, 0.5, Asterisk Manager Interface library for the Twisted engine, 2014-07-20T03:02:06+0000
/project/python3-smpplib/, python3-smpplib, 1.0.22, SMPP library for python (fork https://github.com/podshumok/python-smpplib, 2017-07-12T06:24:33+0000
/project/attila/, attila, 1.2.0, Python module to communicate easily with modems and RF modules using AT commands, 2020-05-30T15:49:28+0000
/project/flask-twilio/, Flask-Twilio, 0.0.6, Make Twilio voice/SMS calls with Flask, 2018-03-02T01:50:08+0000
/project/django-smsish/, django-smsish, 1.3.2, A simple Django app to send SMS messages using an API similar to that of django.core.mail., 2016-03-20T07:13:59+0000
/project/dj-nexmo/, dj-nexmo, 0.0.4, Utilities for Django developers using Nexmo's APIs, 2019-01-17T13:27:03+0000
/project/sms4/, sms4, 0.1.0, Simple and straightforward way to send text messages, 2019-07-20T10:13:27+0000
/project/spyke/, spyke, 0.1, A skype connection manager., 2009-08-07T13:36:02+0000
/project/iec870ree-moxa/, iec870ree_moxa, 0.3.0, Physical layer for using a Moxa devices with IEC870REE library, 2020-11-09T16:15:34+0000
/project/sipzamine/, sipzamine, 0.5, SIP dialog examine utility (formerly sipcaparseye), 2020-04-22T10:20:34+0000
/project/plivo/, plivo, 4.16.0, A Python SDK to make voice calls & send SMS using Plivo and to generate Plivo XML, 2021-04-19T15:12:42+0000
/project/pyst2/, pyst2, 0.5.1, A Python Interface to Asterisk, 2019-08-07T14:41:25+0000
/project/pyscxml/, pyscxml, 0.8.3-20120108, A pure Python SCXML parser/interpreter, 2012-01-08T18:06:25+0000
/project/twilio-fatisar/, twilio-fatisar, 5.4.1, Twilio API client and TwiML generator, 2016-08-04T20:16:52+0000
/project/aasms/, aasms, 0.7, aaisp.net SMS interface, 2011-09-09T12:13:21+0000
/project/sms/, sms, 0.4, SMS sending and receiving with enfora gsm modems, 2010-04-24T15:57:21+0000
/project/sansaycdrparser/, sansaycdrparser, 0.0.2, Quick Sansay SBC CDR file parser that returns a list of records, 2014-04-28T12:12:46+0000
/project/icemac-addressbook/, icemac.addressbook, 9.4, Multi user address book application, 2020-04-21T19:20:56+0000
/project/jasmin/, jasmin, 0.10.9, Jasmin is a very complete open source SMS Gateway with many enterprise-class features., 2021-02-25T12:15:35+0000
/project/pswinpy/, pswinpy, 0.0.1, A package for sending SMS messages using the PSWinCom SMS Gateway., 2011-05-05T08:49:27+0000
/project/popcornnotify/, popcornnotify, 0.1.4, Send simple emails and text messages from one API, 2017-12-20T23:03:01+0000
/project/jitsiprovs/, JitsiProvS, 0.1.0, Jitsi Provisioning Server, 2012-05-09T06:48:28+0000
/project/sipvicious/, sipvicious, 0.3.3, SIPVicious suite is a set of tools that can be used to audit SIP based VoIP systems., 2021-03-25T06:13:24+0000
/project/save-thread-result/, save-thread-result, 0.0.6, Simple subclass wrapper around `threading.Thread` to get the return value from a thread in python (from `threading` built-in module in Python Standard library). Exact same interface for creating an instance of this threading sublcass as `threading.Thread`!, 2021-02-08T00:27:52+0000
/project/odorik/, odorik, 0.5, Python module for Odorik API., 2015-07-13T08:54:56+0000
/project/send-sms-freemobile/, send-sms-freemobile, 0.1.0, Yet another tool to send SMS through French provider FreeMobile, 2018-12-02T11:23:52+0000
/project/elks/, elks, 1.1.0, Python bindings for 46elks API., 2018-01-19T08:07:49+0000
/project/modem-cmd/, modem-cmd, 1.0.2, Send arbitrary AT commands to your modem, 2017-07-20T02:39:42+0000
/project/telnyx/, telnyx, 1.3.0, Python bindings for the Telnyx API, 2021-03-29T22:07:43+0000
/project/deframed/, deframed, 0.2.0, A minimal web non-framework, 2020-05-07T20:07:37+0000
/project/starzel-whoiscalling/, starzel.whoiscalling, 0.0.2, Retrieve calling info from Fritzbox, expose to jabber Multi User Chatroom, 2013-04-26T14:55:32+0000
/project/phone-gen/, phone-gen, 2.0.4, International phone number generation, 2021-04-08T10:06:22+0000
/project/vcard-split/, vcard_split, 0.2dev-r2010, Splits one vcard file (*.vcf) to many vcard files        with one vcard per file. Useful for import contacts to phones,         thats do not support multiple vcard in one file.         Supprt unicode cyrillic characters.         Консольная программа для разбиения одного большлго файла с контактами в формате VCARD (*.vcf)        на несколько файлов содержащих один контакт. Полезна для импорта контактов в телефон,        который не поддерживает несколько контактов в одном файле. Поддерживает русские буквы кириллицу в тексте контактов.        Работоспособность проверялась на файле с контактами экспортированными из google gmail.com.         Установка вариант 1: скачать, распаковать, в папке запустить "python setup.py install".         Использование вариант 1: python vcard_split.py [-h] [-l LOG_LEVEL] [-d] filename [filename ...] например "python vcard_split.py contacts.vcf"        Установка вариант 2: "easy_install -U vcard_split".         Использование вариант 2: vcard_split [-h] [-l LOG_LEVEL] [-d] filename [filename ...] например "vcard_split contacts.vcf", 2012-12-27T12:17:06+0000
/project/linphone4raspberry/, linphone4raspberry, 3.9.0, Linphone package for Python, 2016-03-11T23:49:00+0000
/project/tnzapi/, tnzapi, 1.0.5.2, TNZ REST API Helper Library for Python, 2020-12-17T21:57:45+0000
/project/infobip-api-python-client/, infobip-api-python-client, 2.3.0, Infobip SMS API client library in Python, 2020-09-07T14:31:57+0000
/project/alphasms-client/, alphasms-client, 0.1.3, Ukrainian AlphaSMS service client API implementation for Python, 2014-09-07T12:41:31+0000
/project/paste2sms/, paste2sms, 1.1.0, Sent clipboard content as a SMS., 2020-05-02T18:47:25+0000
/project/asyncsip/, asyncsip, 0.1.2, SIP support for AsyncIO, 2020-09-22T13:57:25+0000
/project/kavenegar/, kavenegar, 1.1.2, Kavenegar Python library, 2018-05-04T08:30:59+0000
/project/shellbot/, shellbot, 17.10.20, A bot that is also a responsive shell, 2017-10-20T22:25:07+0000
/project/twexit/, twexit, 6.43.0b1, Telnyx Twexit API client, 2020-07-28T22:07:35+0000
/project/textoter/, textoter, 0.51, Send SMS from your mobile phone. Phone is connected via Bluetooth, 2021-03-27T07:18:33+0000
/project/voicent-python/, Voicent-Python, 1.0, Voicent Python Library, 2019-07-12T15:55:33+0000
/project/cdcam/, cdcam, 1.0.1, Cambridge Digital Communications Assessment Model, 2019-12-16T09:41:46+0000
/project/skcmd/, skcmd, 0.0.7, Command line interface to Skype, 2014-01-10T13:56:57+0000
/project/pswingw2/, pswingw2, 0.2.1, A package for sending SMS messages using the PSWinCom LINK SMS Gateway., 2016-12-05T03:14:48+0000
/project/ucp/, ucp, 1.0.0, Python EMI UCP protocol wrapper., 2016-02-18T21:29:39+0000
/project/ciscocucmapi/, ciscocucmapi, 0.0.2, Python Wrappers for Cisco CUCM SOAP APIs, 2019-12-31T09:20:57+0000
/project/ossi-tool/, ossi-tool, 0.3.3.6, Tool to creact CSV output from Avaya Communcation Manager commands., 2020-04-07T12:26:54+0000
/project/hoiio/, hoiio, 0.1.5, Python SDK for Hoiio API. Refer to http://hoiio.readthedocs.org/ for documentation, https://github.com/samwize/hoiiopie for the repository., 2012-09-25T07:18:25+0000
/project/mijnsimpel/, MijnSimpel, 0.5, Python Client to Mijn Simpel, 2020-09-17T00:46:53+0000
/project/pyst/, pyst, 0.8, A Python Interface to Asterisk, 2020-12-04T10:42:35+0000
/project/cts-smsteknik/, cts-smsteknik, 1.0.7, Unofficial SMS Teknik client, 2015-10-29T13:40:41+0000
/project/squirrelapi/, squirrelapi, 0.6.1, Python wrapper for C3 Squirrel Voicemail HTTP API, 2013-08-16T16:22:13+0000
/project/wammu/, wammu, 0.44, Wammu Mobile Phone Manager, 2018-01-05T14:40:34+0000
/project/telapi/, telapi, 0.2.5.2, TelAPI REST API client and InboundXML generator, 2014-06-30T18:50:27+0000
/project/zte-mf823/, zte-mf823, 0.0.1.dev21, Vodafone Vodafone K4607-Z web interface python bindings, 2019-01-28T11:32:03+0000
/project/pagingserver/, PagingServer, 19.5.2, SIP-based Announcement / PA / Paging / Public Address Server system, 2019-05-30T20:26:07+0000
/project/plivohelper/, plivohelper, 0.3.5, Plivo API client and RESTXML generator, 2011-10-04T15:17:41+0000
/project/sine/, Sine, 0.3.0, Divmod Sine is a standards-based voice-over-IP application server,        built as an offering for the Mantissa application server platform., 2009-11-29T19:14:08+0000
/project/pyst3/, pyst3, 0.4.2, A Python 3.x Interface to Asterisk, 2014-11-21T09:07:49+0000
/project/sipcounter/, sipcounter, 0.0.3, SIP message counter, 2020-07-27T05:08:04+0000
/project/django-smsish2/, django-smsish2, 1.3.5, A simple Django app to send SMS messages using an API similar to that of django.core.mail., 2019-09-30T02:09:22+0000
/project/callattendant/, callattendant, 1.1.0, An automated call attendant and call blocker using a Raspberry Pi and USR-5637 modem, 2020-11-17T01:01:36+0000
/project/sms3/, sms3, 0.0.2, A library for sending TXT message, 2018-07-02T13:53:47+0000
/project/gsmtc35/, GSMTC35, 2.1, GSM TC35/MC35 controller (Send/Receive SMS/MMS/Call and a lot more!), 2019-11-09T18:33:56+0000
/project/yellowpushsms/, YellowPushSMS, 0.5, Python Helper Library makes it easy to interact with the YellowPushSMS API from your Python application, 2018-03-08T20:54:20+0000
/project/ursine/, ursine, 0.3.1, library for SIP url handling/maninupation, 2018-05-09T18:31:44+0000
/project/smsgateway-gammu/, smsgateway-gammu, 0.0.7, Send SMS messages via REST api using Gammu, 2017-07-15T20:14:05+0000
/project/python-gsmmodem/, python-gsmmodem, 0.9, Control an attached GSM modem: send/receive SMS messages, handle calls, etc, 2013-07-18T11:23:48+0000
/project/yessssms/, YesssSMS, 0.5.0, YesssSMS let's you send SMS via yesss.at's website., 2020-11-13T20:48:12+0000
/project/pylibsrtp/, pylibsrtp, 0.6.8, Python wrapper around the libsrtp library, 2021-02-14T15:36:19+0000
/project/asterisklint/, asterisklint, 0.4.2, Asterisk PBX configuration syntax checker, 2020-02-19T10:17:40+0000
/project/ringcentral-async-client/, ringcentral-async-client, 1.0.3, Asynchronous client for the RingCentral Platform, based on Tornado and generated via Python OpenAPI Parser, 2020-10-15T15:48:56+0000
/project/panaceamobile/, PanaceaMobile, 1.0.2, PanaceaMobile "API" implementation in Python, 2019-07-31T22:10:44+0000
/project/py-star/, py-star, 0.1.0.dev1, A Python Interface to Asterisk, 2014-07-15T19:04:54+0000
/project/xapiparser/, xapiparser, 0.0.15, XAPI ssh command parser to convert cli commands to xml for use in the Cisco XAPI REST API, 2020-12-07T17:20:18+0000
/project/panoramisk/, panoramisk, 1.3, asyncio based library to play with asterisk, 2018-09-21T09:17:23+0000
/project/russian-numerals/, russian-numerals, 0.2b0, Python package for working with quantitative numerals in Russian., 2020-07-03T09:12:04+0000
/project/comilio/, Comilio, 1.0.0, Client library to send SMS using Comilio SMS Gateway API (https://www.comilio.it), 2017-12-22T14:27:17+0000
/project/suresms/, suresms, 1.0, A Python wrapper around the SureSMS SMS gateway <https://www.suresms.com>, 2019-06-19T05:25:45+0000
/project/tgcalls/, tgcalls, 0.0.12, A python binding for tgcalls, 2021-04-18T16:24:19+0000
/project/obelus/, obelus, 0.1, Protocol implementation of the Asterisk Manager Interface and Asterisk Gateway Interface, 2013-09-12T15:53:53+0000
/project/vivialconnect/, vivialconnect, 0.2.4, Vivial Connect API Client Library for Python, 2020-07-02T21:53:17+0000
/project/switchy/, switchy, 0.1.0a1, A fast FreeSWITCH control library purpose-built on traffic theory and stress testing., 2016-09-07T20:02:20+0000
/project/asterisklint-jjs/, asterisklint-jjs, 0.4.2, Asterisk PBX configuration syntax checker, 2021-03-26T16:02:33+0000
/project/python-gsmmodem-new/, python-gsmmodem-new, 0.12, Control an attached GSM modem: send/receive SMS messages, handle calls, etc, 2017-03-15T11:59:18+0000
/project/pystrix/, pystrix, 1.1.8, Python bindings for Asterisk Manager Interface and Asterisk Gateway Interface, 2020-10-28T23:24:03+0000
/project/doorpi/, DoorPi, 2.5.1, provide intercomstation to the doorstation by VoIP, 2016-08-01T15:58:19+0000
/project/python-mpns/, python-mpns, 0.1.6, Python module for Microsoft Push Notification Service (MPNS) for Windows Phone, 2015-02-25T13:06:50+0000
/project/asyncari/, asyncari, 0.8.9, A AnyIO-ified adapter for the Asterisk ARI interface, 2019-12-03T10:46:05+0000
/project/pyami-asterisk/, pyami-asterisk, 1.2, pyami_asterisk is a library based on python’s AsyncIO with Asterisk AMI, 2021-03-05T09:30:58+0000
/project/textnow-bot/, textnow-bot, 1.0.6, Send text messages on TextNow with the Playwright API, 2021-02-07T23:41:10+0000
/project/pytgcalls/, pytgcalls, 0.0.19, Library connecting python binding for tgcalls and pyrogram, 2021-04-18T16:51:01+0000
/project/caret/, caret, 0.1.1, A Python Interface to Asterisk, 2017-08-03T20:48:32+0000
/project/calltest/, calltest, 0.7.4, A distributed phone call test program, 2020-10-07T11:30:23+0000
/project/strowger/, strowger, 0.1.3, Lightweight Twilio SMS application framework, 2013-09-28T16:00:07+0000
/project/aiosmpp/, aiosmpp, 1.0.3, SMPP library for python based on asyncio, 2019-07-23T19:10:22+0000
/project/django-asterisk/, django-asterisk, 0.1, Phone call queuing and management for the Django web framework using an Asterisk server, 2011-06-02T15:30:08+0000
/project/kalliopepbx/, kalliopepbx, 0.0.2, Kalliope PBX login and communication module, 2020-11-21T06:08:26+0000
/project/textmagic/, textmagic, 2.0.3, TextMagic APIv2 client, 2015-08-27T11:29:28+0000
/project/asterisk-dialplan/, asterisk_dialplan, 0.1.3, Helpers to convert numbers to dialplan strings for use in Asterisk, 2015-03-14T08:59:27+0000
/project/aiosip/, aiosip, 0.2.0, SIP support for AsyncIO, 2017-09-14T12:37:20+0000
/project/pysipgate/, pysipgate, 0.1.2, Client for the Sipgate API, 2013-07-17T12:28:49+0000
/project/linphone/, linphone, 3.9.1, Linphone package for Python, 2015-11-16T12:35:52+0000
/project/phonenumbers/, phonenumbers, 8.12.21, Python version of Google's common library for parsing, formatting, storing and validating international phone numbers., 2021-04-07T16:25:13+0000
/project/cacofonisk/, cacofonisk, 0.7.2, Track channels through Asterisk Management Interface (AMI), 2020-03-27T15:12:31+0000
/project/pyami-asterisk/, pyami-asterisk, 1.2, pyami_asterisk is a library based on python’s AsyncIO with Asterisk AMI, 2021-03-05T09:30:58+0000
/project/kazoo-sdk/, kazoo-sdk, 0.2.4, Wrapper for the Kazoo API, 2017-11-28T03:19:25+0000
/project/suresms/, suresms, 1.0, A Python wrapper around the SureSMS SMS gateway <https://www.suresms.com>, 2019-06-19T05:25:45+0000
/project/identidad-sms/, identidad-sms, 0.3, Python Helper Library makes it easy to interact with the Interactivo API from your Python application, 2018-03-06T15:28:38+0000
/project/prove/, prove, 0.0.1, Prove API client, 2013-05-09T02:50:16+0000
/project/cnam/, cnam, 0.2, A simple CLI program that spits out caller ID name information given a phone number., 2012-02-13T03:24:21+0000
/project/flowroute-messaging-fossum/, flowroute-messaging-fossum, 0.2.0, Flowroute's Messaging API (Fossum edition)., 2021-02-11T21:44:50+0000
/project/tgcalls/, tgcalls, 0.0.12, A python binding for tgcalls, 2021-04-18T16:24:19+0000
/project/obelus/, obelus, 0.1, Protocol implementation of the Asterisk Manager Interface and Asterisk Gateway Interface, 2013-09-12T15:53:53+0000
/project/cpsms/, cpsms, 0.1, A Python wrapper around the SMS gateway from CPSMS <https://www.cpsms.dk/>., 2015-03-24T19:12:23+0000
/project/mymelipayamak/, mymelipayamak, 1.0.0, MeliPayamak Python library, 2019-08-04T21:17:51+0000
/project/asterisk-dialplan/, asterisk_dialplan, 0.1.3, Helpers to convert numbers to dialplan strings for use in Asterisk, 2015-03-14T08:59:27+0000
/project/xapiparser/, xapiparser, 0.0.15, XAPI ssh command parser to convert cli commands to xml for use in the Cisco XAPI REST API, 2020-12-07T17:20:18+0000
/project/panoramisk/, panoramisk, 1.3, asyncio based library to play with asterisk, 2018-09-21T09:17:23+0000
/project/aiosip/, aiosip, 0.2.0, SIP support for AsyncIO, 2017-09-14T12:37:20+0000
/project/pysipgate/, pysipgate, 0.1.2, Client for the Sipgate API, 2013-07-17T12:28:49+0000
/project/linphone/, linphone, 3.9.1, Linphone package for Python, 2015-11-16T12:35:52+0000
/project/phonenumbers/, phonenumbers, 8.12.21, Python version of Google's common library for parsing, formatting, storing and validating international phone numbers., 2021-04-07T16:25:13+0000
/project/russian-numerals/, russian-numerals, 0.2b0, Python package for working with quantitative numerals in Russian., 2020-07-03T09:12:04+0000
/project/comilio/, Comilio, 1.0.0, Client library to send SMS using Comilio SMS Gateway API (https://www.comilio.it), 2017-12-22T14:27:17+0000
/project/cacofonisk/, cacofonisk, 0.7.2, Track channels through Asterisk Management Interface (AMI), 2020-03-27T15:12:31+0000
/project/najdisi-sms/, najdisi-sms, 1.0.2, Najdi.si sms command line tool and API, 2017-09-16T17:44:08+0000
/project/pywebsms/, pyWebSMS, 1.1, pyWebSMS is an graphical sms sender which supports many programmable providers., 2005-04-18T16:46:20+0000
/project/opencnam/, opencnam, 0.7, A simple python library for getting caller ID name information using the opencnam API., 2020-04-27T18:47:26+0000
/project/exosip2ctypes/, exosip2ctypes, 1.2.4, libeXosip2 Python wrapper, 2018-04-19T04:19:24+0000
/project/smspdudecoder/, smspdudecoder, 1.2.2, Python SMS PDU Decoder, 2019-07-22T08:42:46+0000
/project/astersay/, astersay, 0.8.2, This is a Python library for Asterisk to work with Yandex voice models., 2021-02-15T02:44:49+0000
/project/freepbx-bulk-handler/, freepbx-bulk-handler, 0.61, Assist administrators of FreePBX systems when they need to use the Bulk Handler module, 2019-04-19T23:44:48+0000
/project/phonenumberslite/, phonenumberslite, 8.12.21, Python version of Google's common library for parsing, formatting, storing and validating international phone numbers., 2021-04-07T16:24:55+0000
/project/monkfreemobile/, monkfreemobile, 1.1.0, FreeMobile Library for Monkeys, 2019-11-01T14:38:04+0000
/project/vodem-vodafone-k4607-z/, vodem-vodafone-K4607-Z, 0.3.0, Vodafone Vodafone K4607-Z web interface python bindings, 2017-04-27T10:26:57+0000
/project/debdialer/, debdialer, 0.26, Click-to-dial pop-up window., 2018-08-09T07:09:57+0000
/project/smpplib/, smpplib, 2.1.0, SMPP library for python, 2020-03-10T19:25:49+0000
/project/attila/, attila, 1.2.0, Python module to communicate easily with modems and RF modules using AT commands, 2020-05-30T15:49:28+0000
/project/octothorpe/, octothorpe, 0.5, Asterisk Manager Interface library for the Twisted engine, 2014-07-20T03:02:06+0000
/project/plivo/, plivo, 4.16.0, A Python SDK to make voice calls & send SMS using Plivo and to generate Plivo XML, 2021-04-19T15:12:42+0000
/project/flask-twilio/, Flask-Twilio, 0.0.6, Make Twilio voice/SMS calls with Flask, 2018-03-02T01:50:08+0000
/project/django-smsish/, django-smsish, 1.3.2, A simple Django app to send SMS messages using an API similar to that of django.core.mail., 2016-03-20T07:13:59+0000
/project/t616hack/, t616hack, 0.2.2, Contact and phonebook access for the Sony Ericsson T610/T616, 2007-09-18T22:22:47+0000
/project/clx-sdk-xms/, clx-sdk-xms, 1.0.0, Library for CLX Communications HTTP REST Messaging API, 2017-01-23T15:57:58+0000
/project/dj-nexmo/, dj-nexmo, 0.0.4, Utilities for Django developers using Nexmo's APIs, 2019-01-17T13:27:03+0000
/project/sms4/, sms4, 0.1.0, Simple and straightforward way to send text messages, 2019-07-20T10:13:27+0000
/project/spyke/, spyke, 0.1, A skype connection manager., 2009-08-07T13:36:02+0000
/project/iec870ree-moxa/, iec870ree_moxa, 0.3.0, Physical layer for using a Moxa devices with IEC870REE library, 2020-11-09T16:15:34+0000
/project/sipzamine/, sipzamine, 0.5, SIP dialog examine utility (formerly sipcaparseye), 2020-04-22T10:20:34+0000
/project/python3-smpplib/, python3-smpplib, 1.0.22, SMPP library for python (fork https://github.com/podshumok/python-smpplib, 2017-07-12T06:24:33+0000
/project/pyst2/, pyst2, 0.5.1, A Python Interface to Asterisk, 2019-08-07T14:41:25+0000
/project/pyscxml/, pyscxml, 0.8.3-20120108, A pure Python SCXML parser/interpreter, 2012-01-08T18:06:25+0000
/project/ciscocucmapi/, ciscocucmapi, 0.0.2, Python Wrappers for Cisco CUCM SOAP APIs, 2019-12-31T09:20:57+0000
/project/ossi-tool/, ossi-tool, 0.3.3.6, Tool to creact CSV output from Avaya Communcation Manager commands., 2020-04-07T12:26:54+0000
/project/aasms/, aasms, 0.7, aaisp.net SMS interface, 2011-09-09T12:13:21+0000
/project/sms/, sms, 0.4, SMS sending and receiving with enfora gsm modems, 2010-04-24T15:57:21+0000
/project/sansaycdrparser/, sansaycdrparser, 0.0.2, Quick Sansay SBC CDR file parser that returns a list of records, 2014-04-28T12:12:46+0000
/project/hoiio/, hoiio, 0.1.5, Python SDK for Hoiio API. Refer to http://hoiio.readthedocs.org/ for documentation, https://github.com/samwize/hoiiopie for the repository., 2012-09-25T07:18:25+0000
/project/mijnsimpel/, MijnSimpel, 0.5, Python Client to Mijn Simpel, 2020-09-17T00:46:53+0000
/project/pyst/, pyst, 0.8, A Python Interface to Asterisk, 2020-12-04T10:42:35+0000
/project/cts-smsteknik/, cts-smsteknik, 1.0.7, Unofficial SMS Teknik client, 2015-10-29T13:40:41+0000
/project/squirrelapi/, squirrelapi, 0.6.1, Python wrapper for C3 Squirrel Voicemail HTTP API, 2013-08-16T16:22:13+0000
/project/pswinpy/, pswinpy, 0.0.1, A package for sending SMS messages using the PSWinCom SMS Gateway., 2011-05-05T08:49:27+0000
/project/popcornnotify/, popcornnotify, 0.1.4, Send simple emails and text messages from one API, 2017-12-20T23:03:01+0000
/project/send-sms-freemobile/, send-sms-freemobile, 0.1.0, Yet another tool to send SMS through French provider FreeMobile, 2018-12-02T11:23:52+0000
/project/elks/, elks, 1.1.0, Python bindings for 46elks API., 2018-01-19T08:07:49+0000
/project/modem-cmd/, modem-cmd, 1.0.2, Send arbitrary AT commands to your modem, 2017-07-20T02:39:42+0000
/project/telnyx/, telnyx, 1.3.0, Python bindings for the Telnyx API, 2021-03-29T22:07:43+0000
/project/zte-mf823/, zte-mf823, 0.0.1.dev21, Vodafone Vodafone K4607-Z web interface python bindings, 2019-01-28T11:32:03+0000
/project/pagingserver/, PagingServer, 19.5.2, SIP-based Announcement / PA / Paging / Public Address Server system, 2019-05-30T20:26:07+0000
/project/plivohelper/, plivohelper, 0.3.5, Plivo API client and RESTXML generator, 2011-10-04T15:17:41+0000
/project/sine/, Sine, 0.3.0, Divmod Sine is a standards-based voice-over-IP application server,        built as an offering for the Mantissa application server platform., 2009-11-29T19:14:08+0000
/project/vcard-split/, vcard_split, 0.2dev-r2010, Splits one vcard file (*.vcf) to many vcard files        with one vcard per file. Useful for import contacts to phones,         thats do not support multiple vcard in one file.         Supprt unicode cyrillic characters.         Консольная программа для разбиения одного большлго файла с контактами в формате VCARD (*.vcf)        на несколько файлов содержащих один контакт. Полезна для импорта контактов в телефон,        который не поддерживает несколько контактов в одном файле. Поддерживает русские буквы кириллицу в тексте контактов.        Работоспособность проверялась на файле с контактами экспортированными из google gmail.com.         Установка вариант 1: скачать, распаковать, в папке запустить "python setup.py install".         Использование вариант 1: python vcard_split.py [-h] [-l LOG_LEVEL] [-d] filename [filename ...] например "python vcard_split.py contacts.vcf"        Установка вариант 2: "easy_install -U vcard_split".         Использование вариант 2: vcard_split [-h] [-l LOG_LEVEL] [-d] filename [filename ...] например "vcard_split contacts.vcf", 2012-12-27T12:17:06+0000
/project/gsmtc35/, GSMTC35, 2.1, GSM TC35/MC35 controller (Send/Receive SMS/MMS/Call and a lot more!), 2019-11-09T18:33:56+0000
/project/asterisklint/, asterisklint, 0.4.2, Asterisk PBX configuration syntax checker, 2020-02-19T10:17:40+0000
/project/yellowpushsms/, YellowPushSMS, 0.5, Python Helper Library makes it easy to interact with the YellowPushSMS API from your Python application, 2018-03-08T20:54:20+0000
/project/ursine/, ursine, 0.3.1, library for SIP url handling/maninupation, 2018-05-09T18:31:44+0000
/project/smsgateway-gammu/, smsgateway-gammu, 0.0.7, Send SMS messages via REST api using Gammu, 2017-07-15T20:14:05+0000
/project/linphone4raspberry/, linphone4raspberry, 3.9.0, Linphone package for Python, 2016-03-11T23:49:00+0000
/project/tnzapi/, tnzapi, 1.0.5.2, TNZ REST API Helper Library for Python, 2020-12-17T21:57:45+0000
/project/infobip-api-python-client/, infobip-api-python-client, 2.3.0, Infobip SMS API client library in Python, 2020-09-07T14:31:57+0000
/project/twilio-fatisar/, twilio-fatisar, 5.4.1, Twilio API client and TwiML generator, 2016-08-04T20:16:52+0000
/project/alphasms-client/, alphasms-client, 0.1.3, Ukrainian AlphaSMS service client API implementation for Python, 2014-09-07T12:41:31+0000
/project/paste2sms/, paste2sms, 1.1.0, Sent clipboard content as a SMS., 2020-05-02T18:47:25+0000
/project/asyncsip/, asyncsip, 0.1.2, SIP support for AsyncIO, 2020-09-22T13:57:25+0000
/project/kavenegar/, kavenegar, 1.1.2, Kavenegar Python library, 2018-05-04T08:30:59+0000
/project/shellbot/, shellbot, 17.10.20, A bot that is also a responsive shell, 2017-10-20T22:25:07+0000
/project/twexit/, twexit, 6.43.0b1, Telnyx Twexit API client, 2020-07-28T22:07:35+0000
/project/textoter/, textoter, 0.51, Send SMS from your mobile phone. Phone is connected via Bluetooth, 2021-03-27T07:18:33+0000
/project/voicent-python/, Voicent-Python, 1.0, Voicent Python Library, 2019-07-12T15:55:33+0000
/project/cdcam/, cdcam, 1.0.1, Cambridge Digital Communications Assessment Model, 2019-12-16T09:41:46+0000
/project/skcmd/, skcmd, 0.0.7, Command line interface to Skype, 2014-01-10T13:56:57+0000
/project/pswingw2/, pswingw2, 0.2.1, A package for sending SMS messages using the PSWinCom LINK SMS Gateway., 2016-12-05T03:14:48+0000
/project/ucp/, ucp, 1.0.0, Python EMI UCP protocol wrapper., 2016-02-18T21:29:39+0000
/project/icemac-addressbook/, icemac.addressbook, 9.4, Multi user address book application, 2020-04-21T19:20:56+0000
/project/jasmin/, jasmin, 0.10.9, Jasmin is a very complete open source SMS Gateway with many enterprise-class features., 2021-02-25T12:15:35+0000
/project/jitsiprovs/, JitsiProvS, 0.1.0, Jitsi Provisioning Server, 2012-05-09T06:48:28+0000
/project/wammu/, wammu, 0.44, Wammu Mobile Phone Manager, 2018-01-05T14:40:34+0000
/project/telapi/, telapi, 0.2.5.2, TelAPI REST API client and InboundXML generator, 2014-06-30T18:50:27+0000
/project/sipvicious/, sipvicious, 0.3.3, SIPVicious suite is a set of tools that can be used to audit SIP based VoIP systems., 2021-03-25T06:13:24+0000
/project/save-thread-result/, save-thread-result, 0.0.6, Simple subclass wrapper around `threading.Thread` to get the return value from a thread in python (from `threading` built-in module in Python Standard library). Exact same interface for creating an instance of this threading sublcass as `threading.Thread`!, 2021-02-08T00:27:52+0000
/project/odorik/, odorik, 0.5, Python module for Odorik API., 2015-07-13T08:54:56+0000
/project/pyst3/, pyst3, 0.4.2, A Python 3.x Interface to Asterisk, 2014-11-21T09:07:49+0000
/project/sipcounter/, sipcounter, 0.0.3, SIP message counter, 2020-07-27T05:08:04+0000
/project/django-smsish2/, django-smsish2, 1.3.5, A simple Django app to send SMS messages using an API similar to that of django.core.mail., 2019-09-30T02:09:22+0000
/project/deframed/, deframed, 0.2.0, A minimal web non-framework, 2020-05-07T20:07:37+0000
/project/callattendant/, callattendant, 1.1.0, An automated call attendant and call blocker using a Raspberry Pi and USR-5637 modem, 2020-11-17T01:01:36+0000
/project/sms3/, sms3, 0.0.2, A library for sending TXT message, 2018-07-02T13:53:47+0000
/project/starzel-whoiscalling/, starzel.whoiscalling, 0.0.2, Retrieve calling info from Fritzbox, expose to jabber Multi User Chatroom, 2013-04-26T14:55:32+0000
/project/phone-gen/, phone-gen, 2.0.4, International phone number generation, 2021-04-08T10:06:22+0000
/project/python-gsmmodem/, python-gsmmodem, 0.9, Control an attached GSM modem: send/receive SMS messages, handle calls, etc, 2013-07-18T11:23:48+0000
/project/yessssms/, YesssSMS, 0.5.0, YesssSMS let's you send SMS via yesss.at's website., 2020-11-13T20:48:12+0000
/project/pylibsrtp/, pylibsrtp, 0.6.8, Python wrapper around the libsrtp library, 2021-02-14T15:36:19+0000
/project/ringcentral-async-client/, ringcentral-async-client, 1.0.3, Asynchronous client for the RingCentral Platform, based on Tornado and generated via Python OpenAPI Parser, 2020-10-15T15:48:56+0000
/project/panaceamobile/, PanaceaMobile, 1.0.2, PanaceaMobile "API" implementation in Python, 2019-07-31T22:10:44+0000
/project/py-star/, py-star, 0.1.0.dev1, A Python Interface to Asterisk, 2014-07-15T19:04:54+0000
/project/jaspion/, Jaspion, 0.3.7.1, FreeSwitch Event Handler based in Flask., 2020-08-02T23:47:12+0000
/project/web2sms/, web2sms, 0.2bdev, A python client for Cosmote web2sms service., 2011-02-16T15:52:45+0000
/project/kalliopepbx/, kalliopepbx, 0.0.2, Kalliope PBX login and communication module, 2020-11-21T06:08:26+0000
/project/textmagic/, textmagic, 2.0.3, TextMagic APIv2 client, 2015-08-27T11:29:28+0000
/project/twerp/, twerp, 0.0.5, Twilio command-line application for sending SMS text messages and making voice calls., 2012-04-04T22:08:10+0000
/project/aioagi/, aioagi, 1.2.0, Async agi client/server framework (asyncio), 2020-12-11T09:04:40+0000
/project/python-bada-push/, python-bada-push, 0.5.1, Python module for push messaging service for Samsung Bada., 2013-04-10T09:11:54+0000
/project/yuntongxun-restapi-asyncio/, yuntongxun-restapi-asyncio, 0.1, asyncio python helper library for yuntongxun.com Restful Web API, 2016-04-12T02:51:35+0000
/project/aioari/, aioari, 0.10.2, Asynchronous library for accessing the Asterisk REST Interface, 2020-11-15T15:25:06+0000
/project/python-messaging/, python-messaging, 0.5.13, SMS and MMS message encoder/decoder., 2020-10-20T20:57:16+0000
/project/textnow-bot/, textnow-bot, 1.0.6, Send text messages on TextNow with the Playwright API, 2021-02-07T23:41:10+0000
/project/pytgcalls/, pytgcalls, 0.0.19, Library connecting python binding for tgcalls and pyrogram, 2021-04-18T16:51:01+0000
/project/caret/, caret, 0.1.1, A Python Interface to Asterisk, 2017-08-03T20:48:32+0000
/project/calltest/, calltest, 0.7.4, A distributed phone call test program, 2020-10-07T11:30:23+0000
/project/strowger/, strowger, 0.1.3, Lightweight Twilio SMS application framework, 2013-09-28T16:00:07+0000
/project/twilio/, twilio, 6.57.0, Twilio API client and TwiML generator, 2021-04-21T19:26:41+0000
/project/bromelia/, bromelia, 0.1, A Python micro framework for Diameter applications, 2021-04-05T23:49:35+0000
/project/aiosmpp/, aiosmpp, 1.0.3, SMPP library for python based on asyncio, 2019-07-23T19:10:22+0000
/project/switchio/, switchio, 0.1.0a1, asyncio powered FreeSWITCH cluster control, 2017-11-15T16:30:49+0000
/project/plivo-six/, plivo-six, 0.11.5, Plivo Python library, 2017-05-12T08:25:00+0000
/project/trio-ari/, trio-ari, 0.2.9, A Trio-ified adapter for the Asterisk ARI interface, 2019-03-18T13:00:06+0000
/project/django-asterisk/, django-asterisk, 0.1, Phone call queuing and management for the Django web framework using an Asterisk server, 2011-06-02T15:30:08+0000
/project/vivialconnect/, vivialconnect, 0.2.4, Vivial Connect API Client Library for Python, 2020-07-02T21:53:17+0000
/project/switchy/, switchy, 0.1.0a1, A fast FreeSWITCH control library purpose-built on traffic theory and stress testing., 2016-09-07T20:02:20+0000
/project/python-gammu/, python-gammu, 3.1, Gammu bindings, 2020-07-24T11:42:54+0000
/project/asterisklint-jjs/, asterisklint-jjs, 0.4.2, Asterisk PBX configuration syntax checker, 2021-03-26T16:02:33+0000
/project/python-gsmmodem-new/, python-gsmmodem-new, 0.12, Control an attached GSM modem: send/receive SMS messages, handle calls, etc, 2017-03-15T11:59:18+0000
/project/pystrix/, pystrix, 1.1.8, Python bindings for Asterisk Manager Interface and Asterisk Gateway Interface, 2020-10-28T23:24:03+0000
/project/doorpi/, DoorPi, 2.5.1, provide intercomstation to the doorstation by VoIP, 2016-08-01T15:58:19+0000
/project/python-mpns/, python-mpns, 0.1.6, Python module for Microsoft Push Notification Service (MPNS) for Windows Phone, 2015-02-25T13:06:50+0000
/project/asyncari/, asyncari, 0.8.9, A AnyIO-ified adapter for the Asterisk ARI interface, 2019-12-03T10:46:05+0000
/project/pyami-asterisk/, pyami-asterisk, 1.2, pyami_asterisk is a library based on python’s AsyncIO with Asterisk AMI, 2021-03-05T09:30:58+0000
/project/kazoo-sdk/, kazoo-sdk, 0.2.4, Wrapper for the Kazoo API, 2017-11-28T03:19:25+0000
/project/suresms/, suresms, 1.0, A Python wrapper around the SureSMS SMS gateway <https://www.suresms.com>, 2019-06-19T05:25:45+0000
/project/identidad-sms/, identidad-sms, 0.3, Python Helper Library makes it easy to interact with the Interactivo API from your Python application, 2018-03-06T15:28:38+0000
/project/prove/, prove, 0.0.1, Prove API client, 2013-05-09T02:50:16+0000
/project/cnam/, cnam, 0.2, A simple CLI program that spits out caller ID name information given a phone number., 2012-02-13T03:24:21+0000
/project/flowroute-messaging-fossum/, flowroute-messaging-fossum, 0.2.0, Flowroute's Messaging API (Fossum edition)., 2021-02-11T21:44:50+0000
/project/tgcalls/, tgcalls, 0.0.12, A python binding for tgcalls, 2021-04-18T16:24:19+0000
/project/obelus/, obelus, 0.1, Protocol implementation of the Asterisk Manager Interface and Asterisk Gateway Interface, 2013-09-12T15:53:53+0000
/project/cpsms/, cpsms, 0.1, A Python wrapper around the SMS gateway from CPSMS <https://www.cpsms.dk/>., 2015-03-24T19:12:23+0000
/project/mymelipayamak/, mymelipayamak, 1.0.0, MeliPayamak Python library, 2019-08-04T21:17:51+0000
/project/asterisk-dialplan/, asterisk_dialplan, 0.1.3, Helpers to convert numbers to dialplan strings for use in Asterisk, 2015-03-14T08:59:27+0000
/project/xapiparser/, xapiparser, 0.0.15, XAPI ssh command parser to convert cli commands to xml for use in the Cisco XAPI REST API, 2020-12-07T17:20:18+0000
/project/panoramisk/, panoramisk, 1.3, asyncio based library to play with asterisk, 2018-09-21T09:17:23+0000
/project/aiosip/, aiosip, 0.2.0, SIP support for AsyncIO, 2017-09-14T12:37:20+0000
/project/pysipgate/, pysipgate, 0.1.2, Client for the Sipgate API, 2013-07-17T12:28:49+0000
/project/linphone/, linphone, 3.9.1, Linphone package for Python, 2015-11-16T12:35:52+0000
/project/phonenumbers/, phonenumbers, 8.12.21, Python version of Google's common library for parsing, formatting, storing and validating international phone numbers., 2021-04-07T16:25:13+0000
/project/russian-numerals/, russian-numerals, 0.2b0, Python package for working with quantitative numerals in Russian., 2020-07-03T09:12:04+0000
/project/comilio/, Comilio, 1.0.0, Client library to send SMS using Comilio SMS Gateway API (https://www.comilio.it), 2017-12-22T14:27:17+0000
/project/cacofonisk/, cacofonisk, 0.7.2, Track channels through Asterisk Management Interface (AMI), 2020-03-27T15:12:31+0000
/project/najdisi-sms/, najdisi-sms, 1.0.2, Najdi.si sms command line tool and API, 2017-09-16T17:44:08+0000
/project/pywebsms/, pyWebSMS, 1.1, pyWebSMS is an graphical sms sender which supports many programmable providers., 2005-04-18T16:46:20+0000
