/project/times2/, times2, 0.8, Times2 is a small, minimalistic, Python library for dealing with time conversions between universal time and arbitrary timezones., 2015-10-26T15:10:11+0000
/project/ckanext-wordpresser/, ckanext-wordpresser, 0.11, Extend CKAN content with content from Wordpress, 2011-03-21T10:53:40+0000
/project/geoformalchemy2/, GeoFormAlchemy2, 2.0dev3, GeoFormAlchemy - a extension for FormAlchemy that adds support for spatial databases, 2015-01-13T17:02:02+0000
/project/por-models/, por.models, 1.3.22, SQLAlchemy models for Penelope, 2013-07-31T12:57:41+0000
/project/kotti-analytics/, kotti_analytics, 0.2, Add a Google Analytics widget to your Kotti site, 2011-05-30T10:46:08+0000
/project/jslibs/, jslibs, 0.10, A package which does stuff with js libs, 2012-04-11T09:24:56+0000
/project/kotti-newsitem/, kotti_newsitem, 0.2, News Item content type for Kotti, 2013-02-13T09:28:09+0000
/project/briefkasten/, briefkasten, 0.3.1, a reasonably secure web application for submitting content anonymously, 2020-06-16T13:52:20+0000
/project/kotti-filestore/, kotti_filestore, 0.1a, Filesystem storage of BLOBs for Kotti., 2014-10-09T13:31:22+0000
/project/kotti-group-manager/, kotti-group-manager, 0.1.1.dev0, An add-on for Kotti that helps to manage groups, 2018-09-20T04:15:02+0000
/project/w20e-pycms-sitemaker/, w20e.pycms.sitemaker, 1.0.0a, Pyramid CMS paster template, 2012-07-23T18:51:25+0000
/project/kotti/, Kotti, 2.0.5, A high-level, Pythonic web application framework based on Pyramid and SQLAlchemy.  It includes an extensible Content Management System called the Kotti CMS., 2021-03-16T14:53:19+0000
/project/por-gdata/, por.gdata, 1.7.2, Penelope gdata integration, 2013-07-31T08:07:07+0000
/project/mozsvc/, mozsvc, 0.10, Various utilities for Mozilla apps, 2017-05-22T03:09:33+0000
/project/halfnarp/, halfnarp, 1.0.0, ..., 2015-11-20T00:34:46+0000
/project/pyramid-selectauth/, pyramid-selectauth, 1.0.1, pyramid_selectauth, 2018-09-24T07:29:48+0000
/project/mist/, mist, 1.10, Python client for mist.io, 2016-07-23T14:34:26+0000
/project/sharder/, sharder, 0.0, Screenshot web page fragments and serve through wsgi., 2012-07-28T16:07:20+0000
/project/github2fedmsg/, github2fedmsg, 0.3.6, Pubsubhubbub app that rebroadcasts GH events over fedmsg, 2015-02-18T19:41:46+0000
/project/pytoolbelt/, pytoolbelt, 0.1.1, Python library for some commonly usefull tools, 2017-06-08T13:13:03+0000
/project/pyramid-multildap/, pyramid-multildap, 0.2a6, pyramid_multildap, 2020-02-14T14:36:06+0000
/project/pyramid-recaptcha/, pyramid_recaptcha, 1.0.2, A pyramid/deform widget implementing googles recaptcha widget., 2016-12-08T08:42:15+0000
/project/osurf/, osurf, 0.2, ORDF - SurfRDF back-end, 2011-03-27T12:20:14+0000
/project/pyramid-mongodb/, pyramid_mongodb, 1.3, Pyramid application template for a traversal-based URL mapping and MongoDB project., 2012-04-07T04:14:48+0000
/project/invisibleroads-scaffolds/, invisibleroads-scaffolds, 1.8.0, Pyramid application scaffolds based on invisibleroads.com, 2012-02-19T06:22:05+0000
/project/kotti-pdf/, kotti_pdf, 0.4.3, PDF content type for Kotti, 2017-05-12T02:30:18+0000
/project/penelope-core/, penelope.core, 2.1.46, Penelope main package, 2016-07-28T15:42:44+0000
/project/fookebox/, fookebox, 0.7.3, A jukebox-style web-frontend to mpd, 2015-12-13T03:11:48+0000
/project/shabti/, Shabti, 0.4.4, Pylons template with Elixir ORM bindings, 2011-03-22T19:20:33+0000
/project/pyramid-pystache/, pyramid_pystache, 0.2, Mustache template bindings using Pystache for the Pyramid web framework, 2015-05-24T00:16:24+0000
/project/celery-pylons/, celery-pylons, 2.1.4dev, Celery integration with Pylons., 2011-01-18T23:58:53+0000
/project/pisa/, pisa, 3.0.33, PDF generator using HTML and CSS, 2010-06-16T14:09:56+0000
/project/openprocurement-edge/, openprocurement.edge, 1.0.0, openprocurement.edge, 2017-12-27T12:37:05+0000
/project/pygallerid/, pyGallerid, 0.2, python web photo gallery based on pyramid, 2012-02-01T13:51:08+0000
/project/kotti-audit/, kotti-audit, 1.1.5, Audit Log for Kotti, 2020-03-24T20:56:51+0000
/project/reactorauth/, reactorauth, 0.2, ReactorAuth is a set of classes that allow easy implementation of authorization in web frameworks., 2010-08-16T17:56:37+0000
/project/kotti-theme-amelia/, kotti_theme_amelia, 0.1, Amelia Theme from http://bootswatch.com/amelia/ for Kotti, 2012-11-30T15:58:29+0000
/project/pyramid-crud/, pyramid_crud, 0.1.3, CRUD interface for the Pyramid Framework, 2014-04-10T18:09:12+0000
/project/osiris/, osiris, 1.4, Pyramid based oAuth server, 2014-05-26T12:05:28+0000
/project/pyramid-force-https/, pyramid_force_https, 0.1.1, A tween to force HTTPS., 2017-08-02T21:20:12+0000
/project/edwiges/, edwiges, 0.1.0, A stupidly simple email REST service., 2017-07-22T04:15:31+0000
/project/kotti-disqus/, kotti_disqus, 0.1, Disqus commenting system add-on for Kotti, 2014-01-12T11:51:37+0000
/project/pyramid-handlers/, pyramid_handlers, 0.5, Pyramid handlers emulate Pylons 1 controllers, 2012-03-20T18:24:33+0000
/project/frla/, frla, 0.0.1dev-r2, FreeRadius Log Analyser, 2009-03-25T12:35:56+0000
/project/webhelpers2-grid/, webhelpers2_grid, 0.9, HTML Grid renderer that helps generating HTML tables (or other structures) for data presentation, supports ordering, sorting columns, and is very customizable, 2018-09-27T22:56:20+0000
/project/pyramid-whoauth/, pyramid_whoauth, 0.1.2, pyramid_whoauth, 2012-05-28T02:35:13+0000
/project/papyrus-ogcproxy/, papyrus_ogcproxy, 0.2, papyrus_ogcproxy, 2016-09-13T13:12:18+0000
/project/briefkasten-watchdog/, briefkasten_watchdog, 0.2.1, Perform functional testing of a Briefkasten instance, 2016-02-11T12:08:19+0000
/project/pyramid-hybridauth/, pyramid-hybridauth, 1.0.1, It provides Pyramid authentication in conjunction with external services  using OAuth., 2020-02-06T04:34:39+0000
/project/kotti-accounts/, kotti_accounts, 0.2.5, Allows a user principal to be associated to multiple email accounts., 2014-02-05T15:29:44+0000
/project/paginate/, paginate, 0.5.6, Divides large result sets into pages for easier browsing, 2016-11-22T12:54:04+0000
/project/ewscal/, ewscal, 0.0, Render Exchange calendars to SVG using d3.js, 2012-07-28T16:08:22+0000
/project/geoformalchemy/, GeoFormAlchemy, 0.4, GeoFormAlchemy - a extension for FormAlchemy that adds support for spatial databases, 2011-12-02T21:25:59+0000
/project/w20e-pyramidwsgi-recipe/, w20e.pyramidwsgi.recipe, 1.0.0, Pyramid WSGI recipe, 2013-11-30T11:08:32+0000
/project/kotti-theme-sbadmin/, kotti_theme_sbadmin, 0.1.1, SB Admin theme for Kotti, 2016-10-24T08:43:17+0000
/project/pyramid-formalchemy/, pyramid_formalchemy, 0.4.4, FormAlchemy plugins and helpers for Pyramid, 2013-04-22T13:02:23+0000
/project/gplayproxy/, gplayproxy, 0.1, gplayproxy, 2015-12-02T20:36:16+0000
/project/minitage-paste/, minitage.paste, 1.4.6, PasteScripts to facilitate use of minitage and creation of minitage based projects sponsored by Makina Corpus., 2013-04-01T21:33:56+0000
/project/kotti-contenttypes/, kotti_contenttypes, 0.1.15, Additional content types for Kotti, 2017-10-06T06:41:49+0000
/project/por-dashboard/, por.dashboard, 1.7.16, Penelope main package, 2013-07-15T13:29:03+0000
/project/pyramid-chameleon/, pyramid_chameleon, 0.3, pyramid_chameleon, 2014-07-01T17:47:35+0000
/project/kotti-grid/, kotti_grid, 0.1a2, grid widget for Kotti, 2013-05-03T14:17:42+0000
/project/pyamf/, PyAMF, 0.8.0, AMF support for Python, 2015-12-17T07:09:26+0000
/project/rollbar/, rollbar, 0.15.2, Easy and powerful exception tracking with Rollbar. Send messages and exceptions with arbitrary context, get back aggregates, and debug production issues quickly., 2021-01-25T20:56:03+0000
/project/akhet/, Akhet, 2.0, A Pyramid library and demo app with a Pylons-like feel., 2012-02-14T02:20:40+0000
/project/studio/, Studio, 0.5.1, Web-based administration interface for MapServer, 2011-03-13T16:07:09+0000
/project/ckanext-logstash/, ckanext-logstash, 0.0.2, Logstash support for CKAN, 2019-09-12T17:45:37+0000
/project/gw20e-forms/, gw20e.forms, 1.0.0b, Python API for creating and handling forms, 2011-01-12T17:21:45+0000
/project/kotti-settings/, kotti_settings, 0.3, Settings configuration for Kotti, 2016-02-29T21:59:57+0000
/project/kotti-solr/, kotti_solr, 0.1.1, Solr integration for Kotti, 2015-01-24T20:04:55+0000
/project/ckanext-sentry/, ckanext-sentry, 0.0.2, Sentry support for CKAN, 2015-10-19T13:22:29+0000
/project/pyramid-rewrite/, pyramid_rewrite, 0.2, Small Pyramid extension for rewriting urls, 2012-02-05T11:40:43+0000
/project/kotti-migration/, kotti_migration, 0.1.3, Allow kotti content type to be imported and exported from a kotti site, 2017-05-23T01:38:51+0000
/project/kotti-backend/, kotti_backend, 0.2.0, Turns Kotti CMS into a private content administration area, 2015-07-08T21:21:30+0000
/project/pyramid-haml/, pyramid_haml, 0.1.2, Use HAML templates in your pyramid project., 2011-12-07T14:19:21+0000
/project/pyramid-simpleauth/, pyramid_simpleauth, 0.10.1, Session based authentication and role based security                    for a Pyramid web application., 2016-04-26T11:51:19+0000
/project/kotti-site-settings/, kotti_site_settings, 0.2.2, Add on for Kotti, 2016-06-16T08:38:51+0000
/project/refaction/, Refaction, 0.0.1dev, Web-based tool for sharing webfaction services using webfaction's API., 2008-09-16T10:12:21+0000
/project/pyramid-sqla/, pyramid_sqla, 0.2, A SQLAlchemy library and Pylons-like application template for Pyramid, 2011-01-20T06:50:58+0000
/project/colander-jsonschema/, colander_jsonschema, 0.2, JSON-Schema converter for colander, 2014-10-05T16:00:22+0000
/project/linotpuseridresolver/, LinOtpUserIdResolver, 2.9.3, LinOTP2 modules for resolving usernames, 2017-08-14T13:07:27+0000
/project/kotti-feed/, kotti_feed, 0.2, Add RSS feed generation to your Kotti site, 2015-01-24T19:58:13+0000
/project/pyramid-redirect/, pyramid_redirect, 0.3, Small Pyramid extension for redirecting urls, 2019-08-22T07:24:58+0000
/project/penelope-trac/, penelope.trac, 1.2.12, Penelope: Trac integration, 2016-05-11T05:39:08+0000
/project/piano/, piano, 0.3, CMS built using Pyramid and MongoDB, 2012-03-22T19:38:45+0000
/project/dvdev/, DVDev, 0.1.3, DVDev - Distributed Development - tools for Open Source Software, 2009-04-19T22:09:33+0000
/project/octomotron/, octomotron, 0.2, A tool for rapid deployment of multiple evluation copies of a web application based on different git branches., 2012-11-19T19:02:46+0000
/project/pyramid-gaq/, pyramid_gaq, 0.0.4, Lightweight Google Analytics support for pyramid, 2012-02-05T02:42:43+0000
/project/kotti-navigation/, kotti_navigation, 0.5, Add a configurable navigation to your Kotti site, 2016-02-26T13:34:58+0000
/project/poolbox/, poolbox, 0.1, PDF Toolbox WebService, 2018-11-14T14:21:11+0000
/project/cornice/, cornice, 5.2.0, Define Web Services in Pyramid., 2021-04-06T09:38:16+0000
/project/sphinx-typesafe/, sphinx_typesafe, 0.3, Type checking @typesafe employing Sphinx docstrings, 2014-02-13T23:56:28+0000
/project/yasso/, yasso, 0.1, Yet Another Single Sign-On: An OAuth2 Provider, 2012-04-05T09:17:14+0000
/project/pyramid-extdirect/, pyramid-extdirect, 0.6.1, ExtDirect Implementation for Pyramid, 2021-03-09T14:16:57+0000
/project/ptah-crowd/, ptah_crowd, 0.1, User management for Ptah., 2011-12-22T07:33:18+0000
/project/pyramid-torque-engine-notifications/, pyramid_torque_engine_notifications, 0.0.1, Pyramid torque engine notification system based on nTorque based dual queue work engine system., 2016-02-12T15:58:17+0000
/project/ftw-bridge-proxy/, ftw.bridge.proxy, 1.1.1, A pyramid based proxy application for proxying requests between plone instances., 2012-05-09T11:10:27+0000
/project/kotti-contactform/, kotti_contactform, 0.5.1, Simple contact form for Kotti sites, 2016-05-25T16:25:21+0000
/project/kotti-docit/, kotti_docit, 1.0.0, Documentation site for your Kotti site, 2018-05-30T23:22:15+0000
/project/w20e-buildoutskel/, w20e.buildoutskel, 1.0.0a, Paster template, 2012-07-23T19:07:02+0000
/project/sapproject/, sapproject, 0.0, sapproject, 2012-05-13T21:29:37+0000
/project/pypes/, pypes, 1.1.0, An actor based programming framework, 2010-03-05T22:57:21+0000
/project/pyramid-assetgen/, pyramid_assetgen, 0.5.5, Integrate Assetgen with the Pyramid framework., 2014-04-25T09:18:03+0000
/project/pyramid-socketio/, pyramid_socketio, 0.9, Gevent-based Socket.IO pyramid integration and helpers, 2012-03-06T16:40:19+0000
/project/errormator-client/, errormator-client, 0.5.15, Client for Errormator reporting -  supporting WSGI and django  (http://errormator.com), 2013-11-16T12:52:59+0000
/project/linotp/, LinOTP, 2.11.1, LinOTP Service, 2020-03-30T16:33:18+0000
/project/kotti-restful-api/, kotti_restful_api, 0.1.1, Restful API for Kotti, 2016-12-20T21:24:05+0000
/project/django-memcached-pool-gto/, django-memcached-pool-gto, 0.6, A Memcached Pool for Django, 2016-08-26T04:32:09+0000
/project/kotti-rstdocument/, kotti_rstdocument, 0.2, Use reStructuredText documents in your Kotti site, 2011-06-01T09:34:24+0000
/project/pyramid-modern/, pyramid_modern, 1.0.2, Modern Frontend Pyramid Scaffold, 2012-03-13T19:04:48+0000
/project/pylonstemplates/, PylonsTemplates, 0.1dev, Extra paster templates for Pylons including repoze.what implementation, 2009-08-30T23:00:44+0000
/project/mist-ansible/, mist.ansible, 0.1.8, Ansible modules for the mist.io service, 2014-09-24T13:13:26+0000
/project/pyramid-ipauth/, pyramid_ipauth, 0.3.3, pyramid_ipauth, 2017-02-02T02:28:04+0000
/project/kotti-tinymce/, kotti_tinymce, 0.7.1, TinyMCE plugins for Kotti, 2018-09-14T13:43:56+0000
/project/ordf/, ordf, 0.36, Open Knowledge Foundation RDF, 2011-04-03T12:37:24+0000
/project/pyramid-zope-request/, pyramid_zope_request, 0.2, Zope publisher request support for Pyramid, 2013-04-30T11:44:16+0000
/project/yell/, yell, 0.3.2, User notification library with pluggable backends. Compatible with popular frameworks such as Django, Flask, Celery., 2013-02-26T15:21:28+0000
/project/baruwa/, baruwa, 2.0.9, Ajax enabled MailScanner web frontend, 2015-08-29T09:50:59+0000
/project/kotti-site-gallery/, kotti_site_gallery, 0.2.0, Site gallery for Kotti sites, 2014-12-06T18:53:43+0000
/project/almir/, almir, 0.1.8, Almir is a Bacula (backup solution) web interface written in Python., 2013-05-16T18:14:59+0000
/project/zopyx-gridfs/, zopyx_gridfs, 0.3.0, A MongoDB-to-Web gateway based on the Pyramid web framework, 2010-12-30T13:28:05+0000
/project/pylons-debugtoolbar/, pylons_debugtoolbar, 0.1.3, A package which provides an interactive HTML debugger for Pylons application development, 2012-10-29T07:14:26+0000
/project/sweepy/, Sweepy, 0.1.0, A very basic minesweeper clone written in Pylons, 2009-10-21T23:07:06+0000
/project/pylons/, Pylons, 1.0.3, Pylons Web Framework, 2018-01-12T16:53:09+0000
/project/kotti-contentpreview/, kotti_contentpreview, 0.1, Content preview in Kotti's contents view, 2013-05-03T14:35:45+0000
/project/pyramid-zodbconn/, pyramid_zodbconn, 0.8.1, Provide integration betwen Pyramid and ZODB, 2017-07-26T18:34:35+0000
/project/django-memcached-pool/, django-memcached-pool, 0.5, A Memcached Pool for Django, 2013-12-13T09:18:21+0000
/project/kotti-media/, kotti_media, 0.6, Add media content to your Kotti site, 2014-11-11T11:42:40+0000
/project/pyamf2/, PyAMF2, 0.6.1.5, AMF support for Python, 2014-09-13T21:20:28+0000
/project/nozama-cloudsearch-service/, nozama-cloudsearch-service, 1.1.3, A REST service which implements the Amazon CloudSearch for local testing purposes. This is *not* intended as a replacement for Amazon CloudSearch.See the http://nozama-cloudsearch.readthedocs.org/en/latest/ for more details. One handy benefit of using Nozama is it provides a way to migrate from Amazon CloudSearch to ElasticSearch., 2013-12-03T11:17:50+0000
/project/limone-zodb/, limone_zodb, 0.1a2, ZODB persistence for Limone content types., 2011-08-09T16:21:22+0000
/project/pyramid-redis/, pyramid_redis, 0.1.4, Integrate redis with a Pyramid application., 2014-09-29T08:49:06+0000
/project/kotti-etherpad/, kotti_etherpad, 0.4, Etherpad integration into your Kotti site, 2012-11-20T21:44:37+0000
/project/wsgithumb/, wsgithumb, 0.2, helpers to get a WebOb response to serve static files and thumbnails in an efficient way, 2015-05-05T11:28:56+0000
/project/deform-widget-dynatree/, deform_widget_dynatree, 0.1dev, jQuery dynatree widget for deform, 2012-11-29T13:29:01+0000
/project/gocept-selenium/, gocept.selenium, 6.0, Test-friendly Python API for Selenium and integration with web application frameworks., 2020-12-16T09:56:41+0000
/project/sleepy/, Sleepy, 0.1a1, A RESTful sort-of-CMS built primarily on Pylons and Berkeley DBXML, 2011-05-13T01:24:59+0000
/project/mapfish/, mapfish, 2.2, The MapFish web-mapping framework., 2011-06-23T11:55:56+0000
/project/kallithea/, Kallithea, 0.6.3, Kallithea is a fast and powerful management tool for Mercurial and Git with a built in push/pull server, full text search and code-review., 2020-12-02T20:35:04+0000
/project/diecutter/, diecutter, 0.7.1, Templates as a service., 2014-07-10T21:57:16+0000
/project/kotti-bootswatch/, kotti_bootswatch, 0.1.2, Kotti bootswatch theme / theme generator, 2014-12-31T10:06:31+0000
/project/kotti-mapreduce/, kotti_mapreduce, 0.2.0, The MapReduce addon for Kotti sites, 2012-08-27T18:25:48+0000
/project/pyramid-viewgroup/, pyramid_viewgroup, 0.5, An anlologue of Zope 3 "content providers" for Pyramid, 2012-02-23T19:20:14+0000
/project/multitrac/, multitrac, 0.1.2, A pyramid application to manage multiple Trac installations, 2012-02-26T12:13:37+0000
/project/spynl/, spynl, 6.0.1, spynl, 2017-02-02T15:17:05+0000
/project/ptahcrowd/, ptahcrowd, 0.2, User management for Ptah., 2012-11-08T19:33:37+0000
/project/pyramid-postmark/, pyramid_postmark, 0.3.2, Integrate the Postmark email service with a Pyramid web application., 2013-11-01T12:35:47+0000
/project/cheeseprism/, CheesePrism, 0.3, CheesePrism, 2013-03-21T21:40:29+0000
/project/pylons-gaq/, pylons_gaq, 0.0.4, Lightweight Google Analytics support for pylons, 2012-02-05T02:41:44+0000
/project/times/, times, 0.7, Times is a small, minimalistic, Python library for dealing with time conversions between universal time and arbitrary timezones., 2014-08-24T06:13:20+0000
/project/alkey/, alkey, 0.7.1, Redis backed tool for generating cache keys., 2015-09-25T14:53:26+0000
/project/c2cgeoportal/, c2cgeoportal, 2.2.10, c2cgeoportal, 2019-04-23T11:45:43+0000
/project/submit/, submit, 1.3.3, submit is a submission web service designed for programming assignments, 2018-05-31T00:43:09+0000
/project/gaq-hub/, gaq_hub, 0.1.0, Lightweight Google Analytics support, 2015-07-09T17:20:19+0000
/project/kotti-gallery/, kotti_gallery, 0.2.2, Add an image gallery to your Kotti site, 2013-02-18T16:08:10+0000
/project/pyramid-heroku/, pyramid-heroku, 0.8.0, A bunch of helpers for successfully running Pyramid on Heroku., 2021-02-04T07:38:51+0000
/project/kotti-events/, kotti_events, 0.1.0b3, Event collection for Kotti sites, 2012-07-12T14:17:32+0000
/project/kotti-google-analytics/, kotti_google_analytics, 1.2.1, Google Analytics for Kotti, 2017-06-09T12:06:04+0000
/project/kotti-util/, kotti_util, 0.1.2, Utilities for Kotti, 2017-12-21T08:03:55+0000
/project/pyramid-basicauth/, pyramid_basicauth, 0.0, Pyramid plugin for HTTP Basic access authentication, 2012-01-06T19:54:00+0000
/project/kotti-calendar/, kotti_calendar, 0.8.2, Add a calendar to your Kotti site, 2015-01-07T15:47:17+0000
/project/jocommentatom/, JoCommentAtom, 0.1.3, Atom feed generator for JoComment., 2011-01-14T18:53:14+0000
/project/rawgithub/, rawgithub, 0.1, rawgithub, 2014-03-03T14:42:00+0000
/project/oauth2sample/, oauth2sample, 0.1, Sample OAuth2 Client, 2012-04-05T09:17:52+0000
/project/kotti-blog/, kotti_blog, 0.4, Add a simple blog to your Kotti site, 2013-10-20T00:09:06+0000
/project/papyrus-tilecache/, papyrus_tilecache, 0.1, papyrus_tilecache, 2011-01-25T20:51:03+0000
/project/pyramid-fanstatic/, pyramid-fanstatic, 0.6, pyramid tween for fanstatic, 2020-06-16T08:25:57+0000
/project/kotti-theme-cosmo/, kotti_theme_cosmo, 0.1, Cosmo Theme from http://bootswatch.com/cosmo/ for Kotti, 2012-11-30T16:02:06+0000
/project/negotiate/, negotiate, 0.0.1, Negotiate: smart, simple content negotiation for Python web applications, 2012-04-02T00:26:45+0000
/project/pyramid-alchemy/, pyramid_alchemy, 0.0.1, Pyramid framework integration to extend SQLAlchemy ORM             classes with separate, easily testable, code., 2014-03-20T14:49:08+0000
/project/pyramid-zcml/, pyramid-zcml, 1.2.0, Zope Config Markup Language support for Pyramid, 2019-01-09T20:58:18+0000
/project/hiero/, hiero, 0.3.4, hiero, 2012-12-16T18:24:57+0000
/project/pygall/, PyGall, 0.12, Image gallery built with Pyramid web framework, 2011-10-17T23:33:12+0000
/project/kotti-dkbase/, kotti_dkbase, 0.1.0b2, Kotti setup and modifications for CMS projects of Datenkarussell., 2012-08-16T14:26:56+0000
/project/kotti-wysihtml5/, kotti_wysihtml5, 0.1.1, wysihtml5 for Kotti, 2013-03-04T10:23:47+0000
/project/pyramid-openid/, pyramid-openid, 0.3.4, A view for pyramid that functions as an OpenID consumer., 2011-01-13T08:44:30+0000
/project/pysvnmanager/, pySvnManager, 0.5.2dev-r188, SVN authz web management tools., 2010-10-08T01:45:19+0000
/project/kotti-lms-theme/, kotti_lms_theme, 0.1.4, LMS theme for Kotti, 2017-01-26T20:53:03+0000
/project/kotti-image/, kotti-image, 2.0.0, Image content type for Kotti, 2020-11-20T16:12:46+0000
/project/w20e-forms/, w20e.forms, 1.0.2b, Python API for creating and handling forms, 2013-02-05T12:07:17+0000
/project/wwitzel-scaffolds/, wwitzel_scaffolds, 0.5, Custom scaffolds for the Pyramid web application development framework, 2013-09-25T19:47:10+0000
/project/pyramid-cubicweb/, pyramid-cubicweb, 0.8.0, Integrate CubicWeb with a Pyramid application., 2017-01-03T09:13:26+0000
/project/w20e-pycms-news/, w20e.pycms_news, 1.0.1a, Pyramid CMS news package, 2012-07-24T13:13:27+0000
/project/flawless/, flawless, 0.4.5, Python Error Monitoring and Reporting, 2020-06-25T00:44:35+0000
/project/pam-py-linotp/, pam_py_linotp, 2.9.1, LinOTP python PAM module, 2017-02-15T15:20:53+0000
/project/restler/, Restler, 0.7.1, RESTful base controller for Pylons 1.0., 2011-08-27T02:00:03+0000
/project/pyramid-geoip/, pyramid_geoip, 0.3, Integrate MaxMind GeoIP data with a Pyramid web application., 2015-10-06T14:35:39+0000
/project/kotti-velruse/, kotti_velruse, 0.3.4, Kotti authentication with Velruse: OpenID, OAuth2, Google, Yahoo, Live, Facebook, Twitter and others, 2013-11-26T18:01:41+0000
/project/pyramid-weblayer/, pyramid_weblayer, 0.14.7, Common / reusable utilities for a Pyramid web application., 2016-01-18T11:41:56+0000
/project/ziggurat-foundations/, ziggurat-foundations, 0.8.4, Set of SQLAlchemy mixins that make application building an easy task. Provides users, groups,     permissions, resource tree handling and authorization solutions for Pyramid and Flask frameworks., 2021-04-18T19:10:25+0000
/project/limone/, limone, 0.1a5, Content type system based on colander schemas., 2011-09-01T16:12:54+0000
/project/webhelpers2/, WebHelpers2, 2.0, WebHelpers2, 2015-01-18T07:52:36+0000
/project/pyramid-webassets/, pyramid_webassets, 0.10, pyramid_webassets, 2018-11-03T20:39:48+0000
/project/pyramid-multiauth/, pyramid_multiauth, 0.9.0, pyramid_multiauth, 2016-11-07T06:22:12+0000
/project/whiskers/, whiskers, 0.2, Whiskers stores package and version data from buildouts., 2012-04-28T10:36:42+0000
/project/adhocracy-pylons/, adhocracy-Pylons, 1.0.2dev-20130226, Pylons Web Framework, 2013-02-26T15:36:59+0000
/project/couchpy/, couchpy, 0.2dev, Data modeling for CouchDB database management systems, 2011-12-01T05:48:20+0000
/project/pyramid-xmlrpc/, pyramid_xmlrpc, 0.1, XML-RPC support for the Pyramid web framework, 2010-11-08T05:14:39+0000
/project/pyramid-ldap/, pyramid_ldap, 0.3.1.post1, pyramid_ldap, 2018-05-15T21:23:59+0000
/project/kotti-multilingual/, kotti_multilingual, 0.2a3, Multilangual sites with Kotti, 2015-04-27T13:08:55+0000
/project/minitage-paste-extras/, minitage.paste.extras, 1.9, Extension for minitage.paste allowing users to have some server instaces configured on top of projects, 2009-12-24T10:01:07+0000
/project/kotti-theme-slate/, kotti_theme_slate, 0.1, Slate Theme from http://bootswatch.com/slate/ for Kotti, 2012-11-30T16:06:56+0000
/project/kotti-link/, kotti_link, 0.1, Link content type for Kotti, 2015-02-12T23:07:45+0000
/project/pyramid-webassets2/, pyramid_webassets2, 0.7.2-fork-webassets2.4, pyramid_webassets, 2014-01-30T23:39:56+0000
/project/pyramid-scss2/, pyramid_scss2, 0.3.0, Adds support for SCSS to Pyramid projects, 2013-02-28T20:44:54+0000
/project/pyramid-scss/, pyramid_scss, 0.4, Adds support for SCSS to Pyramid projects, 2014-04-18T02:22:59+0000
/project/max/, max, 4.0.26, Activity Stream and Subscription Enhanced Engine (Motor d'Activitat i subscripcions eXtes), 2015-03-11T11:39:35+0000
/project/kotti-toolkit/, kotti-toolkit, 1.0.2, Utilities for Kotti, 2018-09-19T21:12:21+0000
/project/pyramid-pyctpp2/, pyramid_pyctpp2, 0.2.0, pyctpp2 template bindings for the Pyramid web framework, 2011-07-01T09:05:24+0000
/project/compress-pyscripts/, compress_pyscripts, 0.0.1, Compression related scripts, 2013-05-18T06:46:12+0000
/project/bigmax/, bigmax, 3.5.1, Big MAX - MAX Web Administration Interface, 2013-09-19T14:01:35+0000
/project/kotti-socialbuttons/, kotti_socialbuttons, 0.1a3, Social media buttons add on for Kotti, 2016-07-21T13:37:04+0000
/project/pyramid-torque-engine/, pyramid_torque_engine, 0.5.4, Pyramid and nTorque based dual queue work engine system., 2016-06-07T17:33:30+0000
/project/por-trac/, por.trac, 1.6, Penelope: Trac integration, 2013-08-12T12:48:41+0000
/project/mist-io/, mist.io, 0.9.8, server management, monitoring & automation across clouds from any web device, 2014-04-17T20:52:58+0000
/project/pyramid-mustache/, pyramid_mustache, 0.3.1, pyramid_mustache, 2012-09-27T20:46:41+0000
/project/appenlight-client/, appenlight-client, 0.6.26, Client for AppEnlight reporting - WSGI applications and django monitoring (http://getappenlight.com), 2018-06-14T12:22:07+0000
/project/kotti-bstable/, kotti-bstable, 1.0.2, Bootstraptable for Kotti, 2020-03-24T08:48:55+0000
/project/blobs/, blobs, 0.1dev, Blobs is a simple web-based file server., 2008-02-19T18:10:51+0000
/project/rhodecode/, RhodeCode, 2.2.6, RhodeCode is a fast and powerful management tool for Mercurial and GIT with a built in push/pull server, full text search and code-review., 2015-01-29T17:30:50+0000
/project/pyramid-oauth2-client/, pyramid_oauth2_client, 0.1, Library for authenticating Pyramid apps using OAuth2, 2012-04-05T09:12:11+0000
/project/kotti-gsd/, kotti_gsd, 0.1.0, Add Gitlab Service Desk to your Kotti site, 2017-05-31T22:45:04+0000
/project/convertit/, convertit, 2.2.0, A file conversion Web API in Pyramid, 2019-11-22T12:38:44+0000
/project/kotti-history/, kotti_history, 0.1.0, Add track the viewership and searches for the various contenttype in Kotti, 2017-01-06T18:23:24+0000
/project/pyramid-raven/, pyramid_raven, 0.2.2, Integrate raven and raven-js with a Pyramid web application., 2016-09-12T20:40:24+0000
/project/kotti-toolkit/, kotti-toolkit, 1.0.2, Utilities for Kotti, 2018-09-19T21:12:21+0000
/project/whiskers/, whiskers, 0.2, Whiskers stores package and version data from buildouts., 2012-04-28T10:36:42+0000
/project/adhocracy-pylons/, adhocracy-Pylons, 1.0.2dev-20130226, Pylons Web Framework, 2013-02-26T15:36:59+0000
/project/couchpy/, couchpy, 0.2dev, Data modeling for CouchDB database management systems, 2011-12-01T05:48:20+0000
/project/pyramid-xmlrpc/, pyramid_xmlrpc, 0.1, XML-RPC support for the Pyramid web framework, 2010-11-08T05:14:39+0000
/project/pyramid-ldap/, pyramid_ldap, 0.3.1.post1, pyramid_ldap, 2018-05-15T21:23:59+0000
/project/kotti-multilingual/, kotti_multilingual, 0.2a3, Multilangual sites with Kotti, 2015-04-27T13:08:55+0000
/project/kotti-theme-slate/, kotti_theme_slate, 0.1, Slate Theme from http://bootswatch.com/slate/ for Kotti, 2012-11-30T16:06:56+0000
/project/kotti-link/, kotti_link, 0.1, Link content type for Kotti, 2015-02-12T23:07:45+0000
/project/pyramid-webassets2/, pyramid_webassets2, 0.7.2-fork-webassets2.4, pyramid_webassets, 2014-01-30T23:39:56+0000
/project/pyramid-scss2/, pyramid_scss2, 0.3.0, Adds support for SCSS to Pyramid projects, 2013-02-28T20:44:54+0000
/project/kotti-dkbase/, kotti_dkbase, 0.1.0b2, Kotti setup and modifications for CMS projects of Datenkarussell., 2012-08-16T14:26:56+0000
/project/kotti-wysihtml5/, kotti_wysihtml5, 0.1.1, wysihtml5 for Kotti, 2013-03-04T10:23:47+0000
/project/pyramid-openid/, pyramid-openid, 0.3.4, A view for pyramid that functions as an OpenID consumer., 2011-01-13T08:44:30+0000
/project/pysvnmanager/, pySvnManager, 0.5.2dev-r188, SVN authz web management tools., 2010-10-08T01:45:19+0000
/project/kotti-controlpanel/, kotti_controlpanel, 1.0.9, Settings configuration for Kotti, 2017-06-09T07:19:30+0000
/project/kotti-alert/, kotti-alert, 0.3.1, Alert content type for Kotti, 2019-09-18T19:14:35+0000
/project/pyramid-who/, pyramid_who, 0.3, Pyramid authentication policies based on repoze.who, 2011-11-07T13:04:45+0000
/project/kotti-twitter/, kotti_twitter, 0.5, Add twitter widgets to your Kotti site, 2013-01-07T09:22:51+0000
/project/bycycletripplanner/, byCycleTripPlanner, 0.4a0.dev-r1056, byCycle Trip Planner, 2008-09-22T21:41:38+0000
/project/kotti-theme-cerulean/, kotti_theme_cerulean, 0.1, Cerulean Theme from http://bootswatch.com/cerulean/ for Kotti, 2012-11-30T15:46:52+0000
/project/kotti-theme-spruce/, kotti_theme_spruce, 0.1, Spruce Theme from http://bootswatch.com/spruce/ for Kotti, 2012-11-30T16:10:30+0000
/project/kotti-image-gallery/, kotti_image_gallery, 0.3.2, Add an image gallery to your Kotti site, 2012-05-04T09:29:14+0000
/project/plim/, Plim, 0.9.12, Plim is a Python port of Ruby's Slim template language built on top of Mako Templates, 2015-10-10T15:26:33+0000
/project/pyramid-simpleform/, pyramid_simpleform, 0.6.1, pyramid_simpleform, 2011-02-26T13:43:53+0000
/project/dependency-injector/, dependency-injector, 4.32.1, Dependency injection framework for Python, 2021-04-25T22:19:46+0000
/project/times2/, times2, 0.8, Times2 is a small, minimalistic, Python library for dealing with time conversions between universal time and arbitrary timezones., 2015-10-26T15:10:11+0000
/project/ckanext-wordpresser/, ckanext-wordpresser, 0.11, Extend CKAN content with content from Wordpress, 2011-03-21T10:53:40+0000
/project/geoformalchemy2/, GeoFormAlchemy2, 2.0dev3, GeoFormAlchemy - a extension for FormAlchemy that adds support for spatial databases, 2015-01-13T17:02:02+0000
/project/por-models/, por.models, 1.3.22, SQLAlchemy models for Penelope, 2013-07-31T12:57:41+0000
/project/kotti-analytics/, kotti_analytics, 0.2, Add a Google Analytics widget to your Kotti site, 2011-05-30T10:46:08+0000
/project/shabti/, Shabti, 0.4.4, Pylons template with Elixir ORM bindings, 2011-03-22T19:20:33+0000
/project/pyramid-pystache/, pyramid_pystache, 0.2, Mustache template bindings using Pystache for the Pyramid web framework, 2015-05-24T00:16:24+0000
/project/kotti-newsitem/, kotti_newsitem, 0.2, News Item content type for Kotti, 2013-02-13T09:28:09+0000
/project/briefkasten/, briefkasten, 0.3.1, a reasonably secure web application for submitting content anonymously, 2020-06-16T13:52:20+0000
/project/kotti-filestore/, kotti_filestore, 0.1a, Filesystem storage of BLOBs for Kotti., 2014-10-09T13:31:22+0000
/project/kotti-group-manager/, kotti-group-manager, 0.1.1.dev0, An add-on for Kotti that helps to manage groups, 2018-09-20T04:15:02+0000
/project/w20e-pycms-sitemaker/, w20e.pycms.sitemaker, 1.0.0a, Pyramid CMS paster template, 2012-07-23T18:51:25+0000
/project/kotti/, Kotti, 2.0.5, A high-level, Pythonic web application framework based on Pyramid and SQLAlchemy.  It includes an extensible Content Management System called the Kotti CMS., 2021-03-16T14:53:19+0000
/project/por-gdata/, por.gdata, 1.7.2, Penelope gdata integration, 2013-07-31T08:07:07+0000
/project/mozsvc/, mozsvc, 0.10, Various utilities for Mozilla apps, 2017-05-22T03:09:33+0000
/project/halfnarp/, halfnarp, 1.0.0, ..., 2015-11-20T00:34:46+0000
/project/pyramid-selectauth/, pyramid-selectauth, 1.0.1, pyramid_selectauth, 2018-09-24T07:29:48+0000
/project/celery-pylons/, celery-pylons, 2.1.4dev, Celery integration with Pylons., 2011-01-18T23:58:53+0000
/project/pisa/, pisa, 3.0.33, PDF generator using HTML and CSS, 2010-06-16T14:09:56+0000
/project/openprocurement-edge/, openprocurement.edge, 1.0.0, openprocurement.edge, 2017-12-27T12:37:05+0000
/project/pygallerid/, pyGallerid, 0.2, python web photo gallery based on pyramid, 2012-02-01T13:51:08+0000
/project/kotti-audit/, kotti-audit, 1.1.5, Audit Log for Kotti, 2020-03-24T20:56:51+0000
/project/invisibleroads-scaffolds/, invisibleroads-scaffolds, 1.8.0, Pyramid application scaffolds based on invisibleroads.com, 2012-02-19T06:22:05+0000
/project/kotti-pdf/, kotti_pdf, 0.4.3, PDF content type for Kotti, 2017-05-12T02:30:18+0000
/project/jslibs/, jslibs, 0.10, A package which does stuff with js libs, 2012-04-11T09:24:56+0000
/project/reactorauth/, reactorauth, 0.2, ReactorAuth is a set of classes that allow easy implementation of authorization in web frameworks., 2010-08-16T17:56:37+0000
/project/kotti-theme-amelia/, kotti_theme_amelia, 0.1, Amelia Theme from http://bootswatch.com/amelia/ for Kotti, 2012-11-30T15:58:29+0000
/project/mist/, mist, 1.10, Python client for mist.io, 2016-07-23T14:34:26+0000
/project/pyramid-crud/, pyramid_crud, 0.1.3, CRUD interface for the Pyramid Framework, 2014-04-10T18:09:12+0000
/project/osiris/, osiris, 1.4, Pyramid based oAuth server, 2014-05-26T12:05:28+0000
/project/pyramid-force-https/, pyramid_force_https, 0.1.1, A tween to force HTTPS., 2017-08-02T21:20:12+0000
/project/edwiges/, edwiges, 0.1.0, A stupidly simple email REST service., 2017-07-22T04:15:31+0000
/project/kotti-disqus/, kotti_disqus, 0.1, Disqus commenting system add-on for Kotti, 2014-01-12T11:51:37+0000
/project/pyramid-handlers/, pyramid_handlers, 0.5, Pyramid handlers emulate Pylons 1 controllers, 2012-03-20T18:24:33+0000
/project/sharder/, sharder, 0.0, Screenshot web page fragments and serve through wsgi., 2012-07-28T16:07:20+0000
/project/github2fedmsg/, github2fedmsg, 0.3.6, Pubsubhubbub app that rebroadcasts GH events over fedmsg, 2015-02-18T19:41:46+0000
/project/pytoolbelt/, pytoolbelt, 0.1.1, Python library for some commonly usefull tools, 2017-06-08T13:13:03+0000
/project/pyramid-multildap/, pyramid-multildap, 0.2a6, pyramid_multildap, 2020-02-14T14:36:06+0000
/project/pyramid-recaptcha/, pyramid_recaptcha, 1.0.2, A pyramid/deform widget implementing googles recaptcha widget., 2016-12-08T08:42:15+0000
/project/osurf/, osurf, 0.2, ORDF - SurfRDF back-end, 2011-03-27T12:20:14+0000
/project/pyramid-mongodb/, pyramid_mongodb, 1.3, Pyramid application template for a traversal-based URL mapping and MongoDB project., 2012-04-07T04:14:48+0000
/project/frla/, frla, 0.0.1dev-r2, FreeRadius Log Analyser, 2009-03-25T12:35:56+0000
/project/webhelpers2-grid/, webhelpers2_grid, 0.9, HTML Grid renderer that helps generating HTML tables (or other structures) for data presentation, supports ordering, sorting columns, and is very customizable, 2018-09-27T22:56:20+0000
/project/pyramid-whoauth/, pyramid_whoauth, 0.1.2, pyramid_whoauth, 2012-05-28T02:35:13+0000
/project/papyrus-ogcproxy/, papyrus_ogcproxy, 0.2, papyrus_ogcproxy, 2016-09-13T13:12:18+0000
/project/briefkasten-watchdog/, briefkasten_watchdog, 0.2.1, Perform functional testing of a Briefkasten instance, 2016-02-11T12:08:19+0000
/project/pyramid-hybridauth/, pyramid-hybridauth, 1.0.1, It provides Pyramid authentication in conjunction with external services  using OAuth., 2020-02-06T04:34:39+0000
/project/penelope-core/, penelope.core, 2.1.46, Penelope main package, 2016-07-28T15:42:44+0000
/project/fookebox/, fookebox, 0.7.3, A jukebox-style web-frontend to mpd, 2015-12-13T03:11:48+0000
/project/kotti-accounts/, kotti_accounts, 0.2.5, Allows a user principal to be associated to multiple email accounts., 2014-02-05T15:29:44+0000
/project/linotp/, LinOTP, 2.11.1, LinOTP Service, 2020-03-30T16:33:18+0000
/project/kotti-restful-api/, kotti_restful_api, 0.1.1, Restful API for Kotti, 2016-12-20T21:24:05+0000
/project/django-memcached-pool-gto/, django-memcached-pool-gto, 0.6, A Memcached Pool for Django, 2016-08-26T04:32:09+0000
/project/pylonstemplates/, PylonsTemplates, 0.1dev, Extra paster templates for Pylons including repoze.what implementation, 2009-08-30T23:00:44+0000
/project/w20e-pyramidwsgi-recipe/, w20e.pyramidwsgi.recipe, 1.0.0, Pyramid WSGI recipe, 2013-11-30T11:08:32+0000
/project/kotti-theme-sbadmin/, kotti_theme_sbadmin, 0.1.1, SB Admin theme for Kotti, 2016-10-24T08:43:17+0000
/project/pyramid-formalchemy/, pyramid_formalchemy, 0.4.4, FormAlchemy plugins and helpers for Pyramid, 2013-04-22T13:02:23+0000
/project/gplayproxy/, gplayproxy, 0.1, gplayproxy, 2015-12-02T20:36:16+0000
/project/minitage-paste/, minitage.paste, 1.4.6, PasteScripts to facilitate use of minitage and creation of minitage based projects sponsored by Makina Corpus., 2013-04-01T21:33:56+0000
/project/kotti-contenttypes/, kotti_contenttypes, 0.1.15, Additional content types for Kotti, 2017-10-06T06:41:49+0000
/project/por-dashboard/, por.dashboard, 1.7.16, Penelope main package, 2013-07-15T13:29:03+0000
/project/mist-ansible/, mist.ansible, 0.1.8, Ansible modules for the mist.io service, 2014-09-24T13:13:26+0000
/project/pyramid-chameleon/, pyramid_chameleon, 0.3, pyramid_chameleon, 2014-07-01T17:47:35+0000
/project/pyramid-ipauth/, pyramid_ipauth, 0.3.3, pyramid_ipauth, 2017-02-02T02:28:04+0000
/project/kotti-tinymce/, kotti_tinymce, 0.7.1, TinyMCE plugins for Kotti, 2018-09-14T13:43:56+0000
/project/ordf/, ordf, 0.36, Open Knowledge Foundation RDF, 2011-04-03T12:37:24+0000
/project/pyramid-zope-request/, pyramid_zope_request, 0.2, Zope publisher request support for Pyramid, 2013-04-30T11:44:16+0000
/project/yell/, yell, 0.3.2, User notification library with pluggable backends. Compatible with popular frameworks such as Django, Flask, Celery., 2013-02-26T15:21:28+0000
/project/baruwa/, baruwa, 2.0.9, Ajax enabled MailScanner web frontend, 2015-08-29T09:50:59+0000
/project/kotti-site-gallery/, kotti_site_gallery, 0.2.0, Site gallery for Kotti sites, 2014-12-06T18:53:43+0000
/project/almir/, almir, 0.1.8, Almir is a Bacula (backup solution) web interface written in Python., 2013-05-16T18:14:59+0000
/project/zopyx-gridfs/, zopyx_gridfs, 0.3.0, A MongoDB-to-Web gateway based on the Pyramid web framework, 2010-12-30T13:28:05+0000
/project/pylons-debugtoolbar/, pylons_debugtoolbar, 0.1.3, A package which provides an interactive HTML debugger for Pylons application development, 2012-10-29T07:14:26+0000
/project/kotti-grid/, kotti_grid, 0.1a2, grid widget for Kotti, 2013-05-03T14:17:42+0000
/project/sweepy/, Sweepy, 0.1.0, A very basic minesweeper clone written in Pylons, 2009-10-21T23:07:06+0000
/project/pylons/, Pylons, 1.0.3, Pylons Web Framework, 2018-01-12T16:53:09+0000
/project/studio/, Studio, 0.5.1, Web-based administration interface for MapServer, 2011-03-13T16:07:09+0000
/project/ckanext-logstash/, ckanext-logstash, 0.0.2, Logstash support for CKAN, 2019-09-12T17:45:37+0000
/project/gw20e-forms/, gw20e.forms, 1.0.0b, Python API for creating and handling forms, 2011-01-12T17:21:45+0000
/project/kotti-settings/, kotti_settings, 0.3, Settings configuration for Kotti, 2016-02-29T21:59:57+0000
/project/kotti-solr/, kotti_solr, 0.1.1, Solr integration for Kotti, 2015-01-24T20:04:55+0000
/project/pyramid-rewrite/, pyramid_rewrite, 0.2, Small Pyramid extension for rewriting urls, 2012-02-05T11:40:43+0000
/project/pyramid-sqla/, pyramid_sqla, 0.2, A SQLAlchemy library and Pylons-like application template for Pyramid, 2011-01-20T06:50:58+0000
/project/colander-jsonschema/, colander_jsonschema, 0.2, JSON-Schema converter for colander, 2014-10-05T16:00:22+0000
/project/linotpuseridresolver/, LinOtpUserIdResolver, 2.9.3, LinOTP2 modules for resolving usernames, 2017-08-14T13:07:27+0000
/project/kotti-contentpreview/, kotti_contentpreview, 0.1, Content preview in Kotti's contents view, 2013-05-03T14:35:45+0000
/project/pyramid-zodbconn/, pyramid_zodbconn, 0.8.1, Provide integration betwen Pyramid and ZODB, 2017-07-26T18:34:35+0000
/project/django-memcached-pool/, django-memcached-pool, 0.5, A Memcached Pool for Django, 2013-12-13T09:18:21+0000
/project/kotti-media/, kotti_media, 0.6, Add media content to your Kotti site, 2014-11-11T11:42:40+0000
/project/pyamf2/, PyAMF2, 0.6.1.5, AMF support for Python, 2014-09-13T21:20:28+0000
/project/nozama-cloudsearch-service/, nozama-cloudsearch-service, 1.1.3, A REST service which implements the Amazon CloudSearch for local testing purposes. This is *not* intended as a replacement for Amazon CloudSearch.See the http://nozama-cloudsearch.readthedocs.org/en/latest/ for more details. One handy benefit of using Nozama is it provides a way to migrate from Amazon CloudSearch to ElasticSearch., 2013-12-03T11:17:50+0000
/project/yasso/, yasso, 0.1, Yet Another Single Sign-On: An OAuth2 Provider, 2012-04-05T09:17:14+0000
/project/pyramid-extdirect/, pyramid-extdirect, 0.6.1, ExtDirect Implementation for Pyramid, 2021-03-09T14:16:57+0000
/project/pyramid-postmark/, pyramid_postmark, 0.3.2, Integrate the Postmark email service with a Pyramid web application., 2013-11-01T12:35:47+0000
/project/cheeseprism/, CheesePrism, 0.3, CheesePrism, 2013-03-21T21:40:29+0000
/project/pylons-gaq/, pylons_gaq, 0.0.4, Lightweight Google Analytics support for pylons, 2012-02-05T02:41:44+0000
/project/times/, times, 0.7, Times is a small, minimalistic, Python library for dealing with time conversions between universal time and arbitrary timezones., 2014-08-24T06:13:20+0000
/project/alkey/, alkey, 0.7.1, Redis backed tool for generating cache keys., 2015-09-25T14:53:26+0000
/project/c2cgeoportal/, c2cgeoportal, 2.2.10, c2cgeoportal, 2019-04-23T11:45:43+0000
/project/submit/, submit, 1.3.3, submit is a submission web service designed for programming assignments, 2018-05-31T00:43:09+0000
/project/ptah-crowd/, ptah_crowd, 0.1, User management for Ptah., 2011-12-22T07:33:18+0000
/project/pyramid-torque-engine-notifications/, pyramid_torque_engine_notifications, 0.0.1, Pyramid torque engine notification system based on nTorque based dual queue work engine system., 2016-02-12T15:58:17+0000
/project/ftw-bridge-proxy/, ftw.bridge.proxy, 1.1.1, A pyramid based proxy application for proxying requests between plone instances., 2012-05-09T11:10:27+0000
/project/paginate/, paginate, 0.5.6, Divides large result sets into pages for easier browsing, 2016-11-22T12:54:04+0000
/project/kotti-contactform/, kotti_contactform, 0.5.1, Simple contact form for Kotti sites, 2016-05-25T16:25:21+0000
/project/ewscal/, ewscal, 0.0, Render Exchange calendars to SVG using d3.js, 2012-07-28T16:08:22+0000
/project/geoformalchemy/, GeoFormAlchemy, 0.4, GeoFormAlchemy - a extension for FormAlchemy that adds support for spatial databases, 2011-12-02T21:25:59+0000
/project/kotti-docit/, kotti_docit, 1.0.0, Documentation site for your Kotti site, 2018-05-30T23:22:15+0000
/project/w20e-buildoutskel/, w20e.buildoutskel, 1.0.0a, Paster template, 2012-07-23T19:07:02+0000
/project/sapproject/, sapproject, 0.0, sapproject, 2012-05-13T21:29:37+0000
/project/pypes/, pypes, 1.1.0, An actor based programming framework, 2010-03-05T22:57:21+0000
/project/pyramid-assetgen/, pyramid_assetgen, 0.5.5, Integrate Assetgen with the Pyramid framework., 2014-04-25T09:18:03+0000
/project/pyramid-socketio/, pyramid_socketio, 0.9, Gevent-based Socket.IO pyramid integration and helpers, 2012-03-06T16:40:19+0000
/project/errormator-client/, errormator-client, 0.5.15, Client for Errormator reporting -  supporting WSGI and django  (http://errormator.com), 2013-11-16T12:52:59+0000
/project/kotti-rstdocument/, kotti_rstdocument, 0.2, Use reStructuredText documents in your Kotti site, 2011-06-01T09:34:24+0000
/project/pyramid-modern/, pyramid_modern, 1.0.2, Modern Frontend Pyramid Scaffold, 2012-03-13T19:04:48+0000
/project/pyamf/, PyAMF, 0.8.0, AMF support for Python, 2015-12-17T07:09:26+0000
/project/rollbar/, rollbar, 0.15.2, Easy and powerful exception tracking with Rollbar. Send messages and exceptions with arbitrary context, get back aggregates, and debug production issues quickly., 2021-01-25T20:56:03+0000
/project/akhet/, Akhet, 2.0, A Pyramid library and demo app with a Pylons-like feel., 2012-02-14T02:20:40+0000
/project/ckanext-sentry/, ckanext-sentry, 0.0.2, Sentry support for CKAN, 2015-10-19T13:22:29+0000
/project/kotti-migration/, kotti_migration, 0.1.3, Allow kotti content type to be imported and exported from a kotti site, 2017-05-23T01:38:51+0000
/project/kotti-backend/, kotti_backend, 0.2.0, Turns Kotti CMS into a private content administration area, 2015-07-08T21:21:30+0000
/project/pyramid-haml/, pyramid_haml, 0.1.2, Use HAML templates in your pyramid project., 2011-12-07T14:19:21+0000
/project/pyramid-simpleauth/, pyramid_simpleauth, 0.10.1, Session based authentication and role based security                    for a Pyramid web application., 2016-04-26T11:51:19+0000
/project/kotti-site-settings/, kotti_site_settings, 0.2.2, Add on for Kotti, 2016-06-16T08:38:51+0000
/project/refaction/, Refaction, 0.0.1dev, Web-based tool for sharing webfaction services using webfaction's API., 2008-09-16T10:12:21+0000
/project/limone-zodb/, limone_zodb, 0.1a2, ZODB persistence for Limone content types., 2011-08-09T16:21:22+0000
/project/pyramid-redis/, pyramid_redis, 0.1.4, Integrate redis with a Pyramid application., 2014-09-29T08:49:06+0000
/project/kotti-etherpad/, kotti_etherpad, 0.4, Etherpad integration into your Kotti site, 2012-11-20T21:44:37+0000
/project/wsgithumb/, wsgithumb, 0.2, helpers to get a WebOb response to serve static files and thumbnails in an efficient way, 2015-05-05T11:28:56+0000
/project/deform-widget-dynatree/, deform_widget_dynatree, 0.1dev, jQuery dynatree widget for deform, 2012-11-29T13:29:01+0000
/project/gocept-selenium/, gocept.selenium, 6.0, Test-friendly Python API for Selenium and integration with web application frameworks., 2020-12-16T09:56:41+0000
/project/kotti-feed/, kotti_feed, 0.2, Add RSS feed generation to your Kotti site, 2015-01-24T19:58:13+0000
/project/pyramid-redirect/, pyramid_redirect, 0.3, Small Pyramid extension for redirecting urls, 2019-08-22T07:24:58+0000
/project/sleepy/, Sleepy, 0.1a1, A RESTful sort-of-CMS built primarily on Pylons and Berkeley DBXML, 2011-05-13T01:24:59+0000
/project/mapfish/, mapfish, 2.2, The MapFish web-mapping framework., 2011-06-23T11:55:56+0000
/project/kallithea/, Kallithea, 0.6.3, Kallithea is a fast and powerful management tool for Mercurial and Git with a built in push/pull server, full text search and code-review., 2020-12-02T20:35:04+0000
/project/diecutter/, diecutter, 0.7.1, Templates as a service., 2014-07-10T21:57:16+0000
/project/penelope-trac/, penelope.trac, 1.2.12, Penelope: Trac integration, 2016-05-11T05:39:08+0000
/project/kotti-bootswatch/, kotti_bootswatch, 0.1.2, Kotti bootswatch theme / theme generator, 2014-12-31T10:06:31+0000
/project/kotti-mapreduce/, kotti_mapreduce, 0.2.0, The MapReduce addon for Kotti sites, 2012-08-27T18:25:48+0000
/project/pyramid-viewgroup/, pyramid_viewgroup, 0.5, An anlologue of Zope 3 "content providers" for Pyramid, 2012-02-23T19:20:14+0000
/project/multitrac/, multitrac, 0.1.2, A pyramid application to manage multiple Trac installations, 2012-02-26T12:13:37+0000
/project/piano/, piano, 0.3, CMS built using Pyramid and MongoDB, 2012-03-22T19:38:45+0000
/project/dvdev/, DVDev, 0.1.3, DVDev - Distributed Development - tools for Open Source Software, 2009-04-19T22:09:33+0000
/project/octomotron/, octomotron, 0.2, A tool for rapid deployment of multiple evluation copies of a web application based on different git branches., 2012-11-19T19:02:46+0000
/project/pyramid-gaq/, pyramid_gaq, 0.0.4, Lightweight Google Analytics support for pyramid, 2012-02-05T02:42:43+0000
/project/kotti-navigation/, kotti_navigation, 0.5, Add a configurable navigation to your Kotti site, 2016-02-26T13:34:58+0000
/project/spynl/, spynl, 6.0.1, spynl, 2017-02-02T15:17:05+0000
/project/ptahcrowd/, ptahcrowd, 0.2, User management for Ptah., 2012-11-08T19:33:37+0000
/project/poolbox/, poolbox, 0.1, PDF Toolbox WebService, 2018-11-14T14:21:11+0000
/project/cornice/, cornice, 5.2.0, Define Web Services in Pyramid., 2021-04-06T09:38:16+0000
/project/sphinx-typesafe/, sphinx_typesafe, 0.3, Type checking @typesafe employing Sphinx docstrings, 2014-02-13T23:56:28+0000
/project/gaq-hub/, gaq_hub, 0.1.0, Lightweight Google Analytics support, 2015-07-09T17:20:19+0000
/project/kotti-gallery/, kotti_gallery, 0.2.2, Add an image gallery to your Kotti site, 2013-02-18T16:08:10+0000
/project/dependency-injector/, dependency-injector, 4.32.1, Dependency injection framework for Python, 2021-04-25T22:19:46+0000
/project/pyramid-heroku/, pyramid-heroku, 0.8.0, A bunch of helpers for successfully running Pyramid on Heroku., 2021-02-04T07:38:51+0000
/project/kotti-google-analytics/, kotti_google_analytics, 1.2.1, Google Analytics for Kotti, 2017-06-09T12:06:04+0000
/project/kotti-util/, kotti_util, 0.1.2, Utilities for Kotti, 2017-12-21T08:03:55+0000
/project/pyramid-basicauth/, pyramid_basicauth, 0.0, Pyramid plugin for HTTP Basic access authentication, 2012-01-06T19:54:00+0000
/project/kotti-events/, kotti_events, 0.1.0b3, Event collection for Kotti sites, 2012-07-12T14:17:32+0000
/project/kotti-calendar/, kotti_calendar, 0.8.2, Add a calendar to your Kotti site, 2015-01-07T15:47:17+0000
/project/jocommentatom/, JoCommentAtom, 0.1.3, Atom feed generator for JoComment., 2011-01-14T18:53:14+0000
/project/rawgithub/, rawgithub, 0.1, rawgithub, 2014-03-03T14:42:00+0000
/project/oauth2sample/, oauth2sample, 0.1, Sample OAuth2 Client, 2012-04-05T09:17:52+0000
/project/kotti-blog/, kotti_blog, 0.4, Add a simple blog to your Kotti site, 2013-10-20T00:09:06+0000
/project/papyrus-tilecache/, papyrus_tilecache, 0.1, papyrus_tilecache, 2011-01-25T20:51:03+0000
/project/pyramid-fanstatic/, pyramid-fanstatic, 0.6, pyramid tween for fanstatic, 2020-06-16T08:25:57+0000
/project/kotti-theme-cosmo/, kotti_theme_cosmo, 0.1, Cosmo Theme from http://bootswatch.com/cosmo/ for Kotti, 2012-11-30T16:02:06+0000
/project/negotiate/, negotiate, 0.0.1, Negotiate: smart, simple content negotiation for Python web applications, 2012-04-02T00:26:45+0000
/project/pyramid-alchemy/, pyramid_alchemy, 0.0.1, Pyramid framework integration to extend SQLAlchemy ORM             classes with separate, easily testable, code., 2014-03-20T14:49:08+0000
/project/pyramid-zcml/, pyramid-zcml, 1.2.0, Zope Config Markup Language support for Pyramid, 2019-01-09T20:58:18+0000
/project/hiero/, hiero, 0.3.4, hiero, 2012-12-16T18:24:57+0000
/project/pygall/, PyGall, 0.12, Image gallery built with Pyramid web framework, 2011-10-17T23:33:12+0000
/project/kotti-dkbase/, kotti_dkbase, 0.1.0b2, Kotti setup and modifications for CMS projects of Datenkarussell., 2012-08-16T14:26:56+0000
/project/kotti-wysihtml5/, kotti_wysihtml5, 0.1.1, wysihtml5 for Kotti, 2013-03-04T10:23:47+0000
/project/pyramid-openid/, pyramid-openid, 0.3.4, A view for pyramid that functions as an OpenID consumer., 2011-01-13T08:44:30+0000
/project/pysvnmanager/, pySvnManager, 0.5.2dev-r188, SVN authz web management tools., 2010-10-08T01:45:19+0000
/project/kotti-lms-theme/, kotti_lms_theme, 0.1.4, LMS theme for Kotti, 2017-01-26T20:53:03+0000
/project/kotti-image/, kotti-image, 2.0.0, Image content type for Kotti, 2020-11-20T16:12:46+0000
/project/restzzz/, restzzz, 0.1, REST-ful API for 0mq, 2014-09-28T20:17:49+0000
/project/eazytext/, eazytext, 0.94, An extensible wiki processor, using parser grammer, 2011-12-01T06:13:36+0000
/project/bluechips/, BlueChips, 1.0.4, BlueChips - finances for people with shared expenses, 2011-11-07T19:51:58+0000
/project/kotti-tagcloud/, kotti_tagcloud, 0.1b2, Tagcloud widget for Kotti, 2013-05-03T14:47:44+0000
/project/pyramid-twitterauth/, pyramid_twitterauth, 0.2.1, Twitter OAuth for Pyramid., 2012-09-20T13:09:34+0000
/project/por-trac/, por.trac, 1.6, Penelope: Trac integration, 2013-08-12T12:48:41+0000
/project/mist-io/, mist.io, 0.9.8, server management, monitoring & automation across clouds from any web device, 2014-04-17T20:52:58+0000
/project/pyramid-mustache/, pyramid_mustache, 0.3.1, pyramid_mustache, 2012-09-27T20:46:41+0000
/project/appenlight-client/, appenlight-client, 0.6.26, Client for AppEnlight reporting - WSGI applications and django monitoring (http://getappenlight.com), 2018-06-14T12:22:07+0000
/project/kotti-bstable/, kotti-bstable, 1.0.2, Bootstraptable for Kotti, 2020-03-24T08:48:55+0000
/project/blobs/, blobs, 0.1dev, Blobs is a simple web-based file server., 2008-02-19T18:10:51+0000
/project/rhodecode/, RhodeCode, 2.2.6, RhodeCode is a fast and powerful management tool for Mercurial and GIT with a built in push/pull server, full text search and code-review., 2015-01-29T17:30:50+0000
/project/limone/, limone, 0.1a5, Content type system based on colander schemas., 2011-09-01T16:12:54+0000
/project/webhelpers2/, WebHelpers2, 2.0, WebHelpers2, 2015-01-18T07:52:36+0000
/project/pyramid-webassets/, pyramid_webassets, 0.10, pyramid_webassets, 2018-11-03T20:39:48+0000
/project/pyramid-multiauth/, pyramid_multiauth, 0.9.0, pyramid_multiauth, 2016-11-07T06:22:12+0000
/project/whiskers/, whiskers, 0.2, Whiskers stores package and version data from buildouts., 2012-04-28T10:36:42+0000
/project/adhocracy-pylons/, adhocracy-Pylons, 1.0.2dev-20130226, Pylons Web Framework, 2013-02-26T15:36:59+0000
/project/couchpy/, couchpy, 0.2dev, Data modeling for CouchDB database management systems, 2011-12-01T05:48:20+0000
/project/pyramid-xmlrpc/, pyramid_xmlrpc, 0.1, XML-RPC support for the Pyramid web framework, 2010-11-08T05:14:39+0000
/project/kotti-multilingual/, kotti_multilingual, 0.2a3, Multilangual sites with Kotti, 2015-04-27T13:08:55+0000
/project/minitage-paste-extras/, minitage.paste.extras, 1.9, Extension for minitage.paste allowing users to have some server instaces configured on top of projects, 2009-12-24T10:01:07+0000
/project/kotti-theme-slate/, kotti_theme_slate, 0.1, Slate Theme from http://bootswatch.com/slate/ for Kotti, 2012-11-30T16:06:56+0000
/project/kotti-link/, kotti_link, 0.1, Link content type for Kotti, 2015-02-12T23:07:45+0000
/project/pyramid-webassets2/, pyramid_webassets2, 0.7.2-fork-webassets2.4, pyramid_webassets, 2014-01-30T23:39:56+0000
/project/pyramid-scss2/, pyramid_scss2, 0.3.0, Adds support for SCSS to Pyramid projects, 2013-02-28T20:44:54+0000
/project/pyramid-scss/, pyramid_scss, 0.4, Adds support for SCSS to Pyramid projects, 2014-04-18T02:22:59+0000
/project/max/, max, 4.0.26, Activity Stream and Subscription Enhanced Engine (Motor d'Activitat i subscripcions eXtes), 2015-03-11T11:39:35+0000
/project/kotti-toolkit/, kotti-toolkit, 1.0.2, Utilities for Kotti, 2018-09-19T21:12:21+0000
/project/pyramid-pyctpp2/, pyramid_pyctpp2, 0.2.0, pyctpp2 template bindings for the Pyramid web framework, 2011-07-01T09:05:24+0000
/project/compress-pyscripts/, compress_pyscripts, 0.0.1, Compression related scripts, 2013-05-18T06:46:12+0000
/project/bigmax/, bigmax, 3.5.1, Big MAX - MAX Web Administration Interface, 2013-09-19T14:01:35+0000
/project/kotti-socialbuttons/, kotti_socialbuttons, 0.1a3, Social media buttons add on for Kotti, 2016-07-21T13:37:04+0000
/project/pyramid-torque-engine/, pyramid_torque_engine, 0.5.4, Pyramid and nTorque based dual queue work engine system., 2016-06-07T17:33:30+0000
/project/por-trac/, por.trac, 1.6, Penelope: Trac integration, 2013-08-12T12:48:41+0000
/project/mist-io/, mist.io, 0.9.8, server management, monitoring & automation across clouds from any web device, 2014-04-17T20:52:58+0000
/project/pyramid-mustache/, pyramid_mustache, 0.3.1, pyramid_mustache, 2012-09-27T20:46:41+0000
/project/appenlight-client/, appenlight-client, 0.6.26, Client for AppEnlight reporting - WSGI applications and django monitoring (http://getappenlight.com), 2018-06-14T12:22:07+0000
/project/kotti-bstable/, kotti-bstable, 1.0.2, Bootstraptable for Kotti, 2020-03-24T08:48:55+0000
/project/blobs/, blobs, 0.1dev, Blobs is a simple web-based file server., 2008-02-19T18:10:51+0000
/project/rhodecode/, RhodeCode, 2.2.6, RhodeCode is a fast and powerful management tool for Mercurial and GIT with a built in push/pull server, full text search and code-review., 2015-01-29T17:30:50+0000
/project/onlinelinguisticdatabase/, onlinelinguisticdatabase, 2.0.0, A program for building web services that facilitate collaborative
storing, searching, processing and analyzing of linguistic fieldwork data., 2016-09-19T17:30:03+0000
/project/pyramid-promosite/, pyramid_promosite, 0.0, pyramid_promosite, 2012-11-21T08:23:43+0000
/project/repoze-what-pylons/, repoze.what-pylons, 1.0, The repoze.what v1 plugin for Pylons/TG2 integration, 2009-03-29T16:56:06+0000
/project/argonaut/, Argonaut, 0.3.4, Lightweight Pylons powered blogging engine., 2011-03-30T13:35:10+0000
/project/ponzi-evolution/, ponzi_evolution, 0.8998, Dead simple schema upgrades for SQLAlchemy., 2010-12-05T20:52:07+0000
/project/restzzz/, restzzz, 0.1, REST-ful API for 0mq, 2014-09-28T20:17:49+0000
/project/eazytext/, eazytext, 0.94, An extensible wiki processor, using parser grammer, 2011-12-01T06:13:36+0000
/project/bluechips/, BlueChips, 1.0.4, BlueChips - finances for people with shared expenses, 2011-11-07T19:51:58+0000
/project/kotti-tagcloud/, kotti_tagcloud, 0.1b2, Tagcloud widget for Kotti, 2013-05-03T14:47:44+0000
/project/djmemcache/, djmemcache, 0.13, A Memcached Pool for Django, 2019-03-18T01:12:33+0000
/project/pyramid-twitterauth/, pyramid_twitterauth, 0.2.1, Twitter OAuth for Pyramid., 2012-09-20T13:09:34+0000
/project/pyramid-oauth2-client/, pyramid_oauth2_client, 0.1, Library for authenticating Pyramid apps using OAuth2, 2012-04-05T09:12:11+0000
/project/kotti-gsd/, kotti_gsd, 0.1.0, Add Gitlab Service Desk to your Kotti site, 2017-05-31T22:45:04+0000
/project/convertit/, convertit, 2.2.0, A file conversion Web API in Pyramid, 2019-11-22T12:38:44+0000
/project/kotti-history/, kotti_history, 0.1.0, Add track the viewership and searches for the various contenttype in Kotti, 2017-01-06T18:23:24+0000
/project/kotti-video/, kotti_video, 0.2, Add videos to your Kotti site, 2012-06-20T15:29:45+0000
/project/pyramid-raven/, pyramid_raven, 0.2.2, Integrate raven and raven-js with a Pyramid web application., 2016-09-12T20:40:24+0000
/project/pyramid-simpleform-boldprogressives-fork/, pyramid_simpleform-boldprogressives_fork, 0.7, pyramid_simpleform, 2015-11-02T21:00:36+0000
/project/kotti-survey/, kotti_survey, 0.2.8, PDF content type for Kotti, 2016-07-11T21:12:33+0000
/project/pysvnmanager/, pySvnManager, 0.5.2dev-r188, SVN authz web management tools., 2010-10-08T01:45:19+0000
/project/kotti-lms-theme/, kotti_lms_theme, 0.1.4, LMS theme for Kotti, 2017-01-26T20:53:03+0000
/project/kotti-image/, kotti-image, 2.0.0, Image content type for Kotti, 2020-11-20T16:12:46+0000
/project/w20e-forms/, w20e.forms, 1.0.2b, Python API for creating and handling forms, 2013-02-05T12:07:17+0000
/project/wwitzel-scaffolds/, wwitzel_scaffolds, 0.5, Custom scaffolds for the Pyramid web application development framework, 2013-09-25T19:47:10+0000
/project/pyramid-cubicweb/, pyramid-cubicweb, 0.8.0, Integrate CubicWeb with a Pyramid application., 2017-01-03T09:13:26+0000
/project/w20e-pycms-news/, w20e.pycms_news, 1.0.1a, Pyramid CMS news package, 2012-07-24T13:13:27+0000
/project/flawless/, flawless, 0.4.5, Python Error Monitoring and Reporting, 2020-06-25T00:44:35+0000
/project/pam-py-linotp/, pam_py_linotp, 2.9.1, LinOTP python PAM module, 2017-02-15T15:20:53+0000
/project/restler/, Restler, 0.7.1, RESTful base controller for Pylons 1.0., 2011-08-27T02:00:03+0000
/project/pyramid-geoip/, pyramid_geoip, 0.3, Integrate MaxMind GeoIP data with a Pyramid web application., 2015-10-06T14:35:39+0000
