/project/aws-cdk-aws-batch/, aws-cdk.aws-batch, 1.100.0, The CDK Construct Library for AWS::Batch, 2021-04-20T17:58:00+0000
/project/aws-cdk-aws-datasync/, aws-cdk.aws-datasync, 1.100.0, The CDK Construct Library for AWS::DataSync, 2021-04-20T17:58:34+0000
/project/aws-cdk-aws-apigatewayv2/, aws-cdk.aws-apigatewayv2, 1.100.0, The CDK Construct Library for AWS::APIGatewayv2, 2021-04-20T17:57:40+0000
/project/aws-cdk-aws-codeguruprofiler/, aws-cdk.aws-codeguruprofiler, 1.100.0, The CDK Construct Library for AWS::CodeGuruProfiler, 2021-04-20T17:58:21+0000
/project/aws-cdk-aws-autoscaling-hooktargets/, aws-cdk.aws-autoscaling-hooktargets, 1.100.0, Lifecycle hook for AWS AutoScaling, 2021-04-20T17:57:57+0000
/project/aws-cdk-aws-codestar/, aws-cdk.aws-codestar, 1.100.0, The CDK Construct Library for AWS::CodeStar, 2021-04-20T17:58:26+0000
/project/aws-cdk-aws-codestarnotifications/, aws-cdk.aws-codestarnotifications, 1.100.0, The CDK Construct Library for AWS::CodeStarNotifications, 2021-04-20T17:58:28+0000
/project/aws-cdk-aws-mediaconvert/, aws-cdk.aws-mediaconvert, 1.100.0, The CDK Construct Library for AWS::MediaConvert, 2021-04-20T17:59:50+0000
/project/aws-cdk-aws-datapipeline/, aws-cdk.aws-datapipeline, 1.100.0, The CDK Construct Library for AWS::DataPipeline, 2021-04-20T17:58:33+0000
/project/aws-cdk-aws-synthetics/, aws-cdk.aws-synthetics, 1.100.0, The CDK Construct Library for AWS::Synthetics, 2021-04-20T18:00:43+0000
/project/aws-cdk-aws-sdb/, aws-cdk.aws-sdb, 1.100.0, The CDK Construct Library for AWS::SDB, 2021-04-20T18:00:23+0000
/project/aws-cdk-aws-kinesisanalytics-flink/, aws-cdk.aws-kinesisanalytics-flink, 1.100.0, A CDK Construct Library for Kinesis Analytics Flink applications, 2021-04-20T17:59:34+0000
/project/aws-cdk-aws-globalaccelerator-endpoints/, aws-cdk.aws-globalaccelerator-endpoints, 1.100.0, Endpoints for AWS Global Accelerator, 2021-04-20T17:59:15+0000
/project/aws-cdk-aws-s3outposts/, aws-cdk.aws-s3outposts, 1.100.0, The CDK Construct Library for AWS::S3Outposts, 2021-04-20T18:00:20+0000
/project/awssert/, awssert, 1.0.0, Declarative assertions for AWS, 2021-04-20T18:05:46+0000
/project/aws-cdk-aws-transfer/, aws-cdk.aws-transfer, 1.100.0, The CDK Construct Library for AWS::Transfer, 2021-04-20T18:00:45+0000
/project/aws-cdk-aws-s3-deployment/, aws-cdk.aws-s3-deployment, 1.100.0, Constructs for deploying contents to S3 buckets, 2021-04-20T18:00:17+0000
/project/aws-cdk-aws-elasticloadbalancing/, aws-cdk.aws-elasticloadbalancing, 1.100.0, The CDK Construct Library for AWS::ElasticLoadBalancing, 2021-04-20T17:58:58+0000
/project/aws-cdk-aws-elasticloadbalancingv2-actions/, aws-cdk.aws-elasticloadbalancingv2-actions, 1.100.0, Integration actions for AWS ElasticLoadBalancingV2, 2021-04-20T17:59:00+0000
/project/aws-cdk-aws-lambda-nodejs/, aws-cdk.aws-lambda-nodejs, 1.100.0, The CDK Construct Library for AWS Lambda in Node.js, 2021-04-20T17:59:41+0000
/project/aws-cdk-aws-sns-subscriptions/, aws-cdk.aws-sns-subscriptions, 1.100.0, CDK Subscription Constructs for AWS SNS, 2021-04-20T18:00:34+0000
/project/aws-cdk-aws-lookoutvision/, aws-cdk.aws-lookoutvision, 1.100.0, The CDK Construct Library for AWS::LookoutVision, 2021-04-20T17:59:46+0000
/project/aws-cdk-aws-events-targets/, aws-cdk.aws-events-targets, 1.100.0, Event targets for Amazon EventBridge, 2021-04-20T17:59:07+0000
/project/aws-cdk-aws-appconfig/, aws-cdk.aws-appconfig, 1.100.0, The CDK Construct Library for AWS::AppConfig, 2021-04-20T17:57:44+0000
/project/aws-cdk-aws-glue/, aws-cdk.aws-glue, 1.100.0, The CDK Construct Library for AWS::Glue, 2021-04-20T17:59:15+0000
/project/aws-cdk-aws-devopsguru/, aws-cdk.aws-devopsguru, 1.100.0, The CDK Construct Library for AWS::DevOpsGuru, 2021-04-20T17:58:37+0000
/project/aws-cdk-aws-emr/, aws-cdk.aws-emr, 1.100.0, The CDK Construct Library for AWS::EMR, 2021-04-20T17:59:04+0000
/project/aws-cdk-aws-ecs-patterns/, aws-cdk.aws-ecs-patterns, 1.100.0, The CDK Construct Library for AWS::ECS, 2021-04-20T17:58:50+0000
/project/aws-cdk-aws-signer/, aws-cdk.aws-signer, 1.100.0, The CDK Construct Library for AWS::Signer, 2021-04-20T18:00:32+0000
/project/aws-cdk-aws-iotwireless/, aws-cdk.aws-iotwireless, 1.100.0, The CDK Construct Library for AWS::IoTWireless, 2021-04-20T17:59:29+0000
/project/aws-cdk-lambdecor/, aws-cdk-lambdecor, 0.2.1, Define AWS CDK Lambda using native python functions, 2020-08-30T09:58:23+0000
/project/aws-cdk-aws-amplify/, aws-cdk.aws-amplify, 1.100.0, The CDK Construct Library for AWS::Amplify, 2021-04-20T17:57:36+0000
/project/aws-cdk-aws-workspaces/, aws-cdk.aws-workspaces, 1.100.0, The CDK Construct Library for AWS::WorkSpaces, 2021-04-20T18:00:49+0000
/project/aws-cdk-aws-fsx/, aws-cdk.aws-fsx, 1.100.0, The CDK Construct Library for AWS::FSx, 2021-04-20T17:59:11+0000
/project/aws-cdk-aws-route53-targets/, aws-cdk.aws-route53-targets, 1.100.0, The CDK Construct Library for AWS Route53 Alias Targets, 2021-04-20T18:00:12+0000
/project/aws-cdk-aws-quicksight/, aws-cdk.aws-quicksight, 1.100.0, The CDK Construct Library for AWS::QuickSight, 2021-04-20T18:00:04+0000
/project/aws-cdk-aws-sso/, aws-cdk.aws-sso, 1.100.0, The CDK Construct Library for AWS::SSO, 2021-04-20T18:00:38+0000
/project/aws-cdk-aws-pinpoint/, aws-cdk.aws-pinpoint, 1.100.0, The CDK Construct Library for AWS::Pinpoint, 2021-04-20T18:00:01+0000
/project/aws-cdk-aws-apigatewayv2-authorizers/, aws-cdk.aws-apigatewayv2-authorizers, 1.100.0, Authorizers for AWS APIGateway V2, 2021-04-20T17:57:42+0000
/project/aws-cdk-aws-kendra/, aws-cdk.aws-kendra, 1.100.0, The CDK Construct Library for AWS::Kendra, 2021-04-20T17:59:31+0000
/project/aws-cdk-aws-resourcegroups/, aws-cdk.aws-resourcegroups, 1.100.0, The CDK Construct Library for AWS::ResourceGroups, 2021-04-20T18:00:08+0000
/project/aws-cdk-aws-acmpca/, aws-cdk.aws-acmpca, 1.100.0, The CDK Construct Library for AWS::ACMPCA, 2021-04-20T17:57:34+0000
/project/aws-cdk-aws-s3-notifications/, aws-cdk.aws-s3-notifications, 1.100.0, Bucket Notifications API for AWS S3, 2021-04-20T18:00:18+0000
/project/aws-cdk-aws-lambda-python/, aws-cdk.aws-lambda-python, 1.100.0, The CDK Construct Library for AWS Lambda in Python, 2021-04-20T17:59:42+0000
/project/aws-cdk-aws-dynamodb/, aws-cdk.aws-dynamodb, 1.100.0, The CDK Construct Library for AWS::DynamoDB, 2021-04-20T17:58:42+0000
/project/aws-cdk-aws-pinpointemail/, aws-cdk.aws-pinpointemail, 1.100.0, The CDK Construct Library for AWS::PinpointEmail, 2021-04-20T18:00:02+0000
/project/aws-cdk-aws-codebuild/, aws-cdk.aws-codebuild, 1.100.0, The CDK Construct Library for AWS::CodeBuild, 2021-04-20T17:58:16+0000
/project/aws-cdk-aws-elasticsearch/, aws-cdk.aws-elasticsearch, 1.100.0, The CDK Construct Library for AWS::Elasticsearch, 2021-04-20T17:59:02+0000
/project/aws-cdk-aws-appflow/, aws-cdk.aws-appflow, 1.100.0, The CDK Construct Library for AWS::AppFlow, 2021-04-20T17:57:45+0000
/project/aws-cdk-aws-sam/, aws-cdk.aws-sam, 1.100.0, The CDK Construct Library for the AWS Serverless Application Model (SAM) resources, 2021-04-20T18:00:22+0000
/project/aws-cdk-aws-appsync/, aws-cdk.aws-appsync, 1.100.0, The CDK Construct Library for AWS::AppSync, 2021-04-20T17:57:51+0000
/project/aws-cdk-aws-cloudfront-origins/, aws-cdk.aws-cloudfront-origins, 1.100.0, The CDK Construct Library for AWS CloudFront Origins, 2021-04-20T17:58:11+0000
/project/aws-cdk-aws-guardduty/, aws-cdk.aws-guardduty, 1.100.0, The CDK Construct Library for AWS::GuardDuty, 2021-04-20T17:59:19+0000
/project/aws-cdk-aws-ecr/, aws-cdk.aws-ecr, 1.100.0, The CDK Construct Library for AWS::ECR, 2021-04-20T17:58:47+0000
/project/mgivney-cdkhelpers/, mgivney.cdkhelpers, 0.1.0, CDK helpers and custom resources with sensible defaults, 2020-11-30T21:38:45+0000
/project/aws-cdk-aws-databrew/, aws-cdk.aws-databrew, 1.100.0, The CDK Construct Library for AWS::DataBrew, 2021-04-20T17:58:32+0000
/project/aws-cdk-aws-mediaconnect/, aws-cdk.aws-mediaconnect, 1.100.0, The CDK Construct Library for AWS::MediaConnect, 2021-04-20T17:59:49+0000
/project/aws-cdk-aws-opsworks/, aws-cdk.aws-opsworks, 1.100.0, The CDK Construct Library for AWS::OpsWorks, 2021-04-20T17:59:59+0000
/project/aws-cdk-aws-servicecatalogappregistry/, aws-cdk.aws-servicecatalogappregistry, 1.100.0, The CDK Construct Library for AWS::ServiceCatalogAppRegistry, 2021-04-20T18:00:28+0000
/project/aws-cdk-aws-ram/, aws-cdk.aws-ram, 1.100.0, The CDK Construct Library for AWS::RAM, 2021-04-20T18:00:05+0000
/project/aws-cdk-aws-kms/, aws-cdk.aws-kms, 1.100.0, The CDK Construct Library for AWS::KMS, 2021-04-20T17:59:36+0000
/project/aws-cdk-aws-backup/, aws-cdk.aws-backup, 1.100.0, The CDK Construct Library for AWS::Backup, 2021-04-20T17:57:59+0000
/project/aws-cdk-aws-waf/, aws-cdk.aws-waf, 1.100.0, The CDK Construct Library for AWS::WAF, 2021-04-20T18:00:46+0000
/project/aws-cdk-aws-inspector/, aws-cdk.aws-inspector, 1.100.0, The CDK Construct Library for AWS::Inspector, 2021-04-20T17:59:22+0000
/project/aws-cdk-aws-elasticloadbalancingv2/, aws-cdk.aws-elasticloadbalancingv2, 1.100.0, The CDK Construct Library for AWS::ElasticLoadBalancingV2, 2021-04-20T17:58:59+0000
/project/aws-cdk-aws-lambda-destinations/, aws-cdk.aws-lambda-destinations, 1.100.0, CDK Destinations Constructs for AWS Lambda, 2021-04-20T17:59:39+0000
/project/aws-cdk-aws-fms/, aws-cdk.aws-fms, 1.100.0, The CDK Construct Library for AWS::FMS, 2021-04-20T17:59:10+0000
/project/aws-cdk-aws-efs/, aws-cdk.aws-efs, 1.100.0, The CDK Construct Library for AWS::EFS, 2021-04-20T17:58:52+0000
/project/aws-cdk-aws-codestarconnections/, aws-cdk.aws-codestarconnections, 1.100.0, The CDK Construct Library for AWS::CodeStarConnections, 2021-04-20T17:58:27+0000
/project/aws-cdk-aws-docdb/, aws-cdk.aws-docdb, 1.100.0, The CDK Construct Library for AWS::DocDB, 2021-04-20T17:58:41+0000
/project/aws-cdk-aws-gamelift/, aws-cdk.aws-gamelift, 1.100.0, The CDK Construct Library for AWS::GameLift, 2021-04-20T17:59:12+0000
/project/aws-cdk-aws-ivs/, aws-cdk.aws-ivs, 1.100.0, The CDK Construct Library for AWS::IVS, 2021-04-20T17:59:30+0000
/project/aws-cdk-custom-resources/, aws-cdk.custom-resources, 1.100.0, Constructs for implementing CDK custom resources, 2021-04-20T18:00:56+0000
/project/aws-cdk-aws-imagebuilder/, aws-cdk.aws-imagebuilder, 1.100.0, The CDK Construct Library for AWS::ImageBuilder, 2021-04-20T17:59:21+0000
/project/aws-cdk-aws-timestream/, aws-cdk.aws-timestream, 1.100.0, The CDK Construct Library for AWS::Timestream, 2021-04-20T18:00:44+0000
/project/aws-cdk-aws-robomaker/, aws-cdk.aws-robomaker, 1.100.0, The CDK Construct Library for AWS::RoboMaker, 2021-04-20T18:00:09+0000
/project/aws-cdk-aws-ec2/, aws-cdk.aws-ec2, 1.100.0, The CDK Construct Library for AWS::EC2, 2021-04-20T17:58:45+0000
/project/aws-cdk-aws-networkfirewall/, aws-cdk.aws-networkfirewall, 1.100.0, The CDK Construct Library for AWS::NetworkFirewall, 2021-04-20T17:59:57+0000
/project/aws-cdk-cloudformation-include/, aws-cdk.cloudformation-include, 1.100.0, A package that facilitates working with existing CloudFormation templates in the CDK, 2021-04-20T18:00:53+0000
/project/aws-cdk-aws-cloudtrail/, aws-cdk.aws-cloudtrail, 1.100.0, The CDK Construct Library for AWS::CloudTrail, 2021-04-20T17:58:12+0000
/project/aws-cdk-aws-eventschemas/, aws-cdk.aws-eventschemas, 1.100.0, The CDK Construct Library for AWS::EventSchemas, 2021-04-20T17:59:08+0000
/project/aws-cdk-aws-cloud9/, aws-cdk.aws-cloud9, 1.100.0, The CDK Construct Library for AWS::Cloud9, 2021-04-20T17:58:07+0000
/project/aws-cdk-aws-auditmanager/, aws-cdk.aws-auditmanager, 1.100.0, The CDK Construct Library for AWS::AuditManager, 2021-04-20T17:57:54+0000
/project/aws-cdk-aws-emrcontainers/, aws-cdk.aws-emrcontainers, 1.100.0, The CDK Construct Library for AWS::EMRContainers, 2021-04-20T17:59:05+0000
/project/aws-cdk-aws-mwaa/, aws-cdk.aws-mwaa, 1.100.0, The CDK Construct Library for AWS::MWAA, 2021-04-20T17:59:55+0000
/project/aws-cdk-aws-codepipeline/, aws-cdk.aws-codepipeline, 1.100.0, Better interface to AWS Code Pipeline, 2021-04-20T17:58:23+0000
/project/aws-cdk-aws-fis/, aws-cdk.aws-fis, 1.100.0, The CDK Construct Library for AWS::FIS, 2021-04-20T17:59:09+0000
/project/aws-cdk-aws-greengrassv2/, aws-cdk.aws-greengrassv2, 1.100.0, The CDK Construct Library for AWS::GreengrassV2, 2021-04-20T17:59:18+0000
/project/aws-cdk-aws-kinesis/, aws-cdk.aws-kinesis, 1.100.0, The CDK Construct Library for AWS::Kinesis, 2021-04-20T17:59:32+0000
/project/aws-cdk-aws-codepipeline-actions/, aws-cdk.aws-codepipeline-actions, 1.100.0, Concrete Actions for AWS Code Pipeline, 2021-04-20T17:58:24+0000
/project/aws-cdk-aws-route53-patterns/, aws-cdk.aws-route53-patterns, 1.100.0, The CDK Construct Library for AWS Route53 patterns, 2021-04-20T18:00:12+0000
/project/aws-cdk-aws-securityhub/, aws-cdk.aws-securityhub, 1.100.0, The CDK Construct Library for AWS::SecurityHub, 2021-04-20T18:00:26+0000
/project/aws-cdk-aws-codegurureviewer/, aws-cdk.aws-codegurureviewer, 1.100.0, The CDK Construct Library for AWS::CodeGuruReviewer, 2021-04-20T17:58:22+0000
/project/aws-cdk-aws-budgets/, aws-cdk.aws-budgets, 1.100.0, The CDK Construct Library for AWS::Budgets, 2021-04-20T17:58:01+0000
/project/aws-cdk-aws-chatbot/, aws-cdk.aws-chatbot, 1.100.0, The CDK Construct Library for AWS::Chatbot, 2021-04-20T17:58:06+0000
/project/aws-cdk-aws-sqs/, aws-cdk.aws-sqs, 1.100.0, The CDK Construct Library for AWS::SQS, 2021-04-20T18:00:36+0000
/project/aws-cdk-aws-sns/, aws-cdk.aws-sns, 1.100.0, The CDK Construct Library for AWS::SNS, 2021-04-20T18:00:33+0000
/project/aws-cdk-aws-iotthingsgraph/, aws-cdk.aws-iotthingsgraph, 1.100.0, The CDK Construct Library for AWS::IoTThingsGraph, 2021-04-20T17:59:28+0000
/project/aws-cdk-aws-s3/, aws-cdk.aws-s3, 1.100.0, The CDK Construct Library for AWS::S3, 2021-04-20T18:00:14+0000
/project/aws-cdk-aws-ses-actions/, aws-cdk.aws-ses-actions, 1.100.0, Receipt rule actions for AWS SES, 2021-04-20T18:00:31+0000
/project/aws-cdk-aws-lambda-event-sources/, aws-cdk.aws-lambda-event-sources, 1.100.0, Event sources for AWS Lambda, 2021-04-20T17:59:40+0000
/project/aws-cdk-aws-events/, aws-cdk.aws-events, 1.100.0, Amazon EventBridge Construct Library, 2021-04-20T17:59:05+0000
/project/aws-cdk-aws-iot/, aws-cdk.aws-iot, 1.100.0, The CDK Construct Library for AWS::IoT, 2021-04-20T17:59:23+0000
/project/aws-cdk-aws-kinesisfirehose/, aws-cdk.aws-kinesisfirehose, 1.100.0, The CDK Construct Library for AWS::KinesisFirehose, 2021-04-20T17:59:35+0000
/project/aws-cdk-aws-ecs/, aws-cdk.aws-ecs, 1.100.0, The CDK Construct Library for AWS::ECS, 2021-04-20T17:58:49+0000
/project/aws-cdk-aws-config/, aws-cdk.aws-config, 1.100.0, The CDK Construct Library for AWS::Config, 2021-04-20T17:58:30+0000
/project/aws-cdk-aws-msk/, aws-cdk.aws-msk, 1.100.0, The CDK Construct Library for AWS::MSK, 2021-04-20T17:59:54+0000
/project/aws-cdk-aws-apigatewayv2-integrations/, aws-cdk.aws-apigatewayv2-integrations, 1.100.0, Integrations for AWS APIGateway V2, 2021-04-20T17:57:43+0000
/project/aws-cdk-aws-cloudformation/, aws-cdk.aws-cloudformation, 1.100.0, The CDK Construct Library for AWS::CloudFormation, 2021-04-20T17:58:08+0000
/project/aws-cdk-aws-elasticache/, aws-cdk.aws-elasticache, 1.100.0, The CDK Construct Library for AWS::ElastiCache, 2021-04-20T17:58:56+0000
/project/aws-cdk-aws-eks/, aws-cdk.aws-eks, 1.100.0, The CDK Construct Library for AWS::EKS, 2021-04-20T17:58:53+0000
/project/aws-cdk-aws-cloudwatch-actions/, aws-cdk.aws-cloudwatch-actions, 1.100.0, Alarm Actions for AWS CloudWatch CDK library, 2021-04-20T17:58:14+0000
/project/aws-cdk-aws-lambda/, aws-cdk.aws-lambda, 1.100.0, The CDK Construct Library for AWS::Lambda, 2021-04-20T17:59:38+0000
/project/aws-cdk-aws-codeartifact/, aws-cdk.aws-codeartifact, 1.100.0, The CDK Construct Library for AWS::CodeArtifact, 2021-04-20T17:58:15+0000
/project/aws-cdk-aws-servicecatalog/, aws-cdk.aws-servicecatalog, 1.100.0, The CDK Construct Library for AWS::ServiceCatalog, 2021-04-20T18:00:27+0000
/project/aws-cdk-aws-route53resolver/, aws-cdk.aws-route53resolver, 1.100.0, The CDK Construct Library for AWS::Route53Resolver, 2021-04-20T18:00:13+0000
/project/aws-cdk-aws-neptune/, aws-cdk.aws-neptune, 1.100.0, The CDK Construct Library for AWS::Neptune, 2021-04-20T17:59:56+0000
/project/aws-cdk-app-delivery/, aws-cdk.app-delivery, 1.100.0, Continuous Integration / Continuous Delivery for CDK Applications, 2021-04-20T17:57:30+0000
/project/aws-cdk-aws-s3objectlambda/, aws-cdk.aws-s3objectlambda, 1.100.0, The CDK Construct Library for AWS::S3ObjectLambda, 2021-04-20T18:00:19+0000
/project/aws-cdk-aws-managedblockchain/, aws-cdk.aws-managedblockchain, 1.100.0, The CDK Construct Library for AWS::ManagedBlockchain, 2021-04-20T17:59:48+0000
/project/aws-cdk-lambda-layer-awscli/, aws-cdk.lambda-layer-awscli, 1.100.0, An AWS Lambda layer that contains the AWS CLI, 2021-04-20T18:00:59+0000
/project/aws-cdk-aws-greengrass/, aws-cdk.aws-greengrass, 1.100.0, The CDK Construct Library for AWS::Greengrass, 2021-04-20T17:59:17+0000
/project/aws-cdk-aws-dax/, aws-cdk.aws-dax, 1.100.0, The CDK Construct Library for AWS::DAX, 2021-04-20T17:58:35+0000
/project/aws-cdk-aws-iam/, aws-cdk.aws-iam, 1.100.0, CDK routines for easily assigning correct and minimal IAM permissions, 2021-04-20T17:59:20+0000
/project/aws-cdk-aws-iotevents/, aws-cdk.aws-iotevents, 1.100.0, The CDK Construct Library for AWS::IoTEvents, 2021-04-20T17:59:26+0000
/project/aws-cdk-aws-detective/, aws-cdk.aws-detective, 1.100.0, The CDK Construct Library for AWS::Detective, 2021-04-20T17:58:36+0000
/project/aws-cdk-aws-ses/, aws-cdk.aws-ses, 1.100.0, The CDK Construct Library for AWS::SES, 2021-04-20T18:00:30+0000
/project/aws-cdk-aws-stepfunctions-tasks/, aws-cdk.aws-stepfunctions-tasks, 1.100.0, Task integrations for AWS StepFunctions, 2021-04-20T18:00:41+0000
/project/aws-cdk-aws-medialive/, aws-cdk.aws-medialive, 1.100.0, The CDK Construct Library for AWS::MediaLive, 2021-04-20T17:59:51+0000
/project/aws-cdk-aws-amazonmq/, aws-cdk.aws-amazonmq, 1.100.0, The CDK Construct Library for AWS::AmazonMQ, 2021-04-20T17:57:35+0000
/project/aws-cdk-aws-applicationautoscaling/, aws-cdk.aws-applicationautoscaling, 1.100.0, The CDK Construct Library for AWS::ApplicationAutoScaling, 2021-04-20T17:57:46+0000
/project/aws-cdk-aws-globalaccelerator/, aws-cdk.aws-globalaccelerator, 1.100.0, The CDK Construct Library for AWS::GlobalAccelerator, 2021-04-20T17:59:13+0000
/project/aws-cdk-aws-elasticloadbalancingv2-targets/, aws-cdk.aws-elasticloadbalancingv2-targets, 1.100.0, Integration targets for AWS ElasticLoadBalancingV2, 2021-04-20T17:59:01+0000
/project/aws-cdk-aws-autoscaling/, aws-cdk.aws-autoscaling, 1.100.0, The CDK Construct Library for AWS::AutoScaling, 2021-04-20T17:57:55+0000
/project/aws-cdk-aws-sagemaker/, aws-cdk.aws-sagemaker, 1.100.0, The CDK Construct Library for AWS::SageMaker, 2021-04-20T18:00:21+0000
/project/aws-cdk-aws-elasticbeanstalk/, aws-cdk.aws-elasticbeanstalk, 1.100.0, The CDK Construct Library for AWS::ElasticBeanstalk, 2021-04-20T17:58:57+0000
/project/aws-cdk-aws-mediastore/, aws-cdk.aws-mediastore, 1.100.0, The CDK Construct Library for AWS::MediaStore, 2021-04-20T17:59:53+0000
/project/openapigateway/, openapigateway, 0.2.1, AWS CDK Construct that creates an Amazon API Gateway HttpApi based on a parameterized OpenAPI 3 Document., 2020-12-29T11:53:35+0000
/project/aws-cdk-aws-wafregional/, aws-cdk.aws-wafregional, 1.100.0, The CDK Construct Library for AWS::WAFRegional, 2021-04-20T18:00:47+0000
/project/aws-cdk-lambda-layer-kubectl/, aws-cdk.lambda-layer-kubectl, 1.100.0, An AWS Lambda layer that contains the `kubectl` and `helm`, 2021-04-20T18:01:01+0000
/project/aws-cdk-aws-iot1click/, aws-cdk.aws-iot1click, 1.100.0, The CDK Construct Library for AWS::IoT1Click, 2021-04-20T17:59:24+0000
/project/aws-cdk-aws-licensemanager/, aws-cdk.aws-licensemanager, 1.100.0, The CDK Construct Library for AWS::LicenseManager, 2021-04-20T17:59:43+0000
/project/aws-cdk-aws-certificatemanager/, aws-cdk.aws-certificatemanager, 1.100.0, The CDK Construct Library for AWS::CertificateManager, 2021-04-20T17:58:05+0000
/project/aws-cdk-aws-route53resolver/, aws-cdk.aws-route53resolver, 1.100.0, The CDK Construct Library for AWS::Route53Resolver, 2021-04-20T18:00:13+0000
/project/aws-cdk-aws-codecommit/, aws-cdk.aws-codecommit, 1.100.0, The CDK Construct Library for AWS::CodeCommit, 2021-04-20T17:58:18+0000
/project/nija-test/, nija-test, 1.0.0, , 2021-03-29T19:13:54+0000
/project/aws-cdk-aws-rds/, aws-cdk.aws-rds, 1.100.0, The CDK Construct Library for AWS::RDS, 2021-04-20T18:00:06+0000
/project/aws-cdk-region-info/, aws-cdk.region-info, 1.100.0, AWS region information, such as service principal names, 2021-04-20T18:01:04+0000
/project/aws-cdk-aws-logs-destinations/, aws-cdk.aws-logs-destinations, 1.100.0, Log Destinations for AWS CloudWatch Logs, 2021-04-20T17:59:45+0000
/project/aws-cdk-aws-dms/, aws-cdk.aws-dms, 1.100.0, The CDK Construct Library for AWS::DMS, 2021-04-20T17:58:40+0000
/project/aws-cdk-aws-codedeploy/, aws-cdk.aws-codedeploy, 1.100.0, The CDK Construct Library for AWS::CodeDeploy, 2021-04-20T17:58:19+0000
/project/aws-cdk-aws-applicationinsights/, aws-cdk.aws-applicationinsights, 1.100.0, The CDK Construct Library for AWS::ApplicationInsights, 2021-04-20T17:57:47+0000
/project/aws-cdk-aws-lakeformation/, aws-cdk.aws-lakeformation, 1.100.0, The CDK Construct Library for AWS::LakeFormation, 2021-04-20T17:59:37+0000
/project/aws-cdk-aws-wafv2/, aws-cdk.aws-wafv2, 1.100.0, The CDK Construct Library for AWS::WAFv2, 2021-04-20T18:00:48+0000
/project/aws-cdk-aws-directoryservice/, aws-cdk.aws-directoryservice, 1.100.0, The CDK Construct Library for AWS::DirectoryService, 2021-04-20T17:58:38+0000
/project/aws-cdk-aws-iotanalytics/, aws-cdk.aws-iotanalytics, 1.100.0, The CDK Construct Library for AWS::IoTAnalytics, 2021-04-20T17:59:25+0000
/project/aws-cdk-aws-cassandra/, aws-cdk.aws-cassandra, 1.100.0, The CDK Construct Library for AWS::Cassandra, 2021-04-20T17:58:02+0000
/project/aws-cdk-alexa-ask/, aws-cdk.alexa-ask, 1.100.0, The CDK Construct Library for Alexa::ASK, 2021-04-20T17:57:29+0000
/project/aws-cdk-assets/, aws-cdk.assets, 1.100.0, This module is deprecated. All types are now available under the core module, 2021-04-20T17:57:32+0000
/project/aws-cdk-aws-athena/, aws-cdk.aws-athena, 1.100.0, The CDK Construct Library for AWS::Athena, 2021-04-20T17:57:52+0000
/project/aws-cdk-aws-networkmanager/, aws-cdk.aws-networkmanager, 1.100.0, The CDK Construct Library for AWS::NetworkManager, 2021-04-20T17:59:58+0000
/project/aws-cdk-yaml-cfn/, aws-cdk.yaml-cfn, 1.100.0, Utilities for handling CloudFormation-flavored YAML, 2021-04-20T18:01:05+0000
/project/aws-cdk-cx-api/, aws-cdk.cx-api, 1.100.0, Cloud executable protocol, 2021-04-20T18:00:57+0000
/project/aws-cdk-aws-ssm/, aws-cdk.aws-ssm, 1.100.0, The CDK Construct Library for AWS::SSM, 2021-04-20T18:00:37+0000
/project/aws-cdk-aws-macie/, aws-cdk.aws-macie, 1.100.0, The CDK Construct Library for AWS::Macie, 2021-04-20T17:59:47+0000
/project/aws-cdk-aws-stepfunctions/, aws-cdk.aws-stepfunctions, 1.100.0, The CDK Construct Library for AWS::StepFunctions, 2021-04-20T18:00:39+0000
/project/aws-cdk-aws-qldb/, aws-cdk.aws-qldb, 1.100.0, The CDK Construct Library for AWS::QLDB, 2021-04-20T18:00:03+0000
/project/aws-cdk-aws-eks-legacy/, aws-cdk.aws-eks-legacy, 1.100.0, The CDK Construct Library for AWS::EKS (Legacy), 2021-04-20T17:58:54+0000
/project/aws-cdk-aws-autoscaling-common/, aws-cdk.aws-autoscaling-common, 1.100.0, Common implementation package for @aws-cdk/aws-autoscaling and @aws-cdk/aws-applicationautoscaling, 2021-04-20T17:57:56+0000
/project/aws-cdk-aws-ce/, aws-cdk.aws-ce, 1.100.0, The CDK Construct Library for AWS::CE, 2021-04-20T17:58:03+0000
/project/aws-cdk-aws-appmesh/, aws-cdk.aws-appmesh, 1.100.0, The CDK Construct Library for AWS::AppMesh, 2021-04-20T17:57:49+0000
/project/aws-cdk-cdk-assets-schema/, aws-cdk.cdk-assets-schema, 1.100.0, Schema definition for the Asset Manifest, 2021-04-20T18:00:51+0000
/project/aws-cdk-aws-opsworkscm/, aws-cdk.aws-opsworkscm, 1.100.0, The CDK Construct Library for AWS::OpsWorksCM, 2021-04-20T18:00:00+0000
/project/aws-cdk-aws-kinesisanalytics/, aws-cdk.aws-kinesisanalytics, 1.100.0, The CDK Construct Library for AWS::KinesisAnalytics, 2021-04-20T17:59:33+0000
/project/aws-cdk-aws-cloudfront/, aws-cdk.aws-cloudfront, 1.100.0, The CDK Construct Library for AWS::CloudFront, 2021-04-20T17:58:09+0000
/project/aws-cdk-aws-appstream/, aws-cdk.aws-appstream, 1.100.0, The CDK Construct Library for AWS::AppStream, 2021-04-20T17:57:50+0000
/project/aws-cdk-aws-codecommit/, aws-cdk.aws-codecommit, 1.100.0, The CDK Construct Library for AWS::CodeCommit, 2021-04-20T17:58:18+0000
/project/nija-test/, nija-test, 1.0.0, , 2021-03-29T19:13:54+0000
/project/aws-cdk-aws-cognito/, aws-cdk.aws-cognito, 1.100.0, The CDK Construct Library for AWS::Cognito, 2021-04-20T17:58:29+0000
/project/aws-cdk-aws-rds/, aws-cdk.aws-rds, 1.100.0, The CDK Construct Library for AWS::RDS, 2021-04-20T18:00:06+0000
/project/aws-cdk-aws-neptune/, aws-cdk.aws-neptune, 1.100.0, The CDK Construct Library for AWS::Neptune, 2021-04-20T17:59:56+0000
/project/aws-cdk-app-delivery/, aws-cdk.app-delivery, 1.100.0, Continuous Integration / Continuous Delivery for CDK Applications, 2021-04-20T17:57:30+0000
/project/aws-cdk-aws-s3objectlambda/, aws-cdk.aws-s3objectlambda, 1.100.0, The CDK Construct Library for AWS::S3ObjectLambda, 2021-04-20T18:00:19+0000
/project/aws-cdk-aws-managedblockchain/, aws-cdk.aws-managedblockchain, 1.100.0, The CDK Construct Library for AWS::ManagedBlockchain, 2021-04-20T17:59:48+0000
/project/aws-cdk-lambda-layer-awscli/, aws-cdk.lambda-layer-awscli, 1.100.0, An AWS Lambda layer that contains the AWS CLI, 2021-04-20T18:00:59+0000
/project/aws-cdk-aws-greengrass/, aws-cdk.aws-greengrass, 1.100.0, The CDK Construct Library for AWS::Greengrass, 2021-04-20T17:59:17+0000
/project/aws-cdk-aws-dax/, aws-cdk.aws-dax, 1.100.0, The CDK Construct Library for AWS::DAX, 2021-04-20T17:58:35+0000
/project/aws-cdk-aws-iam/, aws-cdk.aws-iam, 1.100.0, CDK routines for easily assigning correct and minimal IAM permissions, 2021-04-20T17:59:20+0000
/project/aws-cdk-aws-iotevents/, aws-cdk.aws-iotevents, 1.100.0, The CDK Construct Library for AWS::IoTEvents, 2021-04-20T17:59:26+0000
/project/aws-cdk-aws-detective/, aws-cdk.aws-detective, 1.100.0, The CDK Construct Library for AWS::Detective, 2021-04-20T17:58:36+0000
/project/aws-cdk-aws-ses/, aws-cdk.aws-ses, 1.100.0, The CDK Construct Library for AWS::SES, 2021-04-20T18:00:30+0000
/project/aws-cdk-aws-stepfunctions-tasks/, aws-cdk.aws-stepfunctions-tasks, 1.100.0, Task integrations for AWS StepFunctions, 2021-04-20T18:00:41+0000
/project/aws-cdk-aws-medialive/, aws-cdk.aws-medialive, 1.100.0, The CDK Construct Library for AWS::MediaLive, 2021-04-20T17:59:51+0000
/project/aws-cdk-aws-amazonmq/, aws-cdk.aws-amazonmq, 1.100.0, The CDK Construct Library for AWS::AmazonMQ, 2021-04-20T17:57:35+0000
/project/aws-cdk-aws-batch/, aws-cdk.aws-batch, 1.100.0, The CDK Construct Library for AWS::Batch, 2021-04-20T17:58:00+0000
/project/aws-cdk-aws-datasync/, aws-cdk.aws-datasync, 1.100.0, The CDK Construct Library for AWS::DataSync, 2021-04-20T17:58:34+0000
/project/aws-cdk-aws-apigatewayv2/, aws-cdk.aws-apigatewayv2, 1.100.0, The CDK Construct Library for AWS::APIGatewayv2, 2021-04-20T17:57:40+0000
/project/aws-cdk-aws-codeguruprofiler/, aws-cdk.aws-codeguruprofiler, 1.100.0, The CDK Construct Library for AWS::CodeGuruProfiler, 2021-04-20T17:58:21+0000
/project/aws-cdk-aws-autoscaling-hooktargets/, aws-cdk.aws-autoscaling-hooktargets, 1.100.0, Lifecycle hook for AWS AutoScaling, 2021-04-20T17:57:57+0000
/project/aws-cdk-aws-codestar/, aws-cdk.aws-codestar, 1.100.0, The CDK Construct Library for AWS::CodeStar, 2021-04-20T17:58:26+0000
/project/aws-cdk-aws-codestarnotifications/, aws-cdk.aws-codestarnotifications, 1.100.0, The CDK Construct Library for AWS::CodeStarNotifications, 2021-04-20T17:58:28+0000
/project/aws-cdk-aws-mediaconvert/, aws-cdk.aws-mediaconvert, 1.100.0, The CDK Construct Library for AWS::MediaConvert, 2021-04-20T17:59:50+0000
/project/aws-cdk-aws-datapipeline/, aws-cdk.aws-datapipeline, 1.100.0, The CDK Construct Library for AWS::DataPipeline, 2021-04-20T17:58:33+0000
/project/aws-cdk-aws-synthetics/, aws-cdk.aws-synthetics, 1.100.0, The CDK Construct Library for AWS::Synthetics, 2021-04-20T18:00:43+0000
/project/aws-cdk-aws-sdb/, aws-cdk.aws-sdb, 1.100.0, The CDK Construct Library for AWS::SDB, 2021-04-20T18:00:23+0000
/project/aws-cdk-aws-kinesisanalytics-flink/, aws-cdk.aws-kinesisanalytics-flink, 1.100.0, A CDK Construct Library for Kinesis Analytics Flink applications, 2021-04-20T17:59:34+0000
/project/aws-cdk-aws-appconfig/, aws-cdk.aws-appconfig, 1.100.0, The CDK Construct Library for AWS::AppConfig, 2021-04-20T17:57:44+0000
/project/aws-cdk-aws-lambda-nodejs/, aws-cdk.aws-lambda-nodejs, 1.100.0, The CDK Construct Library for AWS Lambda in Node.js, 2021-04-20T17:59:41+0000
/project/aws-cdk-aws-iotwireless/, aws-cdk.aws-iotwireless, 1.100.0, The CDK Construct Library for AWS::IoTWireless, 2021-04-20T17:59:29+0000
/project/aws-cdk-lambdecor/, aws-cdk-lambdecor, 0.2.1, Define AWS CDK Lambda using native python functions, 2020-08-30T09:58:23+0000
/project/aws-cdk-aws-glue/, aws-cdk.aws-glue, 1.100.0, The CDK Construct Library for AWS::Glue, 2021-04-20T17:59:15+0000
/project/aws-cdk-aws-devopsguru/, aws-cdk.aws-devopsguru, 1.100.0, The CDK Construct Library for AWS::DevOpsGuru, 2021-04-20T17:58:37+0000
/project/aws-cdk-aws-globalaccelerator-endpoints/, aws-cdk.aws-globalaccelerator-endpoints, 1.100.0, Endpoints for AWS Global Accelerator, 2021-04-20T17:59:15+0000
/project/aws-cdk-aws-emr/, aws-cdk.aws-emr, 1.100.0, The CDK Construct Library for AWS::EMR, 2021-04-20T17:59:04+0000
/project/aws-cdk-aws-s3outposts/, aws-cdk.aws-s3outposts, 1.100.0, The CDK Construct Library for AWS::S3Outposts, 2021-04-20T18:00:20+0000
/project/awssert/, awssert, 1.0.0, Declarative assertions for AWS, 2021-04-20T18:05:46+0000
/project/aws-cdk-aws-transfer/, aws-cdk.aws-transfer, 1.100.0, The CDK Construct Library for AWS::Transfer, 2021-04-20T18:00:45+0000
/project/aws-cdk-aws-ecs-patterns/, aws-cdk.aws-ecs-patterns, 1.100.0, The CDK Construct Library for AWS::ECS, 2021-04-20T17:58:50+0000
/project/aws-cdk-aws-s3-deployment/, aws-cdk.aws-s3-deployment, 1.100.0, Constructs for deploying contents to S3 buckets, 2021-04-20T18:00:17+0000
/project/aws-cdk-aws-elasticloadbalancing/, aws-cdk.aws-elasticloadbalancing, 1.100.0, The CDK Construct Library for AWS::ElasticLoadBalancing, 2021-04-20T17:58:58+0000
/project/aws-cdk-aws-elasticloadbalancingv2-actions/, aws-cdk.aws-elasticloadbalancingv2-actions, 1.100.0, Integration actions for AWS ElasticLoadBalancingV2, 2021-04-20T17:59:00+0000
/project/aws-cdk-aws-signer/, aws-cdk.aws-signer, 1.100.0, The CDK Construct Library for AWS::Signer, 2021-04-20T18:00:32+0000
/project/aws-cdk-aws-amplify/, aws-cdk.aws-amplify, 1.100.0, The CDK Construct Library for AWS::Amplify, 2021-04-20T17:57:36+0000
/project/aws-cdk-aws-workspaces/, aws-cdk.aws-workspaces, 1.100.0, The CDK Construct Library for AWS::WorkSpaces, 2021-04-20T18:00:49+0000
/project/aws-cdk-aws-sns-subscriptions/, aws-cdk.aws-sns-subscriptions, 1.100.0, CDK Subscription Constructs for AWS SNS, 2021-04-20T18:00:34+0000
/project/aws-cdk-aws-lookoutvision/, aws-cdk.aws-lookoutvision, 1.100.0, The CDK Construct Library for AWS::LookoutVision, 2021-04-20T17:59:46+0000
/project/aws-cdk-aws-events-targets/, aws-cdk.aws-events-targets, 1.100.0, Event targets for Amazon EventBridge, 2021-04-20T17:59:07+0000
/project/aws-cdk-aws-fsx/, aws-cdk.aws-fsx, 1.100.0, The CDK Construct Library for AWS::FSx, 2021-04-20T17:59:11+0000
/project/aws-cdk-aws-codestarconnections/, aws-cdk.aws-codestarconnections, 1.100.0, The CDK Construct Library for AWS::CodeStarConnections, 2021-04-20T17:58:27+0000
/project/aws-cdk-cloudformation-include/, aws-cdk.cloudformation-include, 1.100.0, A package that facilitates working with existing CloudFormation templates in the CDK, 2021-04-20T18:00:53+0000
/project/aws-cdk-aws-cloudtrail/, aws-cdk.aws-cloudtrail, 1.100.0, The CDK Construct Library for AWS::CloudTrail, 2021-04-20T17:58:12+0000
/project/aws-cdk-aws-acmpca/, aws-cdk.aws-acmpca, 1.100.0, The CDK Construct Library for AWS::ACMPCA, 2021-04-20T17:57:34+0000
/project/aws-cdk-aws-s3-notifications/, aws-cdk.aws-s3-notifications, 1.100.0, Bucket Notifications API for AWS S3, 2021-04-20T18:00:18+0000
/project/aws-cdk-aws-lambda-python/, aws-cdk.aws-lambda-python, 1.100.0, The CDK Construct Library for AWS Lambda in Python, 2021-04-20T17:59:42+0000
/project/aws-cdk-aws-dynamodb/, aws-cdk.aws-dynamodb, 1.100.0, The CDK Construct Library for AWS::DynamoDB, 2021-04-20T17:58:42+0000
/project/aws-cdk-aws-pinpointemail/, aws-cdk.aws-pinpointemail, 1.100.0, The CDK Construct Library for AWS::PinpointEmail, 2021-04-20T18:00:02+0000
/project/aws-cdk-aws-codebuild/, aws-cdk.aws-codebuild, 1.100.0, The CDK Construct Library for AWS::CodeBuild, 2021-04-20T17:58:16+0000
/project/aws-cdk-aws-eventschemas/, aws-cdk.aws-eventschemas, 1.100.0, The CDK Construct Library for AWS::EventSchemas, 2021-04-20T17:59:08+0000
/project/aws-cdk-aws-cloud9/, aws-cdk.aws-cloud9, 1.100.0, The CDK Construct Library for AWS::Cloud9, 2021-04-20T17:58:07+0000
/project/aws-cdk-aws-auditmanager/, aws-cdk.aws-auditmanager, 1.100.0, The CDK Construct Library for AWS::AuditManager, 2021-04-20T17:57:54+0000
/project/aws-cdk-aws-elasticsearch/, aws-cdk.aws-elasticsearch, 1.100.0, The CDK Construct Library for AWS::Elasticsearch, 2021-04-20T17:59:02+0000
/project/aws-cdk-aws-sam/, aws-cdk.aws-sam, 1.100.0, The CDK Construct Library for the AWS Serverless Application Model (SAM) resources, 2021-04-20T18:00:22+0000
/project/aws-cdk-aws-appsync/, aws-cdk.aws-appsync, 1.100.0, The CDK Construct Library for AWS::AppSync, 2021-04-20T17:57:51+0000
/project/aws-cdk-aws-cloudfront-origins/, aws-cdk.aws-cloudfront-origins, 1.100.0, The CDK Construct Library for AWS CloudFront Origins, 2021-04-20T17:58:11+0000
/project/aws-cdk-aws-guardduty/, aws-cdk.aws-guardduty, 1.100.0, The CDK Construct Library for AWS::GuardDuty, 2021-04-20T17:59:19+0000
/project/aws-cdk-aws-ecr/, aws-cdk.aws-ecr, 1.100.0, The CDK Construct Library for AWS::ECR, 2021-04-20T17:58:47+0000
/project/mgivney-cdkhelpers/, mgivney.cdkhelpers, 0.1.0, CDK helpers and custom resources with sensible defaults, 2020-11-30T21:38:45+0000
/project/aws-cdk-aws-databrew/, aws-cdk.aws-databrew, 1.100.0, The CDK Construct Library for AWS::DataBrew, 2021-04-20T17:58:32+0000
/project/aws-cdk-aws-greengrassv2/, aws-cdk.aws-greengrassv2, 1.100.0, The CDK Construct Library for AWS::GreengrassV2, 2021-04-20T17:59:18+0000
/project/aws-cdk-aws-sns/, aws-cdk.aws-sns, 1.100.0, The CDK Construct Library for AWS::SNS, 2021-04-20T18:00:33+0000
/project/aws-cdk-aws-kinesisfirehose/, aws-cdk.aws-kinesisfirehose, 1.100.0, The CDK Construct Library for AWS::KinesisFirehose, 2021-04-20T17:59:35+0000
/project/aws-cdk-aws-iotthingsgraph/, aws-cdk.aws-iotthingsgraph, 1.100.0, The CDK Construct Library for AWS::IoTThingsGraph, 2021-04-20T17:59:28+0000
/project/aws-cdk-aws-route53-targets/, aws-cdk.aws-route53-targets, 1.100.0, The CDK Construct Library for AWS Route53 Alias Targets, 2021-04-20T18:00:12+0000
/project/aws-cdk-aws-quicksight/, aws-cdk.aws-quicksight, 1.100.0, The CDK Construct Library for AWS::QuickSight, 2021-04-20T18:00:04+0000
/project/aws-cdk-aws-inspector/, aws-cdk.aws-inspector, 1.100.0, The CDK Construct Library for AWS::Inspector, 2021-04-20T17:59:22+0000
/project/aws-cdk-aws-elasticloadbalancingv2/, aws-cdk.aws-elasticloadbalancingv2, 1.100.0, The CDK Construct Library for AWS::ElasticLoadBalancingV2, 2021-04-20T17:58:59+0000
/project/aws-cdk-aws-lambda-destinations/, aws-cdk.aws-lambda-destinations, 1.100.0, CDK Destinations Constructs for AWS Lambda, 2021-04-20T17:59:39+0000
/project/aws-cdk-aws-sso/, aws-cdk.aws-sso, 1.100.0, The CDK Construct Library for AWS::SSO, 2021-04-20T18:00:38+0000
/project/aws-cdk-aws-pinpoint/, aws-cdk.aws-pinpoint, 1.100.0, The CDK Construct Library for AWS::Pinpoint, 2021-04-20T18:00:01+0000
/project/aws-cdk-aws-apigatewayv2-authorizers/, aws-cdk.aws-apigatewayv2-authorizers, 1.100.0, Authorizers for AWS APIGateway V2, 2021-04-20T17:57:42+0000
/project/aws-cdk-aws-kendra/, aws-cdk.aws-kendra, 1.100.0, The CDK Construct Library for AWS::Kendra, 2021-04-20T17:59:31+0000
/project/aws-cdk-aws-resourcegroups/, aws-cdk.aws-resourcegroups, 1.100.0, The CDK Construct Library for AWS::ResourceGroups, 2021-04-20T18:00:08+0000
/project/aws-cdk-aws-fms/, aws-cdk.aws-fms, 1.100.0, The CDK Construct Library for AWS::FMS, 2021-04-20T17:59:10+0000
/project/aws-cdk-aws-efs/, aws-cdk.aws-efs, 1.100.0, The CDK Construct Library for AWS::EFS, 2021-04-20T17:58:52+0000
/project/aws-cdk-aws-docdb/, aws-cdk.aws-docdb, 1.100.0, The CDK Construct Library for AWS::DocDB, 2021-04-20T17:58:41+0000
/project/aws-cdk-aws-gamelift/, aws-cdk.aws-gamelift, 1.100.0, The CDK Construct Library for AWS::GameLift, 2021-04-20T17:59:12+0000
/project/aws-cdk-aws-ivs/, aws-cdk.aws-ivs, 1.100.0, The CDK Construct Library for AWS::IVS, 2021-04-20T17:59:30+0000
/project/aws-cdk-custom-resources/, aws-cdk.custom-resources, 1.100.0, Constructs for implementing CDK custom resources, 2021-04-20T18:00:56+0000
/project/aws-cdk-aws-imagebuilder/, aws-cdk.aws-imagebuilder, 1.100.0, The CDK Construct Library for AWS::ImageBuilder, 2021-04-20T17:59:21+0000
/project/aws-cdk-aws-timestream/, aws-cdk.aws-timestream, 1.100.0, The CDK Construct Library for AWS::Timestream, 2021-04-20T18:00:44+0000
/project/aws-cdk-aws-robomaker/, aws-cdk.aws-robomaker, 1.100.0, The CDK Construct Library for AWS::RoboMaker, 2021-04-20T18:00:09+0000
/project/aws-cdk-aws-ec2/, aws-cdk.aws-ec2, 1.100.0, The CDK Construct Library for AWS::EC2, 2021-04-20T17:58:45+0000
/project/aws-cdk-aws-networkfirewall/, aws-cdk.aws-networkfirewall, 1.100.0, The CDK Construct Library for AWS::NetworkFirewall, 2021-04-20T17:59:57+0000
/project/aws-cdk-aws-emrcontainers/, aws-cdk.aws-emrcontainers, 1.100.0, The CDK Construct Library for AWS::EMRContainers, 2021-04-20T17:59:05+0000
/project/aws-cdk-aws-mwaa/, aws-cdk.aws-mwaa, 1.100.0, The CDK Construct Library for AWS::MWAA, 2021-04-20T17:59:55+0000
/project/aws-cdk-aws-codepipeline/, aws-cdk.aws-codepipeline, 1.100.0, Better interface to AWS Code Pipeline, 2021-04-20T17:58:23+0000
/project/aws-cdk-aws-fis/, aws-cdk.aws-fis, 1.100.0, The CDK Construct Library for AWS::FIS, 2021-04-20T17:59:09+0000
/project/aws-cdk-aws-appflow/, aws-cdk.aws-appflow, 1.100.0, The CDK Construct Library for AWS::AppFlow, 2021-04-20T17:57:45+0000
/project/aws-cdk-aws-kinesis/, aws-cdk.aws-kinesis, 1.100.0, The CDK Construct Library for AWS::Kinesis, 2021-04-20T17:59:32+0000
/project/aws-cdk-aws-codepipeline-actions/, aws-cdk.aws-codepipeline-actions, 1.100.0, Concrete Actions for AWS Code Pipeline, 2021-04-20T17:58:24+0000
/project/aws-cdk-aws-mediaconnect/, aws-cdk.aws-mediaconnect, 1.100.0, The CDK Construct Library for AWS::MediaConnect, 2021-04-20T17:59:49+0000
/project/aws-cdk-aws-opsworks/, aws-cdk.aws-opsworks, 1.100.0, The CDK Construct Library for AWS::OpsWorks, 2021-04-20T17:59:59+0000
/project/aws-cdk-aws-ram/, aws-cdk.aws-ram, 1.100.0, The CDK Construct Library for AWS::RAM, 2021-04-20T18:00:05+0000
/project/aws-cdk-aws-servicecatalogappregistry/, aws-cdk.aws-servicecatalogappregistry, 1.100.0, The CDK Construct Library for AWS::ServiceCatalogAppRegistry, 2021-04-20T18:00:28+0000
/project/aws-cdk-aws-route53-patterns/, aws-cdk.aws-route53-patterns, 1.100.0, The CDK Construct Library for AWS Route53 patterns, 2021-04-20T18:00:12+0000
/project/aws-cdk-aws-securityhub/, aws-cdk.aws-securityhub, 1.100.0, The CDK Construct Library for AWS::SecurityHub, 2021-04-20T18:00:26+0000
/project/aws-cdk-aws-codegurureviewer/, aws-cdk.aws-codegurureviewer, 1.100.0, The CDK Construct Library for AWS::CodeGuruReviewer, 2021-04-20T17:58:22+0000
/project/aws-cdk-aws-budgets/, aws-cdk.aws-budgets, 1.100.0, The CDK Construct Library for AWS::Budgets, 2021-04-20T17:58:01+0000
/project/aws-cdk-aws-chatbot/, aws-cdk.aws-chatbot, 1.100.0, The CDK Construct Library for AWS::Chatbot, 2021-04-20T17:58:06+0000
/project/aws-cdk-aws-kms/, aws-cdk.aws-kms, 1.100.0, The CDK Construct Library for AWS::KMS, 2021-04-20T17:59:36+0000
/project/aws-cdk-aws-sqs/, aws-cdk.aws-sqs, 1.100.0, The CDK Construct Library for AWS::SQS, 2021-04-20T18:00:36+0000
/project/aws-cdk-aws-backup/, aws-cdk.aws-backup, 1.100.0, The CDK Construct Library for AWS::Backup, 2021-04-20T17:57:59+0000
/project/aws-cdk-aws-waf/, aws-cdk.aws-waf, 1.100.0, The CDK Construct Library for AWS::WAF, 2021-04-20T18:00:46+0000
/project/aws-cdk-aws-s3/, aws-cdk.aws-s3, 1.100.0, The CDK Construct Library for AWS::S3, 2021-04-20T18:00:14+0000
/project/aws-cdk-aws-ses-actions/, aws-cdk.aws-ses-actions, 1.100.0, Receipt rule actions for AWS SES, 2021-04-20T18:00:31+0000
/project/aws-cdk-aws-lambda-event-sources/, aws-cdk.aws-lambda-event-sources, 1.100.0, Event sources for AWS Lambda, 2021-04-20T17:59:40+0000
/project/aws-cdk-aws-events/, aws-cdk.aws-events, 1.100.0, Amazon EventBridge Construct Library, 2021-04-20T17:59:05+0000
/project/aws-cdk-aws-iot/, aws-cdk.aws-iot, 1.100.0, The CDK Construct Library for AWS::IoT, 2021-04-20T17:59:23+0000
/project/aws-cdk-aws-ecs/, aws-cdk.aws-ecs, 1.100.0, The CDK Construct Library for AWS::ECS, 2021-04-20T17:58:49+0000
/project/aws-cdk-aws-config/, aws-cdk.aws-config, 1.100.0, The CDK Construct Library for AWS::Config, 2021-04-20T17:58:30+0000
/project/aws-cdk-aws-msk/, aws-cdk.aws-msk, 1.100.0, The CDK Construct Library for AWS::MSK, 2021-04-20T17:59:54+0000
/project/aws-cdk-aws-apigatewayv2-integrations/, aws-cdk.aws-apigatewayv2-integrations, 1.100.0, Integrations for AWS APIGateway V2, 2021-04-20T17:57:43+0000
/project/aws-cdk-aws-cloudformation/, aws-cdk.aws-cloudformation, 1.100.0, The CDK Construct Library for AWS::CloudFormation, 2021-04-20T17:58:08+0000
/project/aws-cdk-aws-elasticache/, aws-cdk.aws-elasticache, 1.100.0, The CDK Construct Library for AWS::ElastiCache, 2021-04-20T17:58:56+0000
/project/aws-cdk-aws-eks/, aws-cdk.aws-eks, 1.100.0, The CDK Construct Library for AWS::EKS, 2021-04-20T17:58:53+0000
/project/aws-cdk-aws-cloudwatch-actions/, aws-cdk.aws-cloudwatch-actions, 1.100.0, Alarm Actions for AWS CloudWatch CDK library, 2021-04-20T17:58:14+0000
/project/aws-cdk-aws-lambda/, aws-cdk.aws-lambda, 1.100.0, The CDK Construct Library for AWS::Lambda, 2021-04-20T17:59:38+0000
/project/aws-cdk-aws-codeartifact/, aws-cdk.aws-codeartifact, 1.100.0, The CDK Construct Library for AWS::CodeArtifact, 2021-04-20T17:58:15+0000
/project/aws-cdk-aws-servicecatalog/, aws-cdk.aws-servicecatalog, 1.100.0, The CDK Construct Library for AWS::ServiceCatalog, 2021-04-20T18:00:27+0000
/project/aws-cdk-aws-codecommit/, aws-cdk.aws-codecommit, 1.100.0, The CDK Construct Library for AWS::CodeCommit, 2021-04-20T17:58:18+0000
/project/nija-test/, nija-test, 1.0.0, , 2021-03-29T19:13:54+0000
/project/aws-cdk-aws-cognito/, aws-cdk.aws-cognito, 1.100.0, The CDK Construct Library for AWS::Cognito, 2021-04-20T17:58:29+0000
/project/aws-cdk-aws-rds/, aws-cdk.aws-rds, 1.100.0, The CDK Construct Library for AWS::RDS, 2021-04-20T18:00:06+0000
/project/aws-cdk-region-info/, aws-cdk.region-info, 1.100.0, AWS region information, such as service principal names, 2021-04-20T18:01:04+0000
/project/aws-cdk-aws-greengrass/, aws-cdk.aws-greengrass, 1.100.0, The CDK Construct Library for AWS::Greengrass, 2021-04-20T17:59:17+0000
/project/aws-cdk-aws-dax/, aws-cdk.aws-dax, 1.100.0, The CDK Construct Library for AWS::DAX, 2021-04-20T17:58:35+0000
/project/aws-cdk-aws-iam/, aws-cdk.aws-iam, 1.100.0, CDK routines for easily assigning correct and minimal IAM permissions, 2021-04-20T17:59:20+0000
/project/aws-cdk-aws-iotevents/, aws-cdk.aws-iotevents, 1.100.0, The CDK Construct Library for AWS::IoTEvents, 2021-04-20T17:59:26+0000
/project/aws-cdk-aws-detective/, aws-cdk.aws-detective, 1.100.0, The CDK Construct Library for AWS::Detective, 2021-04-20T17:58:36+0000
/project/aws-cdk-aws-ses/, aws-cdk.aws-ses, 1.100.0, The CDK Construct Library for AWS::SES, 2021-04-20T18:00:30+0000
/project/aws-cdk-aws-stepfunctions-tasks/, aws-cdk.aws-stepfunctions-tasks, 1.100.0, Task integrations for AWS StepFunctions, 2021-04-20T18:00:41+0000
/project/aws-cdk-aws-medialive/, aws-cdk.aws-medialive, 1.100.0, The CDK Construct Library for AWS::MediaLive, 2021-04-20T17:59:51+0000
/project/aws-cdk-aws-amazonmq/, aws-cdk.aws-amazonmq, 1.100.0, The CDK Construct Library for AWS::AmazonMQ, 2021-04-20T17:57:35+0000
/project/aws-cdk-aws-applicationautoscaling/, aws-cdk.aws-applicationautoscaling, 1.100.0, The CDK Construct Library for AWS::ApplicationAutoScaling, 2021-04-20T17:57:46+0000
/project/aws-cdk-aws-globalaccelerator/, aws-cdk.aws-globalaccelerator, 1.100.0, The CDK Construct Library for AWS::GlobalAccelerator, 2021-04-20T17:59:13+0000
/project/aws-cdk-aws-elasticloadbalancingv2-targets/, aws-cdk.aws-elasticloadbalancingv2-targets, 1.100.0, Integration targets for AWS ElasticLoadBalancingV2, 2021-04-20T17:59:01+0000
/project/aws-cdk-aws-autoscaling/, aws-cdk.aws-autoscaling, 1.100.0, The CDK Construct Library for AWS::AutoScaling, 2021-04-20T17:57:55+0000
/project/aws-cdk-aws-sagemaker/, aws-cdk.aws-sagemaker, 1.100.0, The CDK Construct Library for AWS::SageMaker, 2021-04-20T18:00:21+0000
/project/aws-cdk-aws-elasticbeanstalk/, aws-cdk.aws-elasticbeanstalk, 1.100.0, The CDK Construct Library for AWS::ElasticBeanstalk, 2021-04-20T17:58:57+0000
/project/aws-cdk-aws-mediastore/, aws-cdk.aws-mediastore, 1.100.0, The CDK Construct Library for AWS::MediaStore, 2021-04-20T17:59:53+0000
/project/openapigateway/, openapigateway, 0.2.1, AWS CDK Construct that creates an Amazon API Gateway HttpApi based on a parameterized OpenAPI 3 Document., 2020-12-29T11:53:35+0000
/project/aws-cdk-aws-wafregional/, aws-cdk.aws-wafregional, 1.100.0, The CDK Construct Library for AWS::WAFRegional, 2021-04-20T18:00:47+0000
/project/aws-cdk-lambda-layer-kubectl/, aws-cdk.lambda-layer-kubectl, 1.100.0, An AWS Lambda layer that contains the `kubectl` and `helm`, 2021-04-20T18:01:01+0000
/project/aws-cdk-aws-iotsitewise/, aws-cdk.aws-iotsitewise, 1.100.0, The CDK Construct Library for AWS::IoTSiteWise, 2021-04-20T17:59:27+0000
/project/aws-cdk-lambda-layer-kubectl/, aws-cdk.lambda-layer-kubectl, 1.100.0, An AWS Lambda layer that contains the `kubectl` and `helm`, 2021-04-20T18:01:01+0000
/project/aws-cdk-aws-iotsitewise/, aws-cdk.aws-iotsitewise, 1.100.0, The CDK Construct Library for AWS::IoTSiteWise, 2021-04-20T17:59:27+0000
/project/aws-cdk-aws-iot1click/, aws-cdk.aws-iot1click, 1.100.0, The CDK Construct Library for AWS::IoT1Click, 2021-04-20T17:59:24+0000
/project/aws-cdk-aws-dlm/, aws-cdk.aws-dlm, 1.100.0, The CDK Construct Library for AWS::DLM, 2021-04-20T17:58:39+0000
/project/aws-cdk-aws-licensemanager/, aws-cdk.aws-licensemanager, 1.100.0, The CDK Construct Library for AWS::LicenseManager, 2021-04-20T17:59:43+0000
/project/aws-cdk-aws-cloudwatch/, aws-cdk.aws-cloudwatch, 1.100.0, The CDK Construct Library for AWS::CloudWatch, 2021-04-20T17:58:13+0000
/project/aws-cdk-aws-certificatemanager/, aws-cdk.aws-certificatemanager, 1.100.0, The CDK Construct Library for AWS::CertificateManager, 2021-04-20T17:58:05+0000
/project/aws-cdk-aws-lakeformation/, aws-cdk.aws-lakeformation, 1.100.0, The CDK Construct Library for AWS::LakeFormation, 2021-04-20T17:59:37+0000
/project/aws-cdk-aws-wafv2/, aws-cdk.aws-wafv2, 1.100.0, The CDK Construct Library for AWS::WAFv2, 2021-04-20T18:00:48+0000
/project/aws-cdk-aws-directoryservice/, aws-cdk.aws-directoryservice, 1.100.0, The CDK Construct Library for AWS::DirectoryService, 2021-04-20T17:58:38+0000
/project/aws-cdk-aws-iotanalytics/, aws-cdk.aws-iotanalytics, 1.100.0, The CDK Construct Library for AWS::IoTAnalytics, 2021-04-20T17:59:25+0000
/project/aws-cdk-aws-cassandra/, aws-cdk.aws-cassandra, 1.100.0, The CDK Construct Library for AWS::Cassandra, 2021-04-20T17:58:02+0000
/project/aws-cdk-assets/, aws-cdk.assets, 1.100.0, This module is deprecated. All types are now available under the core module, 2021-04-20T17:57:32+0000
/project/aws-cdk-aws-athena/, aws-cdk.aws-athena, 1.100.0, The CDK Construct Library for AWS::Athena, 2021-04-20T17:57:52+0000
/project/aws-cdk-aws-servicediscovery/, aws-cdk.aws-servicediscovery, 1.100.0, The CDK Construct Library for AWS::ServiceDiscovery, 2021-04-20T18:00:29+0000
/project/aws-cdk-cx-api/, aws-cdk.cx-api, 1.100.0, Cloud executable protocol, 2021-04-20T18:00:57+0000
/project/aws-cdk-aws-ssm/, aws-cdk.aws-ssm, 1.100.0, The CDK Construct Library for AWS::SSM, 2021-04-20T18:00:37+0000
/project/aws-cdk-aws-stepfunctions/, aws-cdk.aws-stepfunctions, 1.100.0, The CDK Construct Library for AWS::StepFunctions, 2021-04-20T18:00:39+0000
/project/aws-cdk-aws-qldb/, aws-cdk.aws-qldb, 1.100.0, The CDK Construct Library for AWS::QLDB, 2021-04-20T18:00:03+0000
/project/aws-cdk-cdk-assets-schema/, aws-cdk.cdk-assets-schema, 1.100.0, Schema definition for the Asset Manifest, 2021-04-20T18:00:51+0000
/project/aws-cdk-aws-opsworkscm/, aws-cdk.aws-opsworkscm, 1.100.0, The CDK Construct Library for AWS::OpsWorksCM, 2021-04-20T18:00:00+0000
/project/aws-cdk-aws-kinesisanalytics/, aws-cdk.aws-kinesisanalytics, 1.100.0, The CDK Construct Library for AWS::KinesisAnalytics, 2021-04-20T17:59:33+0000
/project/aws-cdk-aws-cloudfront/, aws-cdk.aws-cloudfront, 1.100.0, The CDK Construct Library for AWS::CloudFront, 2021-04-20T17:58:09+0000
/project/aws-cdk-aws-appstream/, aws-cdk.aws-appstream, 1.100.0, The CDK Construct Library for AWS::AppStream, 2021-04-20T17:57:50+0000
/project/aws-cdk-aws-ecr-assets/, aws-cdk.aws-ecr-assets, 1.100.0, Docker image assets deployed to ECR, 2021-04-20T17:58:48+0000
/project/aws-cdk-cloud-assembly-schema/, aws-cdk.cloud-assembly-schema, 1.100.0, Cloud Assembly Schema, 2021-04-20T18:00:52+0000
/project/aws-cdk-aws-logs/, aws-cdk.aws-logs, 1.100.0, The CDK Construct Library for AWS::Logs, 2021-04-20T17:59:44+0000
/project/aws-cdk-aws-apigateway/, aws-cdk.aws-apigateway, 1.100.0, The CDK Construct Library for AWS::ApiGateway, 2021-04-20T17:57:38+0000
/project/aws-cdk-aws-route53/, aws-cdk.aws-route53, 1.100.0, The CDK Construct Library for AWS::Route53, 2021-04-20T18:00:10+0000
/project/aws-cdk-aws-mediapackage/, aws-cdk.aws-mediapackage, 1.100.0, The CDK Construct Library for AWS::MediaPackage, 2021-04-20T17:59:52+0000
/project/aws-cdk-aws-autoscalingplans/, aws-cdk.aws-autoscalingplans, 1.100.0, The CDK Construct Library for AWS::AutoScalingPlans, 2021-04-20T17:57:58+0000
/project/aws-cdk-aws-s3-assets/, aws-cdk.aws-s3-assets, 1.100.0, Deploy local files and directories to S3, 2021-04-20T18:00:16+0000
/project/aws-cdk-aws-secretsmanager/, aws-cdk.aws-secretsmanager, 1.100.0, The CDK Construct Library for AWS::SecretsManager, 2021-04-20T18:00:24+0000
/project/aws-cdk-aws-networkmanager/, aws-cdk.aws-networkmanager, 1.100.0, The CDK Construct Library for AWS::NetworkManager, 2021-04-20T17:59:58+0000
/project/aws-cdk-yaml-cfn/, aws-cdk.yaml-cfn, 1.100.0, Utilities for handling CloudFormation-flavored YAML, 2021-04-20T18:01:05+0000
/project/aws-cdk-aws-applicationautoscaling/, aws-cdk.aws-applicationautoscaling, 1.100.0, The CDK Construct Library for AWS::ApplicationAutoScaling, 2021-04-20T17:57:46+0000
/project/aws-cdk-aws-globalaccelerator/, aws-cdk.aws-globalaccelerator, 1.100.0, The CDK Construct Library for AWS::GlobalAccelerator, 2021-04-20T17:59:13+0000
/project/aws-cdk-aws-redshift/, aws-cdk.aws-redshift, 1.100.0, The CDK Construct Library for AWS::Redshift, 2021-04-20T18:00:07+0000
/project/aws-cdk-aws-accessanalyzer/, aws-cdk.aws-accessanalyzer, 1.100.0, The CDK Construct Library for AWS::AccessAnalyzer, 2021-04-20T17:57:33+0000
/project/aws-cdk-aws-route53resolver/, aws-cdk.aws-route53resolver, 1.100.0, The CDK Construct Library for AWS::Route53Resolver, 2021-04-20T18:00:13+0000
/project/aws-cdk-region-info/, aws-cdk.region-info, 1.100.0, AWS region information, such as service principal names, 2021-04-20T18:01:04+0000
/project/aws-cdk-aws-logs-destinations/, aws-cdk.aws-logs-destinations, 1.100.0, Log Destinations for AWS CloudWatch Logs, 2021-04-20T17:59:45+0000
/project/aws-cdk-aws-dms/, aws-cdk.aws-dms, 1.100.0, The CDK Construct Library for AWS::DMS, 2021-04-20T17:58:40+0000
/project/aws-cdk-aws-codedeploy/, aws-cdk.aws-codedeploy, 1.100.0, The CDK Construct Library for AWS::CodeDeploy, 2021-04-20T17:58:19+0000
/project/aws-cdk-aws-applicationinsights/, aws-cdk.aws-applicationinsights, 1.100.0, The CDK Construct Library for AWS::ApplicationInsights, 2021-04-20T17:57:47+0000
/project/aws-cdk-aws-lakeformation/, aws-cdk.aws-lakeformation, 1.100.0, The CDK Construct Library for AWS::LakeFormation, 2021-04-20T17:59:37+0000
/project/aws-cdk-aws-wafv2/, aws-cdk.aws-wafv2, 1.100.0, The CDK Construct Library for AWS::WAFv2, 2021-04-20T18:00:48+0000
/project/aws-cdk-aws-directoryservice/, aws-cdk.aws-directoryservice, 1.100.0, The CDK Construct Library for AWS::DirectoryService, 2021-04-20T17:58:38+0000
/project/aws-cdk-aws-iotanalytics/, aws-cdk.aws-iotanalytics, 1.100.0, The CDK Construct Library for AWS::IoTAnalytics, 2021-04-20T17:59:25+0000
/project/aws-cdk-aws-cassandra/, aws-cdk.aws-cassandra, 1.100.0, The CDK Construct Library for AWS::Cassandra, 2021-04-20T17:58:02+0000
/project/aws-cdk-alexa-ask/, aws-cdk.alexa-ask, 1.100.0, The CDK Construct Library for Alexa::ASK, 2021-04-20T17:57:29+0000
/project/aws-cdk-assets/, aws-cdk.assets, 1.100.0, This module is deprecated. All types are now available under the core module, 2021-04-20T17:57:32+0000
/project/aws-cdk-aws-athena/, aws-cdk.aws-athena, 1.100.0, The CDK Construct Library for AWS::Athena, 2021-04-20T17:57:52+0000
/project/aws-cdk-aws-servicediscovery/, aws-cdk.aws-servicediscovery, 1.100.0, The CDK Construct Library for AWS::ServiceDiscovery, 2021-04-20T18:00:29+0000
