/project/vanguardistas-pydebdep/, vanguardistas.pydebdep, 0.1.2, Make egg dependency information available for Debian packaging, 2009-06-05T11:23:03+0000
/project/debdate/, debdate, 0.20210102, Convert Gregorian dates to Debian Regnal dates, 2021-01-02T17:32:58+0000
/project/pybitbucket37/, pybitbucket37, 0.0.2, A Python wrapper for the Bitbucket API, 2020-10-02T06:39:06+0000
/project/routefs/, RouteFS, 1.2.0, RouteFS: A FUSE API wrapper based on URL routing, 2015-10-18T18:06:29+0000
/project/mercurial-all-paths/, mercurial_all_paths, 1.2.1, Mercurial allpaths extension, 2020-06-27T22:41:35+0000
/project/pybitbucket-fork/, pybitbucket_fork, 0.12.2, Fork of a Python wrapper for the Bitbucket API, 2017-04-29T22:48:43+0000
/project/hbcht/, hbcht, 0.1.1, A combined interpreter and compiler for the Half-Broken Car in Heavy Traffic programming language, 2013-02-08T16:21:04+0000
/project/srtcleaner/, srtcleaner, 1.1.1, Clean up SRT subtitle files removing ads and misplaced credits., 2021-02-26T21:57:52+0000
/project/adderall/, adderall, 2.0.0, , 2018-09-04T01:10:39+0000
/project/fookebox/, fookebox, 0.7.3, A jukebox-style web-frontend to mpd, 2015-12-13T03:11:48+0000
/project/django-ddp/, django-ddp, 0.19.1, Django/PostgreSQL implementation of the Meteor server., 2016-01-28T05:19:57+0000
/project/desurveil/, desurveil, 0.1.1, a cryptography tool with support for RSA and OAEP, 2011-04-12T14:04:01+0000
/project/xsge-tiled/, xsge-tiled, 1.0, xSGE Tiled Library, 2020-09-07T17:20:20+0000
/project/hydiomatic/, hydiomatic, 0.2.0, , 2019-05-06T22:54:05+0000
/project/naghni/, Naghni, 0.1, A breath-taking side-scroller focusing on round lifeforms, 2010-07-14T11:57:42+0000
/project/yamole/, yamole, 2.1.7, A YAML parser that resolves JSON references, 2020-06-04T09:06:17+0000
/project/surfraw-tools/, surfraw-tools, 0.1.0, Command-line programs to make writing surfraw elvi easier, 2020-07-03T06:14:28+0000
/project/pyramid-jwt-policy/, pyramid-jwt-policy, 1.0.0, JWT authentication policy for Pyramid, 2018-09-22T11:27:24+0000
/project/py2hyb/, py2hyb, 0.9.5, Python to Hy compiler, 2020-03-21T10:40:12+0000
/project/sadbipws/, sadbipws, 0.1.0, An implementation of the SADBIPWS serializer, 2011-02-25T21:33:45+0000
/project/local-pipelines/, local-pipelines, 0.4.2, local-pipelines is a parser for bitbucket-pipelines.yml files that will run the pipeline using your local docker-engine., 2016-09-23T02:27:27+0000
/project/hlc/, hlc, 0.3.0, Host list converter supporting hosts(5), ethers(5) and other formats, 2016-10-03T10:19:09+0000
/project/netcube/, NetCube, 0.3.0, Python implementation of the Spinning Cube of Potential Doom., 2007-04-12T04:54:16+0000
/project/po-excel-translate/, po-excel-translate, 3.3, Convert between Excel and PO files, 2020-12-16T18:27:10+0000
/project/lingua/, lingua, 4.14, Translation toolset, 2019-11-10T20:45:53+0000
/project/aeltei/, aeltei, 0.1.0, UNKNOWN, 2011-03-21T18:25:12+0000
/project/terra-py/, terra-py, 0.0.0, generate terraform json, 2017-07-11T19:32:03+0000
/project/dupfilefind/, dupfilefind, 1.6.9, find files with identical contents, or print out a list of all files and their md5 sums and sizes, 2010-04-22T05:23:07+0000
/project/humpy/, humpy, 0.1.2, Hy package for all your CamelCase-y needs., 2014-07-14T18:32:39+0000
/project/scgi/, scgi, 2.0, A Python package for implementing SCGI servers., 2019-09-11T17:05:09+0000
/project/mercurial-all-dirs/, mercurial_all_dirs, 1.1.2, Mercurial All Dirs Extension, 2021-04-02T07:45:30+0000
/project/ulvl/, ulvl, 1.0, Universal level formats library., 2020-05-14T20:38:08+0000
/project/van-pydeb/, van.pydeb, 1.3.3, Make egg metadata information available for Debian packaging, 2011-08-10T14:00:16+0000
/project/monaxhyd/, monaxhyd, 0.2.1, , 2018-08-31T09:59:57+0000
/project/darcsver/, darcsver, 1.7.4, generate a version number from darcs history, 2012-01-11T06:39:58+0000
/project/pyutil/, pyutil, 3.3.0, a collection of utilities for Python programmers, 2019-06-26T16:51:35+0000
/project/soundex/, soundex, 1.1.3, Soundex algorith implementation for English and Indian languages, 2014-06-01T14:14:54+0000
/project/poxls/, poxls, 1.6.2, Convert between Excel and PO files, 2020-03-25T06:54:15+0000
/project/gravnoise/, gravnoise, 0.1.0, a block-based, gravity-infused puzzle game, 2012-02-02T21:11:29+0000
/project/libindic-utils/, libindic-utils, 1.0.3, Common functions for libindic and related modules, 2019-02-09T09:51:36+0000
/project/mercurial-on-remote/, mercurial_on_remote, 1.0.3, Mercurial OnRemote Extension, 2021-04-02T07:37:36+0000
/project/lima/, lima, 0.5, Lightweight Marshalling of Python 3 Objects., 2015-05-12T08:47:50+0000
/project/yaml4rst/, yaml4rst, 0.1.6, Linting/reformatting tool for YAML files documented with inline RST, 2017-04-29T09:22:03+0000
/project/azure-elasticluster/, azure-elasticluster, 1.1-dev0, A command line tool to create, manage and setup computing clusters hosted on a public or private cloud infrastructure., 2015-06-29T21:59:56+0000
/project/trigdistrs/, trigdistrs, 0.0a1, Trigonometric Probability Distributions (see Souza 2016: NEW TRIGONOMETRIC CLASSES OF PROBABILISTIC DISTRIBUTIONS, PhD Thesisavailable at http://goo.gl/Z6nbJz).
Uses symbolic computing with sympy.stats., 2016-09-06T20:54:59+0000
/project/xsge-lighting/, xsge-lighting, 1.0.2, xSGE Lighting Library, 2020-05-14T22:55:22+0000
/project/datalad/, datalad, 0.14.2, data distribution geared toward scientific datasets, 2021-04-14T23:00:53+0000
/project/ffgo/, FFGo, 1.12.7, A powerful graphical launcher for the FlightGear flight simulator, 2020-06-02T10:13:53+0000
/project/dkimpy/, dkimpy, 1.0.5, DKIM (DomainKeys Identified Mail), ARC (Authenticated Receive Chain), and TLSRPT (TLS Report) email signing and verification, 2020-08-09T02:51:36+0000
/project/marshmallow-select/, marshmallow-select, 1.0.5, make sqlalchemy select fields with marshmallow schemas, 2017-06-07T20:07:07+0000
/project/zbase62/, zbase62, 1.2.0, encode data into base-62 encoding, 2010-11-10T17:31:11+0000
/project/setuptools-trial/, setuptools_trial, 0.6.0, Setuptools plugin that makes unit tests execute with trial instead of pyunit., 2016-03-21T03:18:08+0000
/project/launchd/, launchd, 0.2.0, pythonic interface for macOS launchd, 2021-03-05T21:56:49+0000
/project/setuptools-darcs/, setuptools_darcs, 1.2.11, setuptools plugin for darcs, 2010-05-31T03:46:32+0000
/project/txtwitterstream/, txTwitterStream, 0.0.3, A fork of Alexandre Fiori's TwistedTwitterStream Twitter client library for the Twitter Streaming API, 2010-03-18T22:33:08+0000
/project/decode-acc/, decode-acc, 1.1.1, Incrementally decode bytes into strings and lines, 2020-08-31T05:46:18+0000
/project/protagonist/, protagonist, 0.1.12, A tagsystem. Organises your files with non-hierarchical tags., 2014-07-09T17:39:57+0000
/project/xsge-physics/, xsge-physics, 0.13.2, xSGE Physics Framework, 2020-05-14T22:59:02+0000
/project/delny/, Delny, 0.4.1, Delaunay triangulation, 2009-10-24T19:39:41+0000
/project/janus-py/, janus-py, 0.1, Python interface to the Janus SSP REST API (see https://github.com/janus-ssp/janus), 2015-09-22T09:17:24+0000
/project/zbase32/, zbase32, 1.1.5, base32 encoder/decoder, 2012-08-27T15:56:15+0000
/project/pyirc/, PyIRC, 3.0b1, A Python IRC library, 2015-11-02T22:38:13+0000
/project/zfec/, zfec, 1.5.5, An efficient, portable erasure coding tool, 2020-11-12T14:03:44+0000
/project/noncrawl/, noncrawl, 0.1, A web crawler creating link soups, 2010-07-28T20:58:05+0000
/project/txoauth/, txoauth, 1.0.16, provides OAuth 2.0 support for Twisted., 2011-05-03T00:09:34+0000
/project/notefinder/, notefinder, 0.9, Easy to use package for notes management, 2008-03-25T08:41:21+0000
/project/trialcoverage/, trialcoverage, 0.3.12, a plugin to integrate Twisted trial with Ned Batchelder's coverage.py, 2010-06-09T02:41:39+0000
/project/uliplot/, UliPlot, 0.1.2, Utilities for convenient plotting using matplotlib and other pydata libraries, 2021-04-03T23:07:25+0000
/project/silpa-common/, silpa_common, 0.3, Common functions for SILPA and related modules, 2014-05-03T04:09:02+0000
/project/libindic-payyans/, libindic-payyans, 1.0.2, ASCII to Unicode converter, 2019-05-03T06:24:27+0000
/project/mercurial-bitbucketize/, mercurial_bitbucketize, 0.9.4, Mercurial Bitbucketize Extension, 2020-06-27T22:39:21+0000
/project/tmx/, tmx, 1.10, Simple TMX library., 2018-11-15T19:45:43+0000
/project/saqqarah/, saqqarah, 1.0.1, Calculation pyramid generator, 2020-06-21T23:14:23+0000
/project/combox/, combox, 0.2.3, Encrypts files and scatters them across storage provided by Google Drive and Dropbox., 2016-03-01T15:05:01+0000
/project/cfg-diag/, cfg-diag, 0.1.1, A common configuration-storage class with a .diag() method, 2021-03-31T06:15:17+0000
/project/gc3pie/, gc3pie, 2.6.6, A Python library and simple command-line frontend for computational job submission to multiple resources., 2020-08-16T09:36:33+0000
/project/pyramid-jwt/, pyramid-jwt, 1.6.1, JWT authentication policy for Pyramid, 2020-10-09T08:00:28+0000
/project/dyndnsc/, dyndnsc, 0.6.1, dynamic dns (dyndns) update client with support for multiple protocols, 2021-04-02T05:55:24+0000
/project/libindic-soundex/, libindic-soundex, 1.0.2, Soundex algorithm implementation for English and Indian languages, 2019-02-09T11:46:54+0000
/project/quixote/, Quixote, 3.3, A small and flexible Python Web application framework, 2021-01-25T22:36:50+0000
/project/gridsync/, gridsync, 0.4.3, Synchronize local directories with Tahoe-LAFS storage grids., 2020-07-25T00:41:46+0000
/project/xsge-gui/, xsge-gui, 1.2.1, xSGE GUI Toolkit, 2020-09-11T13:50:31+0000
/project/cf-upgrade/, cf-upgrade, 1.0.2, Trivial AWS CloudFormation updater, 2017-09-04T13:15:54+0000
/project/python-debian/, python-debian, 0.1.39, Debian package related modules, 2020-12-19T01:17:29+0000
/project/rest-toolkit/, rest-toolkit, 0.17, REST toolkit, 2019-01-10T12:44:27+0000
/project/htmlentitiesdecode/, htmlentitiesdecode, 0.1.1, Decode html entities., 2010-08-19T20:10:35+0000
/project/trivval/, trivval, 1.1.0, A library for trivial structure validation, 2021-04-07T17:46:33+0000
/project/mercurial-extension-utils/, mercurial_extension_utils, 1.5.1, Mercurial Extension Utils, 2020-06-27T22:20:57+0000
/project/pumila/, pumila, 0.1.0, convert images to sound waves, 2011-08-12T19:58:55+0000
/project/pebsaq/, pebsaq, 0.1.0, A poor synthesizer, 2012-06-29T23:38:26+0000
/project/python-interactive/, python-interactive, 0.0.3, python embedded interactive porcelain, 2016-06-01T21:02:24+0000
/project/forbi/, forbi, 0.1.0, A TCP-based communication tool, 2010-12-23T00:45:48+0000
/project/confget/, confget, 2.3.4, Parse configuration files and extract values from them, 2020-05-05T19:00:10+0000
/project/kvigall/, kvigall, 0.1.0, A customizable calendar program meant for use in terminals, 2010-08-21T14:56:41+0000
/project/bjsonrpc/, bjsonrpc, 0.2.1, Asynchronous Bidirectional JSON-RPC protocol implementation over TCP/IP, 2011-06-07T20:09:43+0000
/project/z-base-36/, z-base-36, 1.0.1, base36 encoder/decoder, 2008-08-11T14:57:20+0000
/project/cons/, cons, 0.4.2, An implementation of Lisp/Scheme-like cons in Python., 2020-03-05T22:18:47+0000
/project/stringchain/, stringchain, 0.9.8, efficient management of strings that are produced and consumed in chunks, 2012-09-16T17:21:35+0000
/project/koboldfs/, koboldfs, 0.3.2, application-level distributed file system written in Python, 2011-03-19T18:33:08+0000
/project/dotbox/, dotbox, 0.1.0, A mini library for block-based games, 2011-01-23T15:53:12+0000
/project/utf8-locale/, utf8-locale, 0.1.1, Detect a UTF-8-capable locale for running programs in., 2021-04-04T21:42:26+0000
/project/elasticluster/, elasticluster, 1.2, A command line tool to create, manage and setup computing clusters hosted on a public or private cloud infrastructure., 2014-10-22T22:48:01+0000
/project/pybitbucket/, pybitbucket, 0.12.0, A Python wrapper for the Bitbucket API, 2016-12-02T23:20:19+0000
/project/pycryptopp/, pycryptopp, 0.7.1.869544967005693312591928092448767568728501330214, Python wrappers for a few algorithms from the Crypto++ library, 2016-02-04T00:03:11+0000
/project/ucl/, ucl, 0.8.1, ucl parser and emmitter, 2018-03-21T15:59:45+0000
/project/alp/, Alp, 0.1.1, Alp time tools, 2010-11-05T20:37:33+0000
/project/sge/, sge, 1.7.1, Seclusion Game Engine (Pygame implementation), 2020-12-17T18:15:04+0000
/project/azure-elasticluster-current/, azure-elasticluster-current, 0.1.dev2, A command line tool to create, manage and setup computing clusters hosted on a public or private cloud infrastructure., 2015-06-30T20:32:55+0000
/project/opencache-controller/, opencache-controller, 0.1.0, Controller for a number of connected OpenCache Nodes., 2015-01-23T01:02:46+0000
/project/mercurial-keyring/, mercurial_keyring, 1.4.1, Mercurial Keyring Extension, 2021-04-21T21:55:14+0000
/project/mercurial-path-pattern/, mercurial_path_pattern, 1.4.2, Mercurial Path Pattern Extension, 2021-01-14T15:29:52+0000
/project/allmydata-tahoe/, allmydata-tahoe, 1.10.2, secure, decentralized, fault-tolerant filesystem, 2015-07-31T02:49:28+0000
/project/jsonutil/, jsonutil, 1.0.3, a wrapper around simplejson which deserializes decimals to Decimal instead of to float, 2010-11-22T20:06:28+0000
/project/z-base-62/, z-base-62, 1.0.5, Please switch to using this package under its new name -- zbase62 -- http://pypi.python.org/pypi/zbase62 ., 2009-05-09T18:28:05+0000
/project/mercurial-update-version/, mercurial_update_version, 1.1.1, Mercurial Update Version Extension, 2020-06-27T22:26:43+0000
/project/opencache-lib/, opencache-lib, 0.1.0, Shared code between the OpenCache Node and Controller., 2015-01-23T01:02:28+0000
/project/pytest-logbook/, pytest-logbook, 1.2.0, py.test plugin to capture logbook log messages, 2015-11-23T18:51:00+0000
/project/inexactsearch/, inexactsearch, 1.0.2, Fuzzy String search algorithm using Soundex for Indian language, 2014-06-01T14:15:49+0000
/project/hy2glsl/, hy2glsl, 0.0.2, , 2020-05-11T22:17:57+0000
/project/xlocale/, xlocale, 1.3.4, , 2018-02-25T22:26:18+0000
/project/hy/, hy, 0.20.0, Lisp and Python love each other., 2021-01-25T19:39:57+0000
/project/ostrich/, ostrich, 0.3.9, Python port of the Scala Ostrich library, 2013-06-10T05:51:53+0000
/project/pytest-parawtf/, pytest-parawtf, 1.0.2, Finally spell paramete?ri[sz]e correctly, 2018-12-03T21:37:34+0000
/project/uliengineering/, UliEngineering, 0.3.6, Computational tools for electronics engineering, 2021-04-06T01:07:54+0000
/project/poorconn/, poorconn, 0.1.1, Simulating poor network connections., 2021-02-01T06:17:57+0000
/project/rinse/, rinse, 0.5.0, SOAP client built with lxml and requests., 2020-08-19T23:52:00+0000
/project/alart/, alart, 0.1.1, Generate pseudo-random art, 2011-08-20T18:44:21+0000
/project/tahoe-lafs/, tahoe-lafs, 1.15.1, secure, decentralized, fault-tolerant file store, 2021-03-23T21:00:37+0000
/project/libnofi/, libnofi, 1.0-dev, Easy to use package for notes management, 2008-04-02T11:25:30+0000
/project/van-reposync/, van.reposync, 1.0.1, Mirror a pypi-style egg repository from a debian APT repository, 2009-06-15T13:52:33+0000
/project/nbaheadshot/, nbaheadshot, 1.1.3, Download NBA players headshots., 2020-02-26T02:38:07+0000
/project/shadowloss/, shadowloss, 0.1.1, A stickman-oriented game against time, 2011-01-01T14:17:40+0000
/project/xsge-path/, xsge-path, 1.0.2, xSGE Path, 2020-05-14T22:58:30+0000
/project/mercurial-path-pattern/, mercurial_path_pattern, 1.4.2, Mercurial Path Pattern Extension, 2021-01-14T15:29:52+0000
/project/allmydata-tahoe/, allmydata-tahoe, 1.10.2, secure, decentralized, fault-tolerant filesystem, 2015-07-31T02:49:28+0000
/project/jsonutil/, jsonutil, 1.0.3, a wrapper around simplejson which deserializes decimals to Decimal instead of to float, 2010-11-22T20:06:28+0000
/project/mercurial-update-version/, mercurial_update_version, 1.1.1, Mercurial Update Version Extension, 2020-06-27T22:26:43+0000
/project/opencache-lib/, opencache-lib, 0.1.0, Shared code between the OpenCache Node and Controller., 2015-01-23T01:02:28+0000
/project/pytest-logbook/, pytest-logbook, 1.2.0, py.test plugin to capture logbook log messages, 2015-11-23T18:51:00+0000
/project/inexactsearch/, inexactsearch, 1.0.2, Fuzzy String search algorithm using Soundex for Indian language, 2014-06-01T14:15:49+0000
/project/setuptools-pyflakes/, setuptools_pyflakes, 1.1.0, setuptools plugin for pyflakes, 2012-07-11T15:30:09+0000
/project/fdeunlock/, fdeunlock, 0.7.1, Check and unlock full disk encrypted systems via ssh, 2017-04-01T08:05:53+0000
/project/mercurial-dynamic-username/, mercurial_dynamic_username, 1.1.1, Mercurial Dynamic Username Extension, 2020-06-27T22:34:26+0000
/project/tahoe-lafs/, tahoe-lafs, 1.15.1, secure, decentralized, fault-tolerant file store, 2021-03-23T21:00:37+0000
/project/libnofi/, libnofi, 1.0-dev, Easy to use package for notes management, 2008-04-02T11:25:30+0000
/project/van-reposync/, van.reposync, 1.0.1, Mirror a pypi-style egg repository from a debian APT repository, 2009-06-15T13:52:33+0000
/project/nbaheadshot/, nbaheadshot, 1.1.3, Download NBA players headshots., 2020-02-26T02:38:07+0000
/project/shadowloss/, shadowloss, 0.1.1, A stickman-oriented game against time, 2011-01-01T14:17:40+0000
/project/qvikconfig/, qvikconfig, 0.1.1, Read and write simple config files., 2011-02-25T18:37:37+0000
/project/createsend/, createsend, 6.1.2, A library which implements the complete functionality of the Campaign Monitor API., 2021-02-10T03:42:44+0000
/project/fdleakfinder/, fdleakfinder, 0.0.3, helps you figure out why your unix process uses too many file descriptors, 2013-07-23T05:21:09+0000
/project/hy/, hy, 0.20.0, Lisp and Python love each other., 2021-01-25T19:39:57+0000
/project/ostrich/, ostrich, 0.3.9, Python port of the Scala Ostrich library, 2013-06-10T05:51:53+0000
/project/trivver/, trivver, 1.0.1, A library for comparing version strings, 2021-03-30T19:26:38+0000
/project/trivrepr/, trivrepr, 0.1.1, Provide a helper for creating repr() strings, 2019-03-07T12:42:55+0000
/project/ytscraper/, YTScraper, 0.1.1, A command-line tool for downloading .torrent files from YTS., 2020-02-25T10:02:28+0000
/project/kando/, kando, 0.1.0, a simple todo list manager, 2011-08-12T20:40:53+0000
/project/pytest-parawtf/, pytest-parawtf, 1.0.2, Finally spell paramete?ri[sz]e correctly, 2018-12-03T21:37:34+0000
/project/solaar/, solaar, 1.0.6, Linux device manager for Logitech receivers, keyboards, mice, and tablets., 2021-04-25T13:12:03+0000
/project/vanguardistas-pydebdep/, vanguardistas.pydebdep, 0.1.2, Make egg dependency information available for Debian packaging, 2009-06-05T11:23:03+0000
/project/debdate/, debdate, 0.20210102, Convert Gregorian dates to Debian Regnal dates, 2021-01-02T17:32:58+0000
/project/django-ddp/, django-ddp, 0.19.1, Django/PostgreSQL implementation of the Meteor server., 2016-01-28T05:19:57+0000
/project/pybitbucket37/, pybitbucket37, 0.0.2, A Python wrapper for the Bitbucket API, 2020-10-02T06:39:06+0000
/project/routefs/, RouteFS, 1.2.0, RouteFS: A FUSE API wrapper based on URL routing, 2015-10-18T18:06:29+0000
/project/mercurial-all-paths/, mercurial_all_paths, 1.2.1, Mercurial allpaths extension, 2020-06-27T22:41:35+0000
/project/pybitbucket-fork/, pybitbucket_fork, 0.12.2, Fork of a Python wrapper for the Bitbucket API, 2017-04-29T22:48:43+0000
/project/hbcht/, hbcht, 0.1.1, A combined interpreter and compiler for the Half-Broken Car in Heavy Traffic programming language, 2013-02-08T16:21:04+0000
/project/srtcleaner/, srtcleaner, 1.1.1, Clean up SRT subtitle files removing ads and misplaced credits., 2021-02-26T21:57:52+0000
/project/adderall/, adderall, 2.0.0, , 2018-09-04T01:10:39+0000
/project/desurveil/, desurveil, 0.1.1, a cryptography tool with support for RSA and OAEP, 2011-04-12T14:04:01+0000
/project/xsge-tiled/, xsge-tiled, 1.0, xSGE Tiled Library, 2020-09-07T17:20:20+0000
/project/hydiomatic/, hydiomatic, 0.2.0, , 2019-05-06T22:54:05+0000
/project/naghni/, Naghni, 0.1, A breath-taking side-scroller focusing on round lifeforms, 2010-07-14T11:57:42+0000
/project/yamole/, yamole, 2.1.7, A YAML parser that resolves JSON references, 2020-06-04T09:06:17+0000
/project/surfraw-tools/, surfraw-tools, 0.1.0, Command-line programs to make writing surfraw elvi easier, 2020-07-03T06:14:28+0000
/project/pyramid-jwt-policy/, pyramid-jwt-policy, 1.0.0, JWT authentication policy for Pyramid, 2018-09-22T11:27:24+0000
/project/py2hyb/, py2hyb, 0.9.5, Python to Hy compiler, 2020-03-21T10:40:12+0000
/project/sadbipws/, sadbipws, 0.1.0, An implementation of the SADBIPWS serializer, 2011-02-25T21:33:45+0000
/project/local-pipelines/, local-pipelines, 0.4.2, local-pipelines is a parser for bitbucket-pipelines.yml files that will run the pipeline using your local docker-engine., 2016-09-23T02:27:27+0000
/project/fookebox/, fookebox, 0.7.3, A jukebox-style web-frontend to mpd, 2015-12-13T03:11:48+0000
/project/trialcoverage/, trialcoverage, 0.3.12, a plugin to integrate Twisted trial with Ned Batchelder's coverage.py, 2010-06-09T02:41:39+0000
/project/lingua/, lingua, 4.14, Translation toolset, 2019-11-10T20:45:53+0000
/project/aeltei/, aeltei, 0.1.0, UNKNOWN, 2011-03-21T18:25:12+0000
/project/terra-py/, terra-py, 0.0.0, generate terraform json, 2017-07-11T19:32:03+0000
/project/dupfilefind/, dupfilefind, 1.6.9, find files with identical contents, or print out a list of all files and their md5 sums and sizes, 2010-04-22T05:23:07+0000
/project/humpy/, humpy, 0.1.2, Hy package for all your CamelCase-y needs., 2014-07-14T18:32:39+0000
/project/uliplot/, UliPlot, 0.1.2, Utilities for convenient plotting using matplotlib and other pydata libraries, 2021-04-03T23:07:25+0000
/project/silpa-common/, silpa_common, 0.3, Common functions for SILPA and related modules, 2014-05-03T04:09:02+0000
/project/libindic-payyans/, libindic-payyans, 1.0.2, ASCII to Unicode converter, 2019-05-03T06:24:27+0000
/project/mercurial-bitbucketize/, mercurial_bitbucketize, 0.9.4, Mercurial Bitbucketize Extension, 2020-06-27T22:39:21+0000
/project/tmx/, tmx, 1.10, Simple TMX library., 2018-11-15T19:45:43+0000
/project/mercurial-all-dirs/, mercurial_all_dirs, 1.1.2, Mercurial All Dirs Extension, 2021-04-02T07:45:30+0000
/project/ulvl/, ulvl, 1.0, Universal level formats library., 2020-05-14T20:38:08+0000
/project/libindic-utils/, libindic-utils, 1.0.3, Common functions for libindic and related modules, 2019-02-09T09:51:36+0000
/project/mercurial-on-remote/, mercurial_on_remote, 1.0.3, Mercurial OnRemote Extension, 2021-04-02T07:37:36+0000
/project/solaar/, solaar, 1.0.6, Linux device manager for Logitech receivers, keyboards, mice, and tablets., 2021-04-25T13:12:03+0000
/project/lima/, lima, 0.5, Lightweight Marshalling of Python 3 Objects., 2015-05-12T08:47:50+0000
/project/yaml4rst/, yaml4rst, 0.1.6, Linting/reformatting tool for YAML files documented with inline RST, 2017-04-29T09:22:03+0000
/project/saqqarah/, saqqarah, 1.0.1, Calculation pyramid generator, 2020-06-21T23:14:23+0000
/project/combox/, combox, 0.2.3, Encrypts files and scatters them across storage provided by Google Drive and Dropbox., 2016-03-01T15:05:01+0000
/project/datalad/, datalad, 0.14.2, data distribution geared toward scientific datasets, 2021-04-14T23:00:53+0000
/project/ffgo/, FFGo, 1.12.7, A powerful graphical launcher for the FlightGear flight simulator, 2020-06-02T10:13:53+0000
/project/dkimpy/, dkimpy, 1.0.5, DKIM (DomainKeys Identified Mail), ARC (Authenticated Receive Chain), and TLSRPT (TLS Report) email signing and verification, 2020-08-09T02:51:36+0000
/project/xsge-gui/, xsge-gui, 1.2.1, xSGE GUI Toolkit, 2020-09-11T13:50:31+0000
/project/mercurial-extension-utils/, mercurial_extension_utils, 1.5.1, Mercurial Extension Utils, 2020-06-27T22:20:57+0000
/project/protagonist/, protagonist, 0.1.12, A tagsystem. Organises your files with non-hierarchical tags., 2014-07-09T17:39:57+0000
/project/xsge-physics/, xsge-physics, 0.13.2, xSGE Physics Framework, 2020-05-14T22:59:02+0000
/project/hlc/, hlc, 0.3.0, Host list converter supporting hosts(5), ethers(5) and other formats, 2016-10-03T10:19:09+0000
/project/netcube/, NetCube, 0.3.0, Python implementation of the Spinning Cube of Potential Doom., 2007-04-12T04:54:16+0000
/project/po-excel-translate/, po-excel-translate, 3.3, Convert between Excel and PO files, 2020-12-16T18:27:10+0000
/project/delny/, Delny, 0.4.1, Delaunay triangulation, 2009-10-24T19:39:41+0000
/project/janus-py/, janus-py, 0.1, Python interface to the Janus SSP REST API (see https://github.com/janus-ssp/janus), 2015-09-22T09:17:24+0000
/project/zbase32/, zbase32, 1.1.5, base32 encoder/decoder, 2012-08-27T15:56:15+0000
/project/pyirc/, PyIRC, 3.0b1, A Python IRC library, 2015-11-02T22:38:13+0000
/project/zfec/, zfec, 1.5.5, An efficient, portable erasure coding tool, 2020-11-12T14:03:44+0000
/project/noncrawl/, noncrawl, 0.1, A web crawler creating link soups, 2010-07-28T20:58:05+0000
/project/txoauth/, txoauth, 1.0.16, provides OAuth 2.0 support for Twisted., 2011-05-03T00:09:34+0000
/project/notefinder/, notefinder, 0.9, Easy to use package for notes management, 2008-03-25T08:41:21+0000
/project/scgi/, scgi, 2.0, A Python package for implementing SCGI servers., 2019-09-11T17:05:09+0000
/project/van-pydeb/, van.pydeb, 1.3.3, Make egg metadata information available for Debian packaging, 2011-08-10T14:00:16+0000
/project/monaxhyd/, monaxhyd, 0.2.1, , 2018-08-31T09:59:57+0000
/project/darcsver/, darcsver, 1.7.4, generate a version number from darcs history, 2012-01-11T06:39:58+0000
/project/pyutil/, pyutil, 3.3.0, a collection of utilities for Python programmers, 2019-06-26T16:51:35+0000
/project/soundex/, soundex, 1.1.3, Soundex algorith implementation for English and Indian languages, 2014-06-01T14:14:54+0000
/project/poxls/, poxls, 1.6.2, Convert between Excel and PO files, 2020-03-25T06:54:15+0000
/project/gravnoise/, gravnoise, 0.1.0, a block-based, gravity-infused puzzle game, 2012-02-02T21:11:29+0000
/project/azure-elasticluster/, azure-elasticluster, 1.1-dev0, A command line tool to create, manage and setup computing clusters hosted on a public or private cloud infrastructure., 2015-06-29T21:59:56+0000
/project/trigdistrs/, trigdistrs, 0.0a1, Trigonometric Probability Distributions (see Souza 2016: NEW TRIGONOMETRIC CLASSES OF PROBABILISTIC DISTRIBUTIONS, PhD Thesisavailable at http://goo.gl/Z6nbJz).
Uses symbolic computing with sympy.stats., 2016-09-06T20:54:59+0000
/project/xsge-lighting/, xsge-lighting, 1.0.2, xSGE Lighting Library, 2020-05-14T22:55:22+0000
/project/marshmallow-select/, marshmallow-select, 1.0.5, make sqlalchemy select fields with marshmallow schemas, 2017-06-07T20:07:07+0000
/project/cfg-diag/, cfg-diag, 0.1.1, A common configuration-storage class with a .diag() method, 2021-03-31T06:15:17+0000
/project/gc3pie/, gc3pie, 2.6.6, A Python library and simple command-line frontend for computational job submission to multiple resources., 2020-08-16T09:36:33+0000
/project/pyramid-jwt/, pyramid-jwt, 1.6.1, JWT authentication policy for Pyramid, 2020-10-09T08:00:28+0000
/project/dyndnsc/, dyndnsc, 0.6.1, dynamic dns (dyndns) update client with support for multiple protocols, 2021-04-02T05:55:24+0000
/project/zbase62/, zbase62, 1.2.0, encode data into base-62 encoding, 2010-11-10T17:31:11+0000
/project/setuptools-trial/, setuptools_trial, 0.6.0, Setuptools plugin that makes unit tests execute with trial instead of pyunit., 2016-03-21T03:18:08+0000
/project/launchd/, launchd, 0.2.0, pythonic interface for macOS launchd, 2021-03-05T21:56:49+0000
/project/libindic-soundex/, libindic-soundex, 1.0.2, Soundex algorithm implementation for English and Indian languages, 2019-02-09T11:46:54+0000
/project/quixote/, Quixote, 3.3, A small and flexible Python Web application framework, 2021-01-25T22:36:50+0000
/project/gridsync/, gridsync, 0.4.3, Synchronize local directories with Tahoe-LAFS storage grids., 2020-07-25T00:41:46+0000
/project/setuptools-darcs/, setuptools_darcs, 1.2.11, setuptools plugin for darcs, 2010-05-31T03:46:32+0000
/project/txtwitterstream/, txTwitterStream, 0.0.3, A fork of Alexandre Fiori's TwistedTwitterStream Twitter client library for the Twitter Streaming API, 2010-03-18T22:33:08+0000
/project/decode-acc/, decode-acc, 1.1.1, Incrementally decode bytes into strings and lines, 2020-08-31T05:46:18+0000
/project/cf-upgrade/, cf-upgrade, 1.0.2, Trivial AWS CloudFormation updater, 2017-09-04T13:15:54+0000
/project/python-debian/, python-debian, 0.1.39, Debian package related modules, 2020-12-19T01:17:29+0000
/project/rest-toolkit/, rest-toolkit, 0.17, REST toolkit, 2019-01-10T12:44:27+0000
/project/htmlentitiesdecode/, htmlentitiesdecode, 0.1.1, Decode html entities., 2010-08-19T20:10:35+0000
/project/trivval/, trivval, 1.1.0, A library for trivial structure validation, 2021-04-07T17:46:33+0000
/project/pumila/, pumila, 0.1.0, convert images to sound waves, 2011-08-12T19:58:55+0000
/project/pebsaq/, pebsaq, 0.1.0, A poor synthesizer, 2012-06-29T23:38:26+0000
/project/qvikconfig/, qvikconfig, 0.1.1, Read and write simple config files., 2011-02-25T18:37:37+0000
/project/uliengineering/, UliEngineering, 0.3.6, Computational tools for electronics engineering, 2021-04-06T01:07:54+0000
/project/poorconn/, poorconn, 0.1.1, Simulating poor network connections., 2021-02-01T06:17:57+0000
/project/rinse/, rinse, 0.5.0, SOAP client built with lxml and requests., 2020-08-19T23:52:00+0000
/project/xsge-particle/, xsge-particle, 1.0, xSGE Particles, 2020-05-14T22:57:58+0000
/project/uliacceleration/, UliAcceleration, 0.1, Numba-Accelerated tools for signal processing and engineering, 2019-05-09T20:24:40+0000
/project/django-jux/, django-jux, 1.0.2, JUnit-style XML output for Django tests, 2011-09-15T21:14:00+0000
/project/exoskelegram/, exoskelegram, 0.1.0, An X11 key press/release catcher/sender wrapper with abstractions, 2011-10-28T19:34:57+0000
/project/electruth/, electruth, 0.2.0, A collection of boolean logic tools, 2011-02-25T21:37:25+0000
/project/utf8-locale/, utf8-locale, 0.1.1, Detect a UTF-8-capable locale for running programs in., 2021-04-04T21:42:26+0000
/project/elasticluster/, elasticluster, 1.2, A command line tool to create, manage and setup computing clusters hosted on a public or private cloud infrastructure., 2014-10-22T22:48:01+0000
/project/pybitbucket/, pybitbucket, 0.12.0, A Python wrapper for the Bitbucket API, 2016-12-02T23:20:19+0000
/project/pycryptopp/, pycryptopp, 0.7.1.869544967005693312591928092448767568728501330214, Python wrappers for a few algorithms from the Crypto++ library, 2016-02-04T00:03:11+0000
/project/ucl/, ucl, 0.8.1, ucl parser and emmitter, 2018-03-21T15:59:45+0000
/project/alp/, Alp, 0.1.1, Alp time tools, 2010-11-05T20:37:33+0000
/project/sge/, sge, 1.7.1, Seclusion Game Engine (Pygame implementation), 2020-12-17T18:15:04+0000
/project/azure-elasticluster-current/, azure-elasticluster-current, 0.1.dev2, A command line tool to create, manage and setup computing clusters hosted on a public or private cloud infrastructure., 2015-06-30T20:32:55+0000
/project/opencache-controller/, opencache-controller, 0.1.0, Controller for a number of connected OpenCache Nodes., 2015-01-23T01:02:46+0000
/project/mercurial-keyring/, mercurial_keyring, 1.4.1, Mercurial Keyring Extension, 2021-04-21T21:55:14+0000
/project/mercurial-path-pattern/, mercurial_path_pattern, 1.4.2, Mercurial Path Pattern Extension, 2021-01-14T15:29:52+0000
/project/allmydata-tahoe/, allmydata-tahoe, 1.10.2, secure, decentralized, fault-tolerant filesystem, 2015-07-31T02:49:28+0000
/project/jsonutil/, jsonutil, 1.0.3, a wrapper around simplejson which deserializes decimals to Decimal instead of to float, 2010-11-22T20:06:28+0000
/project/z-base-62/, z-base-62, 1.0.5, Please switch to using this package under its new name -- zbase62 -- http://pypi.python.org/pypi/zbase62 ., 2009-05-09T18:28:05+0000
/project/mercurial-update-version/, mercurial_update_version, 1.1.1, Mercurial Update Version Extension, 2020-06-27T22:26:43+0000
/project/opencache-lib/, opencache-lib, 0.1.0, Shared code between the OpenCache Node and Controller., 2015-01-23T01:02:28+0000
/project/pytest-logbook/, pytest-logbook, 1.2.0, py.test plugin to capture logbook log messages, 2015-11-23T18:51:00+0000
/project/inexactsearch/, inexactsearch, 1.0.2, Fuzzy String search algorithm using Soundex for Indian language, 2014-06-01T14:15:49+0000
/project/hy2glsl/, hy2glsl, 0.0.2, , 2020-05-11T22:17:57+0000
/project/xlocale/, xlocale, 1.3.4, , 2018-02-25T22:26:18+0000
/project/alart/, alart, 0.1.1, Generate pseudo-random art, 2011-08-20T18:44:21+0000
/project/setuptools-pyflakes/, setuptools_pyflakes, 1.1.0, setuptools plugin for pyflakes, 2012-07-11T15:30:09+0000
/project/fdeunlock/, fdeunlock, 0.7.1, Check and unlock full disk encrypted systems via ssh, 2017-04-01T08:05:53+0000
/project/mercurial-dynamic-username/, mercurial_dynamic_username, 1.1.1, Mercurial Dynamic Username Extension, 2020-06-27T22:34:26+0000
/project/tahoe-lafs/, tahoe-lafs, 1.15.1, secure, decentralized, fault-tolerant file store, 2021-03-23T21:00:37+0000
/project/libnofi/, libnofi, 1.0-dev, Easy to use package for notes management, 2008-04-02T11:25:30+0000
/project/van-reposync/, van.reposync, 1.0.1, Mirror a pypi-style egg repository from a debian APT repository, 2009-06-15T13:52:33+0000
/project/nbaheadshot/, nbaheadshot, 1.1.3, Download NBA players headshots., 2020-02-26T02:38:07+0000
/project/shadowloss/, shadowloss, 0.1.1, A stickman-oriented game against time, 2011-01-01T14:17:40+0000
/project/xsge-path/, xsge-path, 1.0.2, xSGE Path, 2020-05-14T22:58:30+0000
/project/taillight/, taillight, 0.3b4, An implementation of sigs and slots, with priorities., 2017-10-06T21:40:00+0000
/project/opencache-node/, opencache-node, 0.1.0, Serve cached content in response to a user request., 2015-01-23T01:02:00+0000
/project/storpool-charms-manage/, storpool-charms-manage, 0.1.0, Build, deploy, and configure the StorPool Juju charms, 2018-10-19T07:10:30+0000
/project/bolg/, bolg, 0.1.0, UNKNOWN, 2012-08-21T21:46:04+0000
/project/feature-check/, feature-check, 0.2.1, Query a program for supported features, 2018-11-23T22:18:27+0000
/project/pytest-timeout/, pytest-timeout, 1.4.2, py.test plugin to abort hanging tests, 2020-07-15T19:26:33+0000
/project/yelljfish/, yelljfish, 0.1.0, A pixel-based, potentially pseudo-random image generator, 2011-09-29T10:22:07+0000
/project/envconfig2/, envconfig2, 0.5, envconfig2 makes it easy to read config settings from environment variables, 2018-08-29T02:37:27+0000
/project/wispr/, wispr, 1.0, WISPr command line client, 2015-08-28T16:57:16+0000
/project/z-base-62/, z-base-62, 1.0.5, Please switch to using this package under its new name -- zbase62 -- http://pypi.python.org/pypi/zbase62 ., 2009-05-09T18:28:05+0000
/project/alart/, alart, 0.1.1, Generate pseudo-random art, 2011-08-20T18:44:21+0000
/project/setuptools-pyflakes/, setuptools_pyflakes, 1.1.0, setuptools plugin for pyflakes, 2012-07-11T15:30:09+0000
/project/fdeunlock/, fdeunlock, 0.7.1, Check and unlock full disk encrypted systems via ssh, 2017-04-01T08:05:53+0000
/project/mercurial-dynamic-username/, mercurial_dynamic_username, 1.1.1, Mercurial Dynamic Username Extension, 2020-06-27T22:34:26+0000
/project/tahoe-lafs/, tahoe-lafs, 1.15.1, secure, decentralized, fault-tolerant file store, 2021-03-23T21:00:37+0000
/project/libnofi/, libnofi, 1.0-dev, Easy to use package for notes management, 2008-04-02T11:25:30+0000
/project/van-reposync/, van.reposync, 1.0.1, Mirror a pypi-style egg repository from a debian APT repository, 2009-06-15T13:52:33+0000
/project/nbaheadshot/, nbaheadshot, 1.1.3, Download NBA players headshots., 2020-02-26T02:38:07+0000
/project/shadowloss/, shadowloss, 0.1.1, A stickman-oriented game against time, 2011-01-01T14:17:40+0000
/project/qvikconfig/, qvikconfig, 0.1.1, Read and write simple config files., 2011-02-25T18:37:37+0000
/project/createsend/, createsend, 6.1.2, A library which implements the complete functionality of the Campaign Monitor API., 2021-02-10T03:42:44+0000
/project/fdleakfinder/, fdleakfinder, 0.0.3, helps you figure out why your unix process uses too many file descriptors, 2013-07-23T05:21:09+0000
/project/hy/, hy, 0.20.0, Lisp and Python love each other., 2021-01-25T19:39:57+0000
/project/ostrich/, ostrich, 0.3.9, Python port of the Scala Ostrich library, 2013-06-10T05:51:53+0000
/project/trivver/, trivver, 1.0.1, A library for comparing version strings, 2021-03-30T19:26:38+0000
/project/trivrepr/, trivrepr, 0.1.1, Provide a helper for creating repr() strings, 2019-03-07T12:42:55+0000
/project/ytscraper/, YTScraper, 0.1.1, A command-line tool for downloading .torrent files from YTS., 2020-02-25T10:02:28+0000
/project/kando/, kando, 0.1.0, a simple todo list manager, 2011-08-12T20:40:53+0000
/project/pytest-parawtf/, pytest-parawtf, 1.0.2, Finally spell paramete?ri[sz]e correctly, 2018-12-03T21:37:34+0000
