/project/djangocms-file/, djangocms-file, 3.0.0, Adds file plugin to django CMS, 2020-09-02T13:39:44+0000
/project/djangocms-socialshare/, djangocms-socialshare, 1.0.0.4, , 2020-10-05T14:37:16+0000
/project/unimatrix-ext-octet/, unimatrix.ext.octet, 0.5.3, Enter a description for this Unimatrix package, 2020-12-15T16:07:24+0000
/project/djangocms-icon/, djangocms-icon, 2.0.0, Adds icon plugin to django CMS., 2020-09-02T13:54:02+0000
/project/unimatrix-ext-secrets/, unimatrix.ext.secrets, 0.1.0, Secret Storage, 2021-04-18T15:31:27+0000
/project/djangocms-slick-slider/, djangocms-slick-slider, 1.0.5, A Django CMS Slider Plugin with Slick, 2021-02-13T17:43:15+0000
/project/djangocms-history/, djangocms-history, 2.0.0, Adds undo/redo functionality to django CMS, 2020-09-02T14:02:41+0000
/project/djangocms-googlemap/, djangocms-googlemap, 2.0.0, Adds Google Maps plugins to django CMS., 2020-09-02T13:47:12+0000
/project/neoricalex/, neoricalex, 0.0.1, A small example package, 2020-03-22T23:56:52+0000
/project/djangocms-youtube-lazyload/, djangocms-youtube-lazyload, 1.0.7, DjangoCMS YouTube video embed plugin with minimal impact, 2021-02-18T23:41:14+0000
/project/django-filer/, django-filer, 2.0.2, A file management application for django that makes handling of files and images a breeze., 2020-09-10T19:05:51+0000
/project/djangocms-admin-style/, djangocms-admin-style, 2.0.2, Adds pretty CSS styles for the django CMS admin interface., 2020-11-24T14:21:42+0000
/project/django-verify-email/, Django-Verify-Email, 1.0.6, A Django app for email verification., 2021-04-24T11:30:52+0000
/project/djangocms-video/, djangocms-video, 3.0.0, Adds video plugin to django CMS., 2020-09-02T14:00:06+0000
/project/djangocms-equation/, djangocms-equation, 0.2.2, DjangoCMS plugin to write equations, utilizing KaTeX, 2021-03-29T17:38:01+0000
/project/djangocms-style/, djangocms-style, 3.0.0, Adds style plugin to django CMS, 2020-09-02T13:57:40+0000
/project/djangocms-attributes-field/, djangocms-attributes-field, 2.0.0, Adds attributes to Django models., 2020-09-02T13:28:29+0000
/project/djangocms-modules/, djangocms-modules, 1.0.0, Adds copy/paste capabilities to groups of plugins, 2020-09-02T13:58:54+0000
/project/djangocms-audio/, djangocms-audio, 2.0.0, Adds audio plugin to django CMS., 2020-09-02T13:44:54+0000
/project/djangocms-bootstrap4/, djangocms-bootstrap4, 2.0.0, Adds Bootstrap 4 components as plugins., 2020-09-02T14:01:59+0000
/project/paipage/, PaiPage, 1.0.3, A small Python library to deal with big tables, 2020-11-09T20:24:43+0000
/project/djangocms-picture/, djangocms-picture, 3.0.0, Adds an image plugin to django CMS, 2020-09-02T14:00:43+0000
/project/djangocms-text-ckeditor/, djangocms-text-ckeditor, 4.0.0, Text Plugin for django CMS with CKEditor support, 2020-09-15T08:44:10+0000
/project/iam-ext-idc/, iam.ext.idc, 0.1.10, Provides a framework to consume identities., 2020-09-27T01:12:48+0000
/project/djangocms-bootstrap4/, djangocms-bootstrap4, 2.0.0, Adds Bootstrap 4 components as plugins., 2020-09-02T14:01:59+0000
/project/djangocms-transfer/, djangocms-transfer, 1.0.0, Adds import and export of plugin data., 2020-09-02T13:59:28+0000
/project/djangocms-scrape-google-photos-album/, djangocms-scrape-google-photos-album, 0.0.2, django-cms plugin to scrape a Google Photos public album link for photo urls., 2019-12-18T09:13:55+0000
/project/unimatrix/, unimatrix, 0.7.0, Unimatrix Core, 2021-04-17T15:06:57+0000
/project/djangocms-audio/, djangocms-audio, 2.0.0, Adds audio plugin to django CMS., 2020-09-02T13:44:54+0000
/project/python-ioc/, python-ioc, 1.5.5, Enter a description for this Unimatrix package, 2021-02-18T14:57:07+0000
/project/aldryn-addons/, aldryn-addons, 2.0.1, Aldryn Addons Framework, 2020-09-16T11:34:36+0000
/project/djangocms-snippet/, djangocms-snippet, 3.0.0, Adds snippet plugin to django CMS., 2020-09-02T13:58:23+0000
/project/unimatrix-ext-orm/, unimatrix.ext.orm, 0.4.7, Unimatrix ORM, 2020-12-30T22:46:59+0000
/project/djangocms-socialshare/, djangocms-socialshare, 1.0.0.4, , 2020-10-05T14:37:16+0000
/project/unimatrix-ext-octet/, unimatrix.ext.octet, 0.5.3, Enter a description for this Unimatrix package, 2020-12-15T16:07:24+0000
/project/djangocms-icon/, djangocms-icon, 2.0.0, Adds icon plugin to django CMS., 2020-09-02T13:54:02+0000
/project/unimatrix-ext-secrets/, unimatrix.ext.secrets, 0.1.0, Secret Storage, 2021-04-18T15:31:27+0000
/project/djangocms-slick-slider/, djangocms-slick-slider, 1.0.5, A Django CMS Slider Plugin with Slick, 2021-02-13T17:43:15+0000
/project/djangocms-file/, djangocms-file, 3.0.0, Adds file plugin to django CMS, 2020-09-02T13:39:44+0000
/project/djangocms-video/, djangocms-video, 3.0.0, Adds video plugin to django CMS., 2020-09-02T14:00:06+0000
/project/djangocms-equation/, djangocms-equation, 0.2.2, DjangoCMS plugin to write equations, utilizing KaTeX, 2021-03-29T17:38:01+0000
/project/neoricalex/, neoricalex, 0.0.1, A small example package, 2020-03-22T23:56:52+0000
/project/djangocms-attributes-field/, djangocms-attributes-field, 2.0.0, Adds attributes to Django models., 2020-09-02T13:28:29+0000
/project/djangocms-admin-style/, djangocms-admin-style, 2.0.2, Adds pretty CSS styles for the django CMS admin interface., 2020-11-24T14:21:42+0000
/project/django-verify-email/, Django-Verify-Email, 1.0.6, A Django app for email verification., 2021-04-24T11:30:52+0000
/project/djangocms-history/, djangocms-history, 2.0.0, Adds undo/redo functionality to django CMS, 2020-09-02T14:02:41+0000
/project/djangocms-googlemap/, djangocms-googlemap, 2.0.0, Adds Google Maps plugins to django CMS., 2020-09-02T13:47:12+0000
/project/djangocms-style/, djangocms-style, 3.0.0, Adds style plugin to django CMS, 2020-09-02T13:57:40+0000
/project/djangocms-youtube-lazyload/, djangocms-youtube-lazyload, 1.0.7, DjangoCMS YouTube video embed plugin with minimal impact, 2021-02-18T23:41:14+0000
/project/django-filer/, django-filer, 2.0.2, A file management application for django that makes handling of files and images a breeze., 2020-09-10T19:05:51+0000
/project/djangocms-modules/, djangocms-modules, 1.0.0, Adds copy/paste capabilities to groups of plugins, 2020-09-02T13:58:54+0000
/project/python-ioc/, python-ioc, 1.5.5, Enter a description for this Unimatrix package, 2021-02-18T14:57:07+0000
/project/aldryn-addons/, aldryn-addons, 2.0.1, Aldryn Addons Framework, 2020-09-16T11:34:36+0000
/project/paipage/, PaiPage, 1.0.3, A small Python library to deal with big tables, 2020-11-09T20:24:43+0000
/project/djangocms-picture/, djangocms-picture, 3.0.0, Adds an image plugin to django CMS, 2020-09-02T14:00:43+0000
/project/djangocms-text-ckeditor/, djangocms-text-ckeditor, 4.0.0, Text Plugin for django CMS with CKEditor support, 2020-09-15T08:44:10+0000
/project/iam-ext-idc/, iam.ext.idc, 0.1.10, Provides a framework to consume identities., 2020-09-27T01:12:48+0000
/project/djangocms-bootstrap4/, djangocms-bootstrap4, 2.0.0, Adds Bootstrap 4 components as plugins., 2020-09-02T14:01:59+0000
/project/djangocms-transfer/, djangocms-transfer, 1.0.0, Adds import and export of plugin data., 2020-09-02T13:59:28+0000
/project/djangocms-scrape-google-photos-album/, djangocms-scrape-google-photos-album, 0.0.2, django-cms plugin to scrape a Google Photos public album link for photo urls., 2019-12-18T09:13:55+0000
/project/unimatrix/, unimatrix, 0.7.0, Unimatrix Core, 2021-04-17T15:06:57+0000
/project/djangocms-audio/, djangocms-audio, 2.0.0, Adds audio plugin to django CMS., 2020-09-02T13:44:54+0000
/project/python-ioc/, python-ioc, 1.5.5, Enter a description for this Unimatrix package, 2021-02-18T14:57:07+0000
/project/aldryn-addons/, aldryn-addons, 2.0.1, Aldryn Addons Framework, 2020-09-16T11:34:36+0000
/project/djangocms-snippet/, djangocms-snippet, 3.0.0, Adds snippet plugin to django CMS., 2020-09-02T13:58:23+0000
/project/unimatrix-ext-orm/, unimatrix.ext.orm, 0.4.7, Unimatrix ORM, 2020-12-30T22:46:59+0000
