/project/minfraud/, minfraud, 2.3.1, MaxMind minFraud Score, Insights, Factors and Report Transactions API, 2021-02-12T18:00:51+0000
/project/oauth-proxy/, oauth-proxy, 1.0.5, OAuth HTTP proxy, 2013-09-27T05:04:29+0000
/project/nbsocks/, nbsocks, 2.9.1, A fast tunnel proxy that help you get through firewalls, 2017-02-04T17:13:58+0000
/project/maxminddb/, maxminddb, 2.0.3, Reader for the MaxMind DB format, 2020-10-16T21:29:11+0000
/project/hroute/, hroute, 0.2.0, HTTP router, 2011-05-05T21:46:42+0000
/project/crumb-py/, crumb.py, 0.5, Generate TTL based self expiring crumbs (token)., 2014-04-29T05:23:51+0000
/project/django-revproxy/, django-revproxy, 0.10.0, Yet another Django reverse proxy application., 2020-02-04T19:55:10+0000
/project/ssrcli/, ssrcli, 3.1.2, SSR management client with shell interface, 2019-11-30T10:26:40+0000
/project/hass-uniocloud/, hass-uniocloud, 0.1.3, Home Assistant cloud integration by UNIO Smart Home, 2021-04-02T08:42:45+0000
/project/tukey-middleware/, tukey-middleware, 0.2, Tukey Cloud Console Middleware., 2012-11-11T18:31:43+0000
/project/thor/, thor, 0.8.5, Simple Event-Driven IO for Python, 2020-10-28T07:53:30+0000
/project/ocspd/, ocspd, 0.1, Daemon for updating OCSP staples, 2017-11-03T09:25:39+0000
/project/django-proxylist/, django-proxylist, 0.1.0, Proxy-list management application for Django, 2013-01-01T01:45:54+0000
/project/bayrell-aio/, bayrell-aio, 0.2, Async io library for Bayrell Web Application Server, 2016-06-08T12:51:04+0000
/project/immureii/, immureii, 0.42.10, Immure Iniquitous Intent, 2021-03-22T23:10:15+0000
/project/behvpn/, behvpn, 2.3.2, A fast tunnel proxy that help you get through firewalls, 2020-04-02T17:55:23+0000
/project/wiznote-cli/, wiznote-cli, 0.0.5, The command client of WizNote, 2021-03-24T15:40:18+0000
/project/pywb/, pywb, 2.5.0, Pywb Webrecorder web archive replay and capture tools, 2021-01-27T06:48:02+0000
/project/carml/, carml, 20.0.0, A command-line tool to query and control a running Tor. Based on txtorcon + Twisted., 2020-04-15T17:06:09+0000
/project/xslproxy/, xslproxy, 1.0.1, Xsl transforming reverse proxy based on twisted, 2020-11-23T14:07:54+0000
/project/pywayback/, pywayback, 0.10.9.1, Python WayBack for web archive replay and live web proxy, 2015-10-21T22:32:29+0000
/project/warp-proxy/, warp-proxy, 0.1.1, Simple http transparent proxy made in Python 3.4, 2014-06-17T13:15:08+0000
/project/shadowsocks-py/, shadowsocks-py, 2.9.1, A fast tunnel proxy that help you get through firewalls, the original pypi source is not maintained since version 2.8.2, this is a newly maintained pypi source by SilverLining., 2017-07-17T07:41:33+0000
/project/zato-vault-client/, zato-vault-client, 1.4, A convenience Vault client for Zato-related projects, 2019-06-05T13:08:09+0000
/project/proxy-manager-g4/, proxy-manager-g4, 1.0.5, Proxy Manager, 2021-04-08T04:09:46+0000
/project/restpi/, restpi, 0.1, Nifty Library written in Python for controlling Raspberry Pi based devices remotely., 2016-04-07T23:34:34+0000
/project/simplegeoip/, simplegeoip, 0.2.0, Shell script and module for easy geoip lookups., 2019-09-22T14:45:00+0000
/project/squidpeek/, squidpeek, 1.5.1, Per-URL Squid logfile metrics, 2013-07-01T23:36:02+0000
/project/sshproxy/, sshproxy, 0.6.0-beta0, pure python implementation of an ssh proxy, 2007-12-09T23:18:05+0000
/project/px-proxy/, px-proxy, 0.4.0, An HTTP proxy server to automatically authenticate through an NTLM proxy, 2018-09-05T03:25:19+0000
/project/mapproxy/, MapProxy, 1.13.0, An accelerating proxy for tile and web map services, 2020-11-19T09:23:10+0000
/project/bethel-clustermgmt/, bethel.clustermgmt, 1.0, Zope Cluster Management facilities, 2012-05-29T16:20:12+0000
/project/sovereign/, sovereign, 0.9.7, Envoy Proxy control-plane written in Python, 2021-03-12T03:23:51+0000
/project/hapctl/, hapctl, 1.0.0, Communicating with the HAProxy Control Socket, 2016-02-15T20:01:09+0000
/project/receptacle/, receptacle, 0.4, An O-O P2P RPC protocol and application framework., 2014-06-05T16:54:13+0000
/project/socksio/, socksio, 1.0.0, Sans-I/O implementation of SOCKS4, SOCKS4A, and SOCKS5., 2020-04-17T15:50:31+0000
/project/quickcerts/, quickcerts, 1.0.1, Quick and easy X.509 certificate generator for SSL/TLS utilizing local PKI, 2020-08-09T23:38:14+0000
/project/shadowsocks-c/, shadowsocks-c, 2.8.2, shadowsocks clone with linux pluggable congestion control support, 2015-08-12T02:06:48+0000
/project/esfrontline/, esFrontLine, 2.11.18154, Limit restful requests to backend ElasticSearch cluster:  Queries only., 2018-06-03T22:47:21+0000
/project/ballade/, ballade, 0.97.6, A light weight http proxy based on tornado and an upstream proxy switcher using SwitchyOmega rules, 2016-08-29T08:43:36+0000
/project/3xsd/, 3xsd, 0.0.26, 3xsd is a native epoll server serving TCP/UDP connections, a high performance static web server, a failover dns server, a http-based distributed file server, a load-balance proxy-cache server, and a warp-drive server. Written in python, take the full power of multi-cores., 2016-10-29T06:32:20+0000
/project/trparse/, trparse, 0.3.0, Traceroute parser, 2019-05-26T16:38:05+0000
/project/plone-recipe-varnish/, plone.recipe.varnish, 2.3.0, Build and/or configure Varnish Cache with zc.buildout, 2019-03-26T22:04:46+0000
/project/sec-wall/, sec-wall, 1.2, A feature packed security proxy, 2013-05-18T12:27:59+0000
/project/haproxyctl/, haproxyctl, 0.2, HAProxy control tool, 2013-05-08T21:41:08+0000
/project/pymultitor/, PyMultitor, 3.1.0, PyMultitor - Never Stop Even If Your IP Dropped., 2019-12-06T14:59:54+0000
/project/tord/, tord, 0.4.0, Asynchronous Websocket + Pubsub based web framework built over Tornado, Redis, ZMQ, SockJS, 2014-05-19T04:43:43+0000
/project/ceptacle/, ceptacle, 0.4, An O-O P2P RPC protocol and application framework., 2014-06-08T21:45:45+0000
/project/erebo/, erebo, 1.1.23, Erebo is a VPN like a Proxy, 2019-11-05T10:03:35+0000
/project/proxyenv/, proxyenv, 0.5.1, Create HTTP proxy environment using docker, 2016-05-03T12:16:29+0000
/project/save-thread-result/, save-thread-result, 0.0.6, Simple subclass wrapper around `threading.Thread` to get the return value from a thread in python (from `threading` built-in module in Python Standard library). Exact same interface for creating an instance of this threading sublcass as `threading.Thread`!, 2021-02-08T00:27:52+0000
/project/netaddr/, netaddr, 0.8.0, A network address manipulation library for Python, 2020-07-03T14:43:37+0000
/project/mtproxy/, MTProxy, 0.1.3, Async Python MTProto Proxy, 2019-06-20T19:02:58+0000
/project/scrapy-webshare/, scrapy-webshare, 0.1.0, Webshare middleware for Scrapy, 2019-03-06T20:23:29+0000
/project/proxyterminator/, ProxyTerminator, 1.4, network Terminator terminal, 2019-05-09T09:58:33+0000
/project/arkcserver/, arkcserver, 0.3.1, A lightweight proxy designed to be proof to IP blocking measures, 2016-03-19T16:07:54+0000
/project/proxy-negotiate/, Proxy-Negotiate, 1.0.0, HTTP Negotiate proxy authentication support for applications., 2016-12-05T11:47:47+0000
/project/winproxy/, winproxy, 0.3.0a1, A Proxy Selection Tool for Windows, 2016-01-18T19:25:10+0000
/project/maproxy/, maproxy, 0.0.12, My first attempt to create a simple and awesome TCP proxy using Tornado, 2014-07-02T04:07:09+0000
/project/pymtproxy/, PyMTProxy, 0.0.1.dev1, MTProto Proxy server, 2018-05-27T22:57:34+0000
/project/scrapy-headless/, scrapy-headless, 0.0.1, Download Handler for using Scrapy with headless browsers, 2020-02-11T13:56:05+0000
/project/zato-enclog/, zato-enclog, 1.0.7, Encrypted logger reusable in any Python application, 2018-09-06T14:06:34+0000
/project/mageserver/, mageserver, 1.0.3, A fast tunnel proxy that help you get through firewalls, 2020-07-18T12:35:56+0000
/project/keyfree/, keyfree, 1.0.0, An authentication proxy for Amazon Elasticsearch Service, 2016-11-13T13:47:00+0000
/project/pysocks5-async/, pysocks5-async, 0.1, Easily extensible async SOCKS5 server., 2019-06-04T10:18:56+0000
/project/wormhole-proxy/, wormhole-proxy, 2.0.4, Asynchronous I/O HTTP and HTTPS Proxy on Python 3.5, 2018-07-15T17:32:16+0000
/project/inside-out-proxy/, inside-out-proxy, 190126, HTTP Proxy, 2019-01-15T00:20:29+0000
/project/hass-nabucasa/, hass-nabucasa, 0.43.0, Home Assistant cloud integration by Nabu Casa, Inc., 2021-04-09T19:59:11+0000
/project/proximate/, Proximate, 0.1.1, Simple HTTP Reverse Proxy that aggregates multiple hosts into a unified namespace, 2013-12-05T06:17:32+0000
/project/foxyproxy/, foxyproxy, 2.10.0, TCP/RESTful proxy for Cloud Foxy - cloud platform for smart cards, 2019-10-30T19:24:00+0000
/project/zato-websocket-client/, zato-websocket-client, 1.6.1, A convenience WebSocket Python client for Zato services, 2017-08-02T16:32:46+0000
/project/sstp-server/, sstp-server, 0.6.0, Secure Socket Tunneling Protocol (SSTP) VPN server., 2021-01-30T18:39:14+0000
/project/flask-github-proxy/, flask_github_proxy, 0.0.2, Plugin to build services to push data from a website to github with PullRequests confirmation, 2017-01-19T14:29:49+0000
/project/laracrypt/, laracrypt, 1.0.1, Laravel-compatible two-way encryption, 2016-02-22T02:13:26+0000
/project/python-stingray/, python-stingray, 0.1.1, Stingray Load Balancer REST API client module, 2018-08-15T19:53:26+0000
/project/scrapy-crawlera/, scrapy-crawlera, 1.7.2, Crawlera middleware for Scrapy, 2020-12-01T14:24:13+0000
/project/wstan/, wstan, 0.4.1, Tunneling TCP in WebSocket, 2020-10-15T15:37:54+0000
/project/sunshinesocks/, sunshinesocks, 0.1.0, A fast and modern tunnel proxy that help you., 2018-09-18T13:33:15+0000
/project/zdairi/, zdairi, 0.7.3, Zeppelin CLI tool for wrapper zeppelin REST API, 2017-04-24T07:28:27+0000
/project/proxybroker/, proxybroker, 0.3.2, [Finder/Checker/Server] Finds public proxies from multiple sources and concurrently checks them. Supports HTTP(S) and SOCKS4/5., 2019-03-12T19:47:46+0000
/project/ss-quick/, ss-quick, 0.0.2, A tool loading gui-config.json for ss-local, 2019-11-12T15:34:21+0000
/project/pytorify/, pyTorify, 1.0, Torify python scripts, 2016-09-29T09:42:47+0000
/project/curryproxy/, curryproxy, 1.1.2, A proxy and aggregator for querying multiple instances of an API spread across globally distributed data centers., 2015-11-20T21:19:32+0000
/project/grey-harvest/, grey_harvest, 0.1.5, Generate lists of free, reliable http(s) proxies., 2016-04-20T19:31:13+0000
/project/torrent/, torrent, 0.0.0.2, python data scharing, 2020-12-23T12:58:35+0000
/project/plone-recipe-squid/, plone.recipe.squid, 1.0b1, Buildout recipe to install squid, 2008-04-15T04:54:22+0000
/project/libspy/, libspy, 0.0.2, A api and minimal server of ss, 2020-02-15T15:02:11+0000
/project/simpledns/, simpledns, 0.1.4, A lightweight yet useful proxy DNS server, 2015-11-23T05:37:34+0000
/project/wsgiunproxy/, WsgiUnproxy, 1.0, Unproxy WSGI middleware, 2011-08-18T14:24:26+0000
/project/django-cachepurge/, django-cachepurge, 0.3, Django Middleware and utilities that send "PURGE" request to an upstream cache, 2011-04-01T13:04:22+0000
/project/neehi/, neehi, 2.0.1, A Python SOCKS module., 2013-05-16T14:01:10+0000
/project/hookee/, hookee, 2.0.6, Command line webhooks, on demand., 2021-03-08T18:38:14+0000
/project/headspin-cli/, headspin-cli, 0.4.3, HeadSpin platform command-line interface, 2017-10-13T01:39:35+0000
/project/bonzo/, bonzo, 0.1.2, Bonzo is a minimalistic SMTP Proxy built on top of Tornado., 2014-02-05T01:54:00+0000
/project/p2whois/, p2whois, 0.5, Proxy to Prefix WhoIs, 2015-12-08T16:54:13+0000
/project/cproxy/, CProxy, 0.1a1, A HTTP/HTTPS Caching Proxy, 2019-04-08T01:15:47+0000
/project/package-cache/, package-cache, 0.2, A caching proxy for package downloads, 2014-02-22T03:15:16+0000
/project/iw-recipe-squid/, iw.recipe.squid, 1.0, ZC buildout recipe to configure an squid proxy for zope, 2010-02-26T10:46:02+0000
/project/forwarder/, forwarder, 0.12.35, forwarder a raw socket proxy with optional SSL/TLS termination and trace capability, 2020-01-26T08:25:09+0000
/project/http-server-base/, http-server-base, 2.0.5, Library for simple HTTP server & REST HTTP server base based on Tornado. Includes: Logging requests and responses with Request Id; Configuration loading; Methods for requests proxying, 2020-10-28T12:49:38+0000
/project/tproxy/, tproxy, 0.5.4, WSGI HTTP Server for UNIX, 2011-05-11T17:04:46+0000
/project/camo-client/, camo-client, 0.1.0, A python client for Github's Camo image proxy, 2014-02-10T19:42:07+0000
/project/aws-es-auth-proxy/, aws-es-auth-proxy, 0.1.5, A simple HTTP proxy to authenticato to AWS Elasticsearch cluster., 2016-07-29T20:53:02+0000
/project/pryvate/, pryvate, 1.0.0, Private PyPi proxy and repository, 2015-02-23T07:14:31+0000
/project/shadowdns/, shadowdns, 0.1.3, A DNS forwarder using Shadowsocks as the server, 2014-06-13T05:09:55+0000
/project/multicerti/, multicerti, 0.3.0, Quickly obtain or renew Letsencrypt ssl certificates for multiple domains. Automatically configure Nginx as a https frontend and http reverse proxy for these., 2020-12-20T13:24:13+0000
/project/ptadapter/, ptadapter, 3.0.0, Pluggable Transports Python interface & standalone tunnels, 2020-12-09T04:06:51+0000
/project/bigbluebutton2/, bigbluebutton2, 0.1a9, Sophisticated Python client library for BigBlueButton™ with Django integration, 2020-10-12T12:55:05+0000
/project/zion/, zion, 0.0.1, vpn over dns, 2014-07-15T14:08:28+0000
/project/mitmproxy-escher/, mitmproxy-escher, 1.0.0, Sign mitmproxy requests with Escher, 2018-02-23T20:09:31+0000
/project/log-everywhere/, log-everywhere, 0.0.1, Logging package to enable writing all program information with corresponding datetime to multiple, DIFFERENT files safely when running multiple threads (multi-threading)., 2021-01-14T08:20:05+0000
/project/swaggerjmx/, swaggerjmx, 1.0.8, swagger convert jmx, 2021-04-02T02:52:34+0000
/project/captcha-harvester/, captcha-harvester, 2.1.1, Solve captchas yourself without having to pay for services like 2captcha for use in automated projects., 2020-08-27T03:30:17+0000
/project/firefox-secure-proxy/, firefox-secure-proxy, 1.1.0, Standalone wrapper for Firefox Secure Proxy, 2019-11-19T17:55:19+0000
/project/pyngrok/, pyngrok, 5.0.5, A Python wrapper for ngrok., 2021-03-26T01:04:59+0000
/project/socks-uds/, socks-uds, 1.2, Socks over Unix Domain Socket, 2021-04-11T06:30:59+0000
/project/opp-net/, opp-net, 0.1.0, Open Peer Power cloud integration, 2021-03-10T13:57:03+0000
/project/pr0cks/, pr0cks, 0.2.1, Transparent proxy in python, 2020-06-01T21:53:13+0000
/project/zato-apimox/, zato-apimox, 1.3, Zato API Mox - Human Friendly HTTP and ZeroMQ mocks, 2015-11-29T15:53:13+0000
/project/webcrystal/, webcrystal, 1.0.1, A website archival tool and format., 2016-04-18T06:04:16+0000
/project/rikka/, rikka, 1.0, Expose localhost to public Internet, 2018-09-04T14:20:52+0000
/project/arkcclient/, arkcclient, 0.3.1, A lightweight proxy designed to be proof to IP blocking measures, 2016-03-19T16:07:16+0000
/project/afpproxy/, afpproxy, 0.1.2, proxy for the AFP (AppleShare) protocol, 2016-02-05T18:31:02+0000
/project/django-proxylist-for-grab/, django-proxylist-for-grab, 0.5.1, Proxy-list management application for Django, 2014-12-16T20:03:06+0000
/project/geoip2/, geoip2, 4.1.0, MaxMind GeoIP2 API, 2020-09-25T15:56:49+0000
/project/warcprox/, warcprox, 2.4.17, WARC writing MITM HTTP/S proxy, 2019-07-26T21:04:26+0000
/project/socksproxy/, socksproxy, 0.1, SOCKS4/5 proxy with SSH support., 2009-12-09T19:43:59+0000
/project/fallixy/, fallixy, 0.18.5, (Fallible version with extras)An interactive, MITM HTTP proxy for penetration testers and software developers., 2018-08-16T11:45:01+0000
/project/incapsula/, incapsula, 0.7.5, A python module for using the Incapsula API, 2020-09-03T21:46:22+0000
/project/nuttssh/, nuttssh, 0.2, SSH switchboard for internally patching forwarded ports, 2019-01-31T16:28:22+0000
/project/shadowsocksr-cli/, shadowsocksr-cli, 2.1.2, The command client of shadowsocksr, 2021-04-22T12:09:09+0000
/project/netaddr2/, netaddr2, 0.7.19, A network address manipulation library for Python, 2020-05-22T10:27:13+0000
/project/dock2/, Dock2, 0.1.0, Simple wrapper for interacting with h2cs drivers (HTTP2 ClearText), 2020-09-12T22:08:57+0000
/project/tmdaretro/, TMDAretro, 1.1.13.20190604.0, The Tagged Message Delivery Agent (TMDA) is a set of anti-spam measures, including white-listing, black-listing, challenge-response, and tagged addresses., 2019-06-04T02:25:26+0000
/project/garbevents/, garbevents, 2.0.3, grabbing buried points, 2021-03-02T01:18:54+0000
/project/tmdang/, TMDAng, 1.0.3, The Tagged Message Delivery Agent (TMDA) is a set of anti-spam measures, including white-listing, black-listing,challenge-response, and tagged addresses, 2015-08-18T04:00:31+0000
/project/proxysix/, proxysix, 1.0.0a4, API wrapper for Proxy6, 2019-08-29T04:40:25+0000
/project/pentacle/, pentacle, 0.4, An O-O P2P RPC protocol and application framework., 2012-01-18T18:51:58+0000
/project/exifproxy/, exifproxy, 1.0.1, Metadata extraction reverse proxy based on twisted and exiftool, 2020-11-22T12:05:26+0000
/project/kdcproxy/, kdcproxy, 1.0.0, A kerberos KDC HTTP proxy WSGI module., 2020-12-08T18:11:45+0000
/project/gns3-proxy/, gns3-proxy, 0.8, GNS3 Proxy based on proxy.py by Abhinav Singh (https://github.com/abhinavsingh/proxy.py), 2020-12-29T22:28:53+0000
/project/furion/, furion, 1.5.1, A socks5 proxy with ssl support, 2020-07-15T17:02:54+0000
/project/proxy-py/, proxy.py, 2.3.1, ⚡⚡⚡Fast, Lightweight, Pluggable, TLS interception capable proxy server focused on Network monitoring, controls & Application development, testing, debugging., 2021-01-10T16:59:31+0000
/project/shadowsocks-valoroso/, shadowsocks-valoroso, 3.0.7, A fast tunnel proxy that help you get through firewalls, 2018-07-31T07:12:14+0000
/project/bayrell/, bayrell, 0.2, Bayrell Web Application Server, 2016-06-08T12:44:48+0000
/project/aws-acl-helper/, aws-acl-helper, 1.1.0, Squid external ACL helper that allows use of AWS instance metadata, 2019-05-22T20:17:13+0000
/project/pyekonlib/, pyekonlib, 0.3, Server and client modules for Ekon/Connect/Airconet+, 2021-01-09T20:47:59+0000
/project/fritm/, fritm, 0.4.1, Minimalist and cross-platform network reverse engineering framework, 2020-05-02T20:30:42+0000
/project/mitmproxy/, mitmproxy, 6.0.2, An interactive, SSL/TLS-capable intercepting proxy for HTTP/1, HTTP/2, and WebSockets., 2020-12-15T16:49:54+0000
/project/janitor/, Janitor, 0.1.1, Simple HTTP Server behind the OAuth, 2013-07-15T04:04:34+0000
/project/warcprox/, warcprox, 2.4.17, WARC writing MITM HTTP/S proxy, 2019-07-26T21:04:26+0000
/project/incapsula/, incapsula, 0.7.5, A python module for using the Incapsula API, 2020-09-03T21:46:22+0000
/project/zato-apimox/, zato-apimox, 1.3, Zato API Mox - Human Friendly HTTP and ZeroMQ mocks, 2015-11-29T15:53:13+0000
/project/webcrystal/, webcrystal, 1.0.1, A website archival tool and format., 2016-04-18T06:04:16+0000
/project/rikka/, rikka, 1.0, Expose localhost to public Internet, 2018-09-04T14:20:52+0000
/project/arkcclient/, arkcclient, 0.3.1, A lightweight proxy designed to be proof to IP blocking measures, 2016-03-19T16:07:16+0000
/project/afpproxy/, afpproxy, 0.1.2, proxy for the AFP (AppleShare) protocol, 2016-02-05T18:31:02+0000
/project/django-proxylist-for-grab/, django-proxylist-for-grab, 0.5.1, Proxy-list management application for Django, 2014-12-16T20:03:06+0000
/project/geoip2/, geoip2, 4.1.0, MaxMind GeoIP2 API, 2020-09-25T15:56:49+0000
/project/ptadapter/, ptadapter, 3.0.0, Pluggable Transports Python interface & standalone tunnels, 2020-12-09T04:06:51+0000
/project/bigbluebutton2/, bigbluebutton2, 0.1a9, Sophisticated Python client library for BigBlueButton™ with Django integration, 2020-10-12T12:55:05+0000
/project/zion/, zion, 0.0.1, vpn over dns, 2014-07-15T14:08:28+0000
/project/mitmproxy-escher/, mitmproxy-escher, 1.0.0, Sign mitmproxy requests with Escher, 2018-02-23T20:09:31+0000
/project/log-everywhere/, log-everywhere, 0.0.1, Logging package to enable writing all program information with corresponding datetime to multiple, DIFFERENT files safely when running multiple threads (multi-threading)., 2021-01-14T08:20:05+0000
/project/swaggerjmx/, swaggerjmx, 1.0.8, swagger convert jmx, 2021-04-02T02:52:34+0000
/project/captcha-harvester/, captcha-harvester, 2.1.1, Solve captchas yourself without having to pay for services like 2captcha for use in automated projects., 2020-08-27T03:30:17+0000
/project/spoof/, spoof, 1.5.1, HTTP server for testing environments, 2021-04-10T23:49:58+0000
/project/minfraud/, minfraud, 2.3.1, MaxMind minFraud Score, Insights, Factors and Report Transactions API, 2021-02-12T18:00:51+0000
/project/oauth-proxy/, oauth-proxy, 1.0.5, OAuth HTTP proxy, 2013-09-27T05:04:29+0000
/project/nbsocks/, nbsocks, 2.9.1, A fast tunnel proxy that help you get through firewalls, 2017-02-04T17:13:58+0000
/project/maxminddb/, maxminddb, 2.0.3, Reader for the MaxMind DB format, 2020-10-16T21:29:11+0000
/project/crumb-py/, crumb.py, 0.5, Generate TTL based self expiring crumbs (token)., 2014-04-29T05:23:51+0000
/project/django-revproxy/, django-revproxy, 0.10.0, Yet another Django reverse proxy application., 2020-02-04T19:55:10+0000
/project/ssrcli/, ssrcli, 3.1.2, SSR management client with shell interface, 2019-11-30T10:26:40+0000
/project/hass-uniocloud/, hass-uniocloud, 0.1.3, Home Assistant cloud integration by UNIO Smart Home, 2021-04-02T08:42:45+0000
/project/tukey-middleware/, tukey-middleware, 0.2, Tukey Cloud Console Middleware., 2012-11-11T18:31:43+0000
/project/thor/, thor, 0.8.5, Simple Event-Driven IO for Python, 2020-10-28T07:53:30+0000
/project/ocspd/, ocspd, 0.1, Daemon for updating OCSP staples, 2017-11-03T09:25:39+0000
/project/django-proxylist/, django-proxylist, 0.1.0, Proxy-list management application for Django, 2013-01-01T01:45:54+0000
/project/bayrell-aio/, bayrell-aio, 0.2, Async io library for Bayrell Web Application Server, 2016-06-08T12:51:04+0000
/project/immureii/, immureii, 0.42.10, Immure Iniquitous Intent, 2021-03-22T23:10:15+0000
/project/behvpn/, behvpn, 2.3.2, A fast tunnel proxy that help you get through firewalls, 2020-04-02T17:55:23+0000
/project/warp-proxy/, warp-proxy, 0.1.1, Simple http transparent proxy made in Python 3.4, 2014-06-17T13:15:08+0000
/project/shadowsocks-py/, shadowsocks-py, 2.9.1, A fast tunnel proxy that help you get through firewalls, the original pypi source is not maintained since version 2.8.2, this is a newly maintained pypi source by SilverLining., 2017-07-17T07:41:33+0000
/project/zato-vault-client/, zato-vault-client, 1.4, A convenience Vault client for Zato-related projects, 2019-06-05T13:08:09+0000
/project/pywayback/, pywayback, 0.10.9.1, Python WayBack for web archive replay and live web proxy, 2015-10-21T22:32:29+0000
/project/hroute/, hroute, 0.2.0, HTTP router, 2011-05-05T21:46:42+0000
/project/spoof/, spoof, 1.5.1, HTTP server for testing environments, 2021-04-10T23:49:58+0000
/project/proxy-manager-g4/, proxy-manager-g4, 1.0.5, Proxy Manager, 2021-04-08T04:09:46+0000
/project/restpi/, restpi, 0.1, Nifty Library written in Python for controlling Raspberry Pi based devices remotely., 2016-04-07T23:34:34+0000
/project/wiznote-cli/, wiznote-cli, 0.0.5, The command client of WizNote, 2021-03-24T15:40:18+0000
/project/pywb/, pywb, 2.5.0, Pywb Webrecorder web archive replay and capture tools, 2021-01-27T06:48:02+0000
/project/carml/, carml, 20.0.0, A command-line tool to query and control a running Tor. Based on txtorcon + Twisted., 2020-04-15T17:06:09+0000
/project/simplegeoip/, simplegeoip, 0.2.0, Shell script and module for easy geoip lookups., 2019-09-22T14:45:00+0000
/project/squidpeek/, squidpeek, 1.5.1, Per-URL Squid logfile metrics, 2013-07-01T23:36:02+0000
/project/xslproxy/, xslproxy, 1.0.1, Xsl transforming reverse proxy based on twisted, 2020-11-23T14:07:54+0000
/project/sshproxy/, sshproxy, 0.6.0-beta0, pure python implementation of an ssh proxy, 2007-12-09T23:18:05+0000
/project/px-proxy/, px-proxy, 0.4.0, An HTTP proxy server to automatically authenticate through an NTLM proxy, 2018-09-05T03:25:19+0000
/project/mapproxy/, MapProxy, 1.13.0, An accelerating proxy for tile and web map services, 2020-11-19T09:23:10+0000
/project/bethel-clustermgmt/, bethel.clustermgmt, 1.0, Zope Cluster Management facilities, 2012-05-29T16:20:12+0000
/project/receptacle/, receptacle, 0.4, An O-O P2P RPC protocol and application framework., 2014-06-05T16:54:13+0000
/project/python-stingray/, python-stingray, 0.1.1, Stingray Load Balancer REST API client module, 2018-08-15T19:53:26+0000
/project/scrapy-crawlera/, scrapy-crawlera, 1.7.2, Crawlera middleware for Scrapy, 2020-12-01T14:24:13+0000
/project/wstan/, wstan, 0.4.1, Tunneling TCP in WebSocket, 2020-10-15T15:37:54+0000
/project/shadowsocks-c/, shadowsocks-c, 2.8.2, shadowsocks clone with linux pluggable congestion control support, 2015-08-12T02:06:48+0000
/project/esfrontline/, esFrontLine, 2.11.18154, Limit restful requests to backend ElasticSearch cluster:  Queries only., 2018-06-03T22:47:21+0000
/project/ballade/, ballade, 0.97.6, A light weight http proxy based on tornado and an upstream proxy switcher using SwitchyOmega rules, 2016-08-29T08:43:36+0000
/project/3xsd/, 3xsd, 0.0.26, 3xsd is a native epoll server serving TCP/UDP connections, a high performance static web server, a failover dns server, a http-based distributed file server, a load-balance proxy-cache server, and a warp-drive server. Written in python, take the full power of multi-cores., 2016-10-29T06:32:20+0000
/project/trparse/, trparse, 0.3.0, Traceroute parser, 2019-05-26T16:38:05+0000
/project/plone-recipe-varnish/, plone.recipe.varnish, 2.3.0, Build and/or configure Varnish Cache with zc.buildout, 2019-03-26T22:04:46+0000
/project/sec-wall/, sec-wall, 1.2, A feature packed security proxy, 2013-05-18T12:27:59+0000
/project/sunshinesocks/, sunshinesocks, 0.1.0, A fast and modern tunnel proxy that help you., 2018-09-18T13:33:15+0000
/project/zdairi/, zdairi, 0.7.3, Zeppelin CLI tool for wrapper zeppelin REST API, 2017-04-24T07:28:27+0000
/project/proxybroker/, proxybroker, 0.3.2, [Finder/Checker/Server] Finds public proxies from multiple sources and concurrently checks them. Supports HTTP(S) and SOCKS4/5., 2019-03-12T19:47:46+0000
/project/netaddr/, netaddr, 0.8.0, A network address manipulation library for Python, 2020-07-03T14:43:37+0000
/project/mtproxy/, MTProxy, 0.1.3, Async Python MTProto Proxy, 2019-06-20T19:02:58+0000
/project/scrapy-webshare/, scrapy-webshare, 0.1.0, Webshare middleware for Scrapy, 2019-03-06T20:23:29+0000
/project/proxyterminator/, ProxyTerminator, 1.4, network Terminator terminal, 2019-05-09T09:58:33+0000
/project/arkcserver/, arkcserver, 0.3.1, A lightweight proxy designed to be proof to IP blocking measures, 2016-03-19T16:07:54+0000
/project/proxy-negotiate/, Proxy-Negotiate, 1.0.0, HTTP Negotiate proxy authentication support for applications., 2016-12-05T11:47:47+0000
/project/winproxy/, winproxy, 0.3.0a1, A Proxy Selection Tool for Windows, 2016-01-18T19:25:10+0000
/project/pytorify/, pyTorify, 1.0, Torify python scripts, 2016-09-29T09:42:47+0000
/project/curryproxy/, curryproxy, 1.1.2, A proxy and aggregator for querying multiple instances of an API spread across globally distributed data centers., 2015-11-20T21:19:32+0000
/project/grey-harvest/, grey_harvest, 0.1.5, Generate lists of free, reliable http(s) proxies., 2016-04-20T19:31:13+0000
/project/torrent/, torrent, 0.0.0.2, python data scharing, 2020-12-23T12:58:35+0000
/project/maproxy/, maproxy, 0.0.12, My first attempt to create a simple and awesome TCP proxy using Tornado, 2014-07-02T04:07:09+0000
/project/hookee/, hookee, 2.0.6, Command line webhooks, on demand., 2021-03-08T18:38:14+0000
/project/p2whois/, p2whois, 0.5, Proxy to Prefix WhoIs, 2015-12-08T16:54:13+0000
/project/keyfree/, keyfree, 1.0.0, An authentication proxy for Amazon Elasticsearch Service, 2016-11-13T13:47:00+0000
/project/pysocks5-async/, pysocks5-async, 0.1, Easily extensible async SOCKS5 server., 2019-06-04T10:18:56+0000
/project/wormhole-proxy/, wormhole-proxy, 2.0.4, Asynchronous I/O HTTP and HTTPS Proxy on Python 3.5, 2018-07-15T17:32:16+0000
/project/sovereign/, sovereign, 0.9.7, Envoy Proxy control-plane written in Python, 2021-03-12T03:23:51+0000
/project/hapctl/, hapctl, 1.0.0, Communicating with the HAProxy Control Socket, 2016-02-15T20:01:09+0000
/project/socksio/, socksio, 1.0.0, Sans-I/O implementation of SOCKS4, SOCKS4A, and SOCKS5., 2020-04-17T15:50:31+0000
/project/quickcerts/, quickcerts, 1.0.1, Quick and easy X.509 certificate generator for SSL/TLS utilizing local PKI, 2020-08-09T23:38:14+0000
/project/inside-out-proxy/, inside-out-proxy, 190126, HTTP Proxy, 2019-01-15T00:20:29+0000
/project/hass-nabucasa/, hass-nabucasa, 0.43.0, Home Assistant cloud integration by Nabu Casa, Inc., 2021-04-09T19:59:11+0000
/project/proximate/, Proximate, 0.1.1, Simple HTTP Reverse Proxy that aggregates multiple hosts into a unified namespace, 2013-12-05T06:17:32+0000
/project/foxyproxy/, foxyproxy, 2.10.0, TCP/RESTful proxy for Cloud Foxy - cloud platform for smart cards, 2019-10-30T19:24:00+0000
/project/zato-websocket-client/, zato-websocket-client, 1.6.1, A convenience WebSocket Python client for Zato services, 2017-08-02T16:32:46+0000
/project/sstp-server/, sstp-server, 0.6.0, Secure Socket Tunneling Protocol (SSTP) VPN server., 2021-01-30T18:39:14+0000
/project/flask-github-proxy/, flask_github_proxy, 0.0.2, Plugin to build services to push data from a website to github with PullRequests confirmation, 2017-01-19T14:29:49+0000
/project/laracrypt/, laracrypt, 1.0.1, Laravel-compatible two-way encryption, 2016-02-22T02:13:26+0000
/project/haproxyctl/, haproxyctl, 0.2, HAProxy control tool, 2013-05-08T21:41:08+0000
/project/pymultitor/, PyMultitor, 3.1.0, PyMultitor - Never Stop Even If Your IP Dropped., 2019-12-06T14:59:54+0000
/project/tord/, tord, 0.4.0, Asynchronous Websocket + Pubsub based web framework built over Tornado, Redis, ZMQ, SockJS, 2014-05-19T04:43:43+0000
/project/ceptacle/, ceptacle, 0.4, An O-O P2P RPC protocol and application framework., 2014-06-08T21:45:45+0000
/project/erebo/, erebo, 1.1.23, Erebo is a VPN like a Proxy, 2019-11-05T10:03:35+0000
/project/proxyenv/, proxyenv, 0.5.1, Create HTTP proxy environment using docker, 2016-05-03T12:16:29+0000
/project/ss-quick/, ss-quick, 0.0.2, A tool loading gui-config.json for ss-local, 2019-11-12T15:34:21+0000
/project/save-thread-result/, save-thread-result, 0.0.6, Simple subclass wrapper around `threading.Thread` to get the return value from a thread in python (from `threading` built-in module in Python Standard library). Exact same interface for creating an instance of this threading sublcass as `threading.Thread`!, 2021-02-08T00:27:52+0000
/project/plone-recipe-squid/, plone.recipe.squid, 1.0b1, Buildout recipe to install squid, 2008-04-15T04:54:22+0000
/project/libspy/, libspy, 0.0.2, A api and minimal server of ss, 2020-02-15T15:02:11+0000
/project/simpledns/, simpledns, 0.1.4, A lightweight yet useful proxy DNS server, 2015-11-23T05:37:34+0000
/project/wsgiunproxy/, WsgiUnproxy, 1.0, Unproxy WSGI middleware, 2011-08-18T14:24:26+0000
/project/django-cachepurge/, django-cachepurge, 0.3, Django Middleware and utilities that send "PURGE" request to an upstream cache, 2011-04-01T13:04:22+0000
/project/neehi/, neehi, 2.0.1, A Python SOCKS module., 2013-05-16T14:01:10+0000
/project/headspin-cli/, headspin-cli, 0.4.3, HeadSpin platform command-line interface, 2017-10-13T01:39:35+0000
/project/pymtproxy/, PyMTProxy, 0.0.1.dev1, MTProto Proxy server, 2018-05-27T22:57:34+0000
/project/scrapy-headless/, scrapy-headless, 0.0.1, Download Handler for using Scrapy with headless browsers, 2020-02-11T13:56:05+0000
/project/zato-enclog/, zato-enclog, 1.0.7, Encrypted logger reusable in any Python application, 2018-09-06T14:06:34+0000
/project/bonzo/, bonzo, 0.1.2, Bonzo is a minimalistic SMTP Proxy built on top of Tornado., 2014-02-05T01:54:00+0000
/project/mageserver/, mageserver, 1.0.3, A fast tunnel proxy that help you get through firewalls, 2020-07-18T12:35:56+0000
/project/cproxy/, CProxy, 0.1a1, A HTTP/HTTPS Caching Proxy, 2019-04-08T01:15:47+0000
/project/package-cache/, package-cache, 0.2, A caching proxy for package downloads, 2014-02-22T03:15:16+0000
/project/iw-recipe-squid/, iw.recipe.squid, 1.0, ZC buildout recipe to configure an squid proxy for zope, 2010-02-26T10:46:02+0000
/project/forwarder/, forwarder, 0.12.35, forwarder a raw socket proxy with optional SSL/TLS termination and trace capability, 2020-01-26T08:25:09+0000
/project/http-server-base/, http-server-base, 2.0.5, Library for simple HTTP server & REST HTTP server base based on Tornado. Includes: Logging requests and responses with Request Id; Configuration loading; Methods for requests proxying, 2020-10-28T12:49:38+0000
/project/tproxy/, tproxy, 0.5.4, WSGI HTTP Server for UNIX, 2011-05-11T17:04:46+0000
/project/camo-client/, camo-client, 0.1.0, A python client for Github's Camo image proxy, 2014-02-10T19:42:07+0000
/project/aws-es-auth-proxy/, aws-es-auth-proxy, 0.1.5, A simple HTTP proxy to authenticato to AWS Elasticsearch cluster., 2016-07-29T20:53:02+0000
/project/pryvate/, pryvate, 1.0.0, Private PyPi proxy and repository, 2015-02-23T07:14:31+0000
/project/shadowdns/, shadowdns, 0.1.3, A DNS forwarder using Shadowsocks as the server, 2014-06-13T05:09:55+0000
/project/multicerti/, multicerti, 0.3.0, Quickly obtain or renew Letsencrypt ssl certificates for multiple domains. Automatically configure Nginx as a https frontend and http reverse proxy for these., 2020-12-20T13:24:13+0000
/project/asyncproxybroker/, asyncproxybroker, 0.0.2, Library to asynchronously find and use public proxies from multiple sources., 2021-01-02T14:42:41+0000
/project/serialtool/, SerialTool, 0.1.5, A tool for serial port debug usage, 2017-12-18T07:15:40+0000
/project/saruman/, saruman, 0.3.0, A firewall that leverage AMQP workqueue ! Build by iresam for iresam !, 2016-01-03T18:29:28+0000
/project/zato-apitest/, zato-apitest, 1.13, API Testing for Humans, 2021-01-13T08:23:46+0000
/project/localproxy/, localproxy, 0.0.3, HTTP proxy server in twisted. If there is a directory with same name as target host (e.g.: www.example.com), contents of the directory are returned instead of making a request to the target host., 2015-01-11T01:27:23+0000
/project/rephacheck/, rephacheck, 0.4.2, Health check for PostgreSQL cluster managed by repmgr, 2017-12-22T10:11:00+0000
/project/shadowsocks/, shadowsocks, 2.8.2, A fast tunnel proxy that help you get through firewalls, 2015-08-10T07:46:51+0000
/project/shadowsocks-cui/, shadowsocks-cui, 3.0.0, A fast tunnel proxy that help you get through firewalls, 2018-01-10T00:07:59+0000
/project/py-proxy/, py-proxy, 0.2.6, A proxy library for python 3, 2019-06-17T19:39:29+0000
/project/chinadns/, chinadns, 0.2.3, A DNS forwarder that ignore incorrect responses, 2014-12-26T13:35:03+0000
/project/pypia/, pypia, 0.3.7, Configuration and connection tools for PIA VPN routes on Linux, 2020-09-16T02:24:22+0000
/project/gns3-proxy/, gns3-proxy, 0.8, GNS3 Proxy based on proxy.py by Abhinav Singh (https://github.com/abhinavsingh/proxy.py), 2020-12-29T22:28:53+0000
/project/pyekonlib/, pyekonlib, 0.3, Server and client modules for Ekon/Connect/Airconet+, 2021-01-09T20:47:59+0000
/project/webcrystal/, webcrystal, 1.0.1, A website archival tool and format., 2016-04-18T06:04:16+0000
/project/rikka/, rikka, 1.0, Expose localhost to public Internet, 2018-09-04T14:20:52+0000
/project/arkcclient/, arkcclient, 0.3.1, A lightweight proxy designed to be proof to IP blocking measures, 2016-03-19T16:07:16+0000
/project/afpproxy/, afpproxy, 0.1.2, proxy for the AFP (AppleShare) protocol, 2016-02-05T18:31:02+0000
/project/django-proxylist-for-grab/, django-proxylist-for-grab, 0.5.1, Proxy-list management application for Django, 2014-12-16T20:03:06+0000
/project/geoip2/, geoip2, 4.1.0, MaxMind GeoIP2 API, 2020-09-25T15:56:49+0000
/project/warcprox/, warcprox, 2.4.17, WARC writing MITM HTTP/S proxy, 2019-07-26T21:04:26+0000
/project/socksproxy/, socksproxy, 0.1, SOCKS4/5 proxy with SSH support., 2009-12-09T19:43:59+0000
/project/fallixy/, fallixy, 0.18.5, (Fallible version with extras)An interactive, MITM HTTP proxy for penetration testers and software developers., 2018-08-16T11:45:01+0000
/project/incapsula/, incapsula, 0.7.5, A python module for using the Incapsula API, 2020-09-03T21:46:22+0000
/project/nuttssh/, nuttssh, 0.2, SSH switchboard for internally patching forwarded ports, 2019-01-31T16:28:22+0000
/project/shadowsocksr-cli/, shadowsocksr-cli, 2.1.2, The command client of shadowsocksr, 2021-04-22T12:09:09+0000
/project/netaddr2/, netaddr2, 0.7.19, A network address manipulation library for Python, 2020-05-22T10:27:13+0000
/project/dock2/, Dock2, 0.1.0, Simple wrapper for interacting with h2cs drivers (HTTP2 ClearText), 2020-09-12T22:08:57+0000
/project/tmdaretro/, TMDAretro, 1.1.13.20190604.0, The Tagged Message Delivery Agent (TMDA) is a set of anti-spam measures, including white-listing, black-listing, challenge-response, and tagged addresses., 2019-06-04T02:25:26+0000
/project/garbevents/, garbevents, 2.0.3, grabbing buried points, 2021-03-02T01:18:54+0000
/project/tmdang/, TMDAng, 1.0.3, The Tagged Message Delivery Agent (TMDA) is a set of anti-spam measures, including white-listing, black-listing,challenge-response, and tagged addresses, 2015-08-18T04:00:31+0000
/project/proxysix/, proxysix, 1.0.0a4, API wrapper for Proxy6, 2019-08-29T04:40:25+0000
/project/pentacle/, pentacle, 0.4, An O-O P2P RPC protocol and application framework., 2012-01-18T18:51:58+0000
/project/exifproxy/, exifproxy, 1.0.1, Metadata extraction reverse proxy based on twisted and exiftool, 2020-11-22T12:05:26+0000
/project/kdcproxy/, kdcproxy, 1.0.0, A kerberos KDC HTTP proxy WSGI module., 2020-12-08T18:11:45+0000
/project/minitrue/, minitrue, 20130126, Proxy designed to lie., 2013-01-26T14:37:18+0000
/project/keychestamp/, keychestamp, 0.3.1, ACMEv2 proxy to manage clients and observe rate limits of Let's Encrypt, 2019-12-13T13:17:26+0000
/project/bayrell/, bayrell, 0.2, Bayrell Web Application Server, 2016-06-08T12:44:48+0000
/project/aws-acl-helper/, aws-acl-helper, 1.1.0, Squid external ACL helper that allows use of AWS instance metadata, 2019-05-22T20:17:13+0000
/project/pyekonlib/, pyekonlib, 0.3, Server and client modules for Ekon/Connect/Airconet+, 2021-01-09T20:47:59+0000
/project/fritm/, fritm, 0.4.1, Minimalist and cross-platform network reverse engineering framework, 2020-05-02T20:30:42+0000
/project/mitmproxy/, mitmproxy, 6.0.2, An interactive, SSL/TLS-capable intercepting proxy for HTTP/1, HTTP/2, and WebSockets., 2020-12-15T16:49:54+0000
/project/janitor/, Janitor, 0.1.1, Simple HTTP Server behind the OAuth, 2013-07-15T04:04:34+0000
/project/snitun/, snitun, 0.20, SNI proxy with TCP multiplexer, 2019-09-09T10:21:23+0000
/project/asyncproxybroker/, asyncproxybroker, 0.0.2, Library to asynchronously find and use public proxies from multiple sources., 2021-01-02T14:42:41+0000
/project/serialtool/, SerialTool, 0.1.5, A tool for serial port debug usage, 2017-12-18T07:15:40+0000
/project/saruman/, saruman, 0.3.0, A firewall that leverage AMQP workqueue ! Build by iresam for iresam !, 2016-01-03T18:29:28+0000
/project/zato-apitest/, zato-apitest, 1.13, API Testing for Humans, 2021-01-13T08:23:46+0000
/project/localproxy/, localproxy, 0.0.3, HTTP proxy server in twisted. If there is a directory with same name as target host (e.g.: www.example.com), contents of the directory are returned instead of making a request to the target host., 2015-01-11T01:27:23+0000
/project/megasec/, megaSec, 1.4, MegaSec API, 2019-11-26T12:18:10+0000
/project/txtorcon/, txtorcon, 20.0.0, Twisted-based Tor controller client, with state-tracking and     configuration abstractions.     https://txtorcon.readthedocs.org     https://github.com/meejah/txtorcon, 2020-04-01T03:41:21+0000
/project/rephacheck/, rephacheck, 0.4.2, Health check for PostgreSQL cluster managed by repmgr, 2017-12-22T10:11:00+0000
/project/shadowsocks/, shadowsocks, 2.8.2, A fast tunnel proxy that help you get through firewalls, 2015-08-10T07:46:51+0000
/project/shadowsocks-cui/, shadowsocks-cui, 3.0.0, A fast tunnel proxy that help you get through firewalls, 2018-01-10T00:07:59+0000
/project/py-proxy/, py-proxy, 0.2.6, A proxy library for python 3, 2019-06-17T19:39:29+0000
/project/chinadns/, chinadns, 0.2.3, A DNS forwarder that ignore incorrect responses, 2014-12-26T13:35:03+0000
/project/pypia/, pypia, 0.3.7, Configuration and connection tools for PIA VPN routes on Linux, 2020-09-16T02:24:22+0000
/project/gns3-proxy/, gns3-proxy, 0.8, GNS3 Proxy based on proxy.py by Abhinav Singh (https://github.com/abhinavsingh/proxy.py), 2020-12-29T22:28:53+0000
/project/furion/, furion, 1.5.1, A socks5 proxy with ssl support, 2020-07-15T17:02:54+0000
/project/proxy-py/, proxy.py, 2.3.1, ⚡⚡⚡Fast, Lightweight, Pluggable, TLS interception capable proxy server focused on Network monitoring, controls & Application development, testing, debugging., 2021-01-10T16:59:31+0000
/project/shadowsocks-valoroso/, shadowsocks-valoroso, 3.0.7, A fast tunnel proxy that help you get through firewalls, 2018-07-31T07:12:14+0000
