/project/products-atgooglevideo/, Products.ATGoogleVideo, 0.9.1, Use YouTube and Google Video on a Plone Site., 2012-04-05T13:12:22+0000
/project/quintagroup-plonegooglesitemaps/, quintagroup.plonegooglesitemaps, 1.8.2, Allows Plone websites to get better visibility for Google search engine, 2013-04-22T12:59:46+0000
/project/templer-core/, templer.core, 1.0b4, Core functionality for the templer tool, 2012-05-18T05:33:19+0000
/project/quills-app/, quills.app, 1.8.1, The Quills blogging suite. Contains code shared between Products.Quills and  Products.QuillsEnabled., 2016-12-27T21:32:13+0000
/project/collective-portlet-actions/, collective.portlet.actions, 1.2.3.post1, A portlet that provides the links of an action category, 2016-06-10T10:36:47+0000
/project/templer-buildout/, templer.buildout, 1.0b1, Templer system extensions for buildouts and buildout recipes, 2012-05-18T05:56:42+0000
/project/templer-localcommands/, templer.localcommands, 1.0b2, Templer system framework for local commands, 2012-05-20T22:45:06+0000
/project/redturtle-sqlcontents/, redturtle.sqlcontents, 0.9.1, RedTurtle - SQL Contents, 2013-07-29T10:10:19+0000
/project/quintagroup-megamenu/, quintagroup.megamenu, 1.5.3, Mega menu for Plone, 2015-04-02T14:06:52+0000
/project/quintagroup-formlib-captcha/, quintagroup.formlib.captcha, 1.4.3, Captcha field for formlib based on quintagroup.captcha.core package, 2014-06-11T12:06:02+0000
/project/redturtle-portlets-inspector/, redturtle.portlets.inspector, 1.0.0, Redturtle Portlets Inspector, 2013-11-26T13:29:48+0000
/project/iw-rejectanonymous/, iw.rejectanonymous, 1.2.5, Disallow access to a Plone site and its children if user is anonymous, 2019-10-18T07:57:47+0000
/project/collective-singing/, collective.singing, 0.7.6, A Zope 3 library for sending notifications and newsletters, 2019-10-22T13:56:00+0000
/project/collective-contentrules-mailtorole/, collective.contentrules.mailtorole, 1.7, Send e-mail to users having a role on the object, 2013-08-12T09:32:02+0000
/project/templer-plone/, templer.plone, 1.0b4, Templer system extensions for plone add-on development, 2013-02-10T13:59:04+0000
/project/quintagroup-captcha-core/, quintagroup.captcha.core, 0.4.3, A core package of simple captcha implementation, 2013-07-17T12:17:32+0000
/project/products-ploneglossary/, Products.PloneGlossary, 1.7.3, Highlight Plone content terms, mouseover shows the term definition as tooltip., 2017-04-11T15:54:03+0000
/project/quintagroup-z3cform-captcha/, quintagroup.z3cform.captcha, 1.0.3, Captcha field for z3cform based on quintagroup.captcha.core package, 2013-07-19T12:21:06+0000
/project/collective-emaillogin/, collective.emaillogin, 1.3, Allow logins with email address rather than login name., 2012-09-24T16:13:04+0000
/project/collective-realestatebroker/, collective.realestatebroker, 2.3, An easy and professional way to publish real estate objects on your Plone website, 2012-10-14T00:00:53+0000
/project/collective-realestatebroker/, collective.realestatebroker, 2.3, An easy and professional way to publish real estate objects on your Plone website, 2012-10-14T00:00:53+0000
/project/quintagroup-seoptimizer/, quintagroup.seoptimizer, 4.3, Quintagroup Search Engine Optimization Tool, 2013-09-18T11:34:05+0000
/project/quintagroup-dropdownmenu/, quintagroup.dropdownmenu, 1.3.4, Multilevel portal dropdown menu for Plone sites., 2015-06-09T12:43:51+0000
/project/collective-emaillogin/, collective.emaillogin, 1.3, Allow logins with email address rather than login name., 2012-09-24T16:13:04+0000
/project/products-quills/, Products.Quills, 1.8.1, A Blogging Suite for Plone., 2016-12-27T21:14:28+0000
/project/adi-bookmark/, adi.bookmark, 0.2, Store bookmarks to a Plone-site or -folder., 2017-04-27T12:59:44+0000
/project/products-atgooglevideo/, Products.ATGoogleVideo, 0.9.1, Use YouTube and Google Video on a Plone Site., 2012-04-05T13:12:22+0000
/project/quintagroup-plonegooglesitemaps/, quintagroup.plonegooglesitemaps, 1.8.2, Allows Plone websites to get better visibility for Google search engine, 2013-04-22T12:59:46+0000
/project/templer-core/, templer.core, 1.0b4, Core functionality for the templer tool, 2012-05-18T05:33:19+0000
/project/templer-buildout/, templer.buildout, 1.0b1, Templer system extensions for buildouts and buildout recipes, 2012-05-18T05:56:42+0000
/project/quills-app/, quills.app, 1.8.1, The Quills blogging suite. Contains code shared between Products.Quills and  Products.QuillsEnabled., 2016-12-27T21:32:13+0000
/project/templer-localcommands/, templer.localcommands, 1.0b2, Templer system framework for local commands, 2012-05-20T22:45:06+0000
/project/collective-portlet-actions/, collective.portlet.actions, 1.2.3.post1, A portlet that provides the links of an action category, 2016-06-10T10:36:47+0000
/project/quintagroup-megamenu/, quintagroup.megamenu, 1.5.3, Mega menu for Plone, 2015-04-02T14:06:52+0000
/project/quintagroup-captcha-core/, quintagroup.captcha.core, 0.4.3, A core package of simple captcha implementation, 2013-07-17T12:17:32+0000
/project/quintagroup-formlib-captcha/, quintagroup.formlib.captcha, 1.4.3, Captcha field for formlib based on quintagroup.captcha.core package, 2014-06-11T12:06:02+0000
/project/templer-plone/, templer.plone, 1.0b4, Templer system extensions for plone add-on development, 2013-02-10T13:59:04+0000
/project/redturtle-sqlcontents/, redturtle.sqlcontents, 0.9.1, RedTurtle - SQL Contents, 2013-07-29T10:10:19+0000
/project/redturtle-portlets-inspector/, redturtle.portlets.inspector, 1.0.0, Redturtle Portlets Inspector, 2013-11-26T13:29:48+0000
/project/iw-rejectanonymous/, iw.rejectanonymous, 1.2.5, Disallow access to a Plone site and its children if user is anonymous, 2019-10-18T07:57:47+0000
/project/collective-singing/, collective.singing, 0.7.6, A Zope 3 library for sending notifications and newsletters, 2019-10-22T13:56:00+0000
/project/collective-contentrules-mailtorole/, collective.contentrules.mailtorole, 1.7, Send e-mail to users having a role on the object, 2013-08-12T09:32:02+0000
/project/products-ploneglossary/, Products.PloneGlossary, 1.7.3, Highlight Plone content terms, mouseover shows the term definition as tooltip., 2017-04-11T15:54:03+0000
/project/quintagroup-z3cform-captcha/, quintagroup.z3cform.captcha, 1.0.3, Captcha field for z3cform based on quintagroup.captcha.core package, 2013-07-19T12:21:06+0000
/project/products-quills/, Products.Quills, 1.8.1, A Blogging Suite for Plone., 2016-12-27T21:14:28+0000
/project/collective-realestatebroker/, collective.realestatebroker, 2.3, An easy and professional way to publish real estate objects on your Plone website, 2012-10-14T00:00:53+0000
/project/collective-realestatebroker/, collective.realestatebroker, 2.3, An easy and professional way to publish real estate objects on your Plone website, 2012-10-14T00:00:53+0000
/project/quintagroup-seoptimizer/, quintagroup.seoptimizer, 4.3, Quintagroup Search Engine Optimization Tool, 2013-09-18T11:34:05+0000
/project/quintagroup-dropdownmenu/, quintagroup.dropdownmenu, 1.3.4, Multilevel portal dropdown menu for Plone sites., 2015-06-09T12:43:51+0000
/project/collective-emaillogin/, collective.emaillogin, 1.3, Allow logins with email address rather than login name., 2012-09-24T16:13:04+0000
/project/products-quills/, Products.Quills, 1.8.1, A Blogging Suite for Plone., 2016-12-27T21:14:28+0000
/project/adi-bookmark/, adi.bookmark, 0.2, Store bookmarks to a Plone-site or -folder., 2017-04-27T12:59:44+0000
