/project/pywad/, pywad, 0.1.4, The Python Web Auto Drive framework using selenium.webdriver., 2015-03-16T09:38:54+0000
/project/azoth/, azoth, 0.3.0, Sqlalchemy utilities, 2014-12-05T13:10:03+0000
/project/django-cache-machine-2-0/, django-cache-machine-2.0, 1.0.0, Automatic caching and invalidation for Django models through the ORM., 2018-08-03T22:52:07+0000
/project/django-mozilla-product-details/, django-mozilla-product-details, 0.14.1, Product and locale details for Mozilla products., 2019-06-03T14:48:49+0000
/project/whatsapp-web/, whatsapp-web, 0.0.1, A Python library to automate easily whatsapp web, 2020-07-25T01:14:01+0000
/project/mozilla-taar2/, mozilla-taar2, 0.0.23, Telemetry-Aware Addon Recommender, 2018-02-23T21:05:34+0000
/project/mozrepl/, mozrepl, 1.2.4, Firefox MozREPL Add-on에 접근하기 위한 인터페이스를 제공합니다., 2015-05-08T00:29:43+0000
/project/uni-slugify/, uni-slugify, 0.1.4, A slug generator that turns strings into unicode slugs., 2017-06-02T23:32:08+0000
/project/trackingprotection-tools/, trackingprotection-tools, 0.6.1, Tools for working with Firefox Tracking Protection., 2020-10-16T20:38:17+0000
/project/commonware/, commonware, 0.6.0, A place to keep stuff we want to share, like middleware., 2020-02-10T17:02:58+0000
/project/taar-monitor/, taar-monitor, 0.0.40, TAAR Monitoring tools, 2019-08-30T20:05:14+0000
/project/openwpm-utils/, openwpm-utils, 0.2.0, Tools for parsing crawl data generated by OpenWPM, 2019-06-27T15:41:57+0000
/project/dj-pylibmc/, dj-pylibmc, 0.6.4, Django cache backend using pylibmc, 2020-11-30T09:23:07+0000
/project/django-pylibmc/, django-pylibmc, 0.6.1, Django cache backend using pylibmc, 2015-12-28T21:30:09+0000
/project/save-thread-result/, save-thread-result, 0.0.6, Simple subclass wrapper around `threading.Thread` to get the return value from a thread in python (from `threading` built-in module in Python Standard library). Exact same interface for creating an instance of this threading sublcass as `threading.Thread`!, 2021-02-08T00:27:52+0000
/project/mozilla-taar3/, mozilla-taar3, 1.0.7, Telemetry-Aware Addon Recommender, 2021-02-05T02:16:47+0000
/project/django-session-csrf-cookie/, django-session-csrf-cookie, 0.1, Django middleware that works with session-csrf and sends a CSRF token cookie., 2012-08-15T22:57:02+0000
/project/redash-stmo-swathi/, redash-stmo-swathi, 2018.24.8, Extensions to Redash by Mozilla, 2018-08-24T22:25:13+0000
/project/emtwo-extensions/, emtwo-extensions, 0.0.130, Extensions to Redash by Mozilla, 2018-11-27T14:41:14+0000
/project/django-standbydb-router/, django-standbydb-router, 0.2, Round-robin standbydb router for Django., 2015-05-30T21:21:04+0000
/project/redash-iodide/, redash-iodide, 2020.1.0, Extensions to Redash for Iodide by Mozilla, 2020-01-16T13:07:38+0000
/project/django-mobility/, django-mobility, 0.1, Middleware and decorators for directing users to your mobile site., 2011-02-03T21:56:55+0000
/project/infogen/, infogen, 1.0.0, Personal Information generator.Generate Person Data with all required infomation, 2013-04-22T09:17:27+0000
/project/livereload/, livereload, 2.6.3, Python LiveReload is an awesome tool for web developers, 2020-08-22T15:31:53+0000
/project/django-adminplus/, django-adminplus, 0.5, Add new pages to the Django admin., 2015-12-04T13:52:52+0000
/project/unicode-slugify-latin/, unicode-slugify-latin, 0.2, A slug generator that turns strings into unicode slugs, and enables replacement for common latin letters into ascii representations., 2015-01-12T07:24:06+0000
/project/django-brake/, django-brake, 1.6.0, Cache-based rate-limiting for Django., 2019-07-11T04:54:35+0000
/project/mozilla-jsoncache/, mozilla-jsoncache, 0.1.7, JSON Cache Loader, 2020-08-20T17:56:24+0000
/project/presc/, presc, 0.2.0, Performance Robustness Evaluation for Statistical Classifiers, 2021-03-13T03:28:35+0000
/project/django-session-csrf/, django-session-csrf, 0.7.1, CSRF protection for Django without cookies., 2016-10-05T12:31:15+0000
/project/django-quieter-formset/, django-quieter-formset, 0.4, Django formset that's a bit quieter, 2014-02-20T18:19:41+0000
/project/django-pylibmc-sasl/, django-pylibmc-sasl, 0.2.4, Django cache backend using pylibmc-sasl, 2011-12-06T19:38:23+0000
/project/django-session-csrf-per-view/, django-session-csrf-per-view, 0.5.3, CSRF protection for Django without cookies., 2014-03-06T16:13:31+0000
/project/dockerflow/, dockerflow, 2020.10.0, Python tools and helpers for Mozilla's Dockerflow, 2020-10-05T19:50:42+0000
/project/unicode-slugify/, unicode-slugify, 0.1.3, A slug generator that turns strings into unicode slugs., 2015-01-13T04:22:44+0000
/project/django-multidb-router/, django-multidb-router, 0.9, Round-robin multidb router for Django., 2019-02-22T18:44:17+0000
/project/tower/, tower, 0.4.1, Pull strings from a variety of sources, collapse whitespace, support context (msgctxt), and merging .pot files., 2014-03-19T16:55:17+0000
/project/django-dnt/, django-dnt, 1.0, Make Django requests aware of the DNT header., 2020-08-12T16:05:01+0000
/project/testgen4web-python/, TestGen4Web-Python, 0.2.1, A pure-python set of translators for TestGen4Web, 2006-11-09T07:11:01+0000
/project/django-sha2/, django-sha2, 0.4, Enable strong password hashes (bcrypt+hmac or SHA-2) in Django by default., 2012-12-15T00:26:13+0000
/project/persona-idp/, persona-idp, 0.9, This is a generic and reusable python implementation of Mozilla Persona Identity Provider <https://developer.mozilla.org/en-US/Persona/Identity_Provider_Overview>., 2014-02-21T06:20:07+0000
/project/django-radagast/, django-radagast, 0.3, The other wizard, 2012-11-26T17:34:23+0000
/project/log-everywhere/, log-everywhere, 0.0.1, Logging package to enable writing all program information with corresponding datetime to multiple, DIFFERENT files safely when running multiple threads (multi-threading)., 2021-01-14T08:20:05+0000
/project/django-elasticache/, django-elasticache, 1.0.3, Django cache backend for Amazon ElastiCache (memcached), 2017-08-21T20:06:57+0000
/project/mozilla-taar/, mozilla-taar, 0.0.16, Telemetry-Aware Addon Recommender, 2017-11-19T08:59:16+0000
/project/hera/, hera, 0.1.2, An interface to interact with a Zeus Traffic Manager., 2012-10-10T23:24:43+0000
/project/django-post-request-task/, django-post-request-task, 0.4.1, A celery task class whose execution is delayed until after the request finishes, 2019-09-02T07:50:23+0000
/project/django-cache-memoize/, django-cache-memoize, 0.1.8, Django utility for a memoization decorator that uses the Django cache framework., 2021-03-03T14:45:18+0000
/project/mozilla-taarlite/, mozilla-taarlite, 0.2.3, Telemetry-Aware Addon Recommender Lite, 2018-05-29T17:10:08+0000
/project/django-csp/, django-csp, 3.7, Django Content Security Policy support., 2020-08-12T18:50:34+0000
/project/django-ratelimit2/, django-ratelimit2, 0.4.2, Cache-based rate-limiting for Django., 2014-03-15T20:39:16+0000
/project/mozilla-srgutil/, mozilla-srgutil, 0.2.1, SRG utilities, 2020-02-25T19:15:24+0000
/project/django-cronjobs/, django-cronjobs, 0.2.3, A simple Django app for running cron jobs., 2011-08-22T23:07:59+0000
/project/redash-stmo/, redash-stmo, 2020.5.1, Extensions to Redash by Mozilla, 2020-05-05T16:19:32+0000
/project/django-fail/, django-fail, 0.1.0, Make your app fail!, 2011-02-28T17:55:30+0000
/project/django-cache-machine/, django-cache-machine, 1.1.0, Automatic caching and invalidation for Django models through the ORM., 2019-02-18T02:51:30+0000
/project/jingo-minify/, jingo_minify, 0.7.0, DEPRECATED - A Django app that will concat and minify JS and CSS., 2017-03-29T13:52:23+0000
/project/windy-weather-crawler/, windy-weather-crawler, 1.1, A web crawler that takes input as place gives the weather forecast for 5 days, 2020-02-01T07:30:08+0000
