/project/bitcoinlib/, bitcoinlib, 0.5.3, Bitcoin and Other cryptocurrency Library, 2021-03-20T09:31:16+0000
/project/luca/, luca, 1.0, Do accounting with YAML, fill out tax forms with JSON, 2013-11-18T18:39:03+0000
/project/trytond-account-payment-stripe/, trytond-account-payment-stripe, 5.8.2, Tryton module for Stripe payment, 2021-02-19T20:28:07+0000
/project/ofxstatement-jl-partnership/, ofxstatement-jl-partnership, 1.0.0, OFXStatement plugin for John Lewis Partnership card (UK), 2020-10-04T10:31:49+0000
/project/godslayer/, godslayer, 1.1.0, Provides generator to read Kami (god) CSV record as list of string., 2020-08-17T11:13:00+0000
/project/gnucash-to-beancount/, gnucash-to-beancount, 1.0b0, Gnucash to Beancount Converter., 2017-01-02T04:34:53+0000
/project/ofxstatement-be-cbc/, ofxstatement-be-cbc, 0.1.1, ofxstatement plugin for parsing Belgian CBC bank's CSV statements to OFX, 2020-04-07T11:14:25+0000
/project/ofxstatement-be-bnp/, ofxstatement-be-bnp, 0.1.3, ofxstatement plugin for parsing Belgian BNP Paribas Fortis bank's CSV statements to OFX, 2020-05-14T09:29:57+0000
/project/lib-baronial/, lib-baronial, 0.1.0, Tools for writing Python scripts to work with a baronial repository., 2019-06-23T23:17:13+0000
/project/beancount-fava/, beancount-fava, 1.2.1, A rich web interface for the CL-accounting tool beancount., 2017-03-15T10:42:29+0000
/project/ofxstatement-austrian/, ofxstatement-austrian, 0.0.4, Statement parser for several austrian banks, 2017-04-08T16:34:20+0000
/project/autobean/, autobean, 0.1.1, A collection of plugins and scripts that help automating bookkeeping with beancount, 2021-01-02T21:58:00+0000
/project/rh-1099/, rh-1099, 1.0.1, Parses Robinhood 1099 tax document from PDF into CSV format, 2021-04-08T20:58:13+0000
/project/fava-investor/, fava-investor, 0.2.1, Fava extension and beancount libraries for investing, 2021-01-10T10:52:29+0000
/project/factur-x/, factur-x, 2.3, Factur-X and Order-X: electronic invoicing and ordering standards, 2021-04-12T17:13:44+0000
/project/trytonar-cooperative-ar/, trytonar_cooperative_ar, 3.4.5, Tryton module to add funcionality to Cooperative Work of Argentina, 2015-11-05T09:37:20+0000
/project/ofxstatement-intesasp/, ofxstatement-intesasp, 0.1.4, Plugin for ofxstatement that supports Intesa San paoloxlsx file, 2021-04-16T14:02:26+0000
/project/fintech/, fintech, 6.6.2, The Python FinTech package (SEPA, EBICS & more), 2021-03-16T00:48:02+0000
/project/xbrl/, xbrl, 0.0.1, Parsing and navigating XBRL documents, 2019-11-05T20:04:49+0000
/project/trytonar-account-check-ar/, trytonar_account_check_ar, 3.4.1, Tryton module for accounting check of Argentina, 2015-04-29T22:44:31+0000
/project/python-briefdruckzentrum/, python-briefdruckzentrum, 0.1.4, a lightweight python wrapper for briefdruckzentrum.de API, 2017-07-03T15:07:18+0000
/project/trytond-account-statement/, trytond-account-statement, 5.8.1, Tryton module with account statements, 2021-01-01T15:22:00+0000
/project/beancount-docverif/, beancount-docverif, 1.0.0, Document verification plugin for Beancount, 2020-06-22T16:31:08+0000
/project/trytond-account-asset/, trytond-account-asset, 5.8.3, Tryton module for assets management, 2021-04-16T17:36:12+0000
/project/constellation-orderboard/, Constellation-OrderBoard, 0.2.1, Constellation Suite - Order Management, 2017-04-17T07:26:07+0000
/project/ninvoice2data/, ninvoice2data, 0.4.16, Python parser to extract data from pdf invoice, 2019-02-05T14:06:04+0000
/project/trytond-account-invoice-secondary-unit/, trytond-account-invoice-secondary-unit, 5.8.1, Tryton module to add a secondary unit on invoice line, 2021-01-01T15:20:19+0000
/project/trytonar-account-invoice-ar/, trytonar_account_invoice_ar, 3.4.5, Tryton module to add account invoice (electronic/manual) localizacion for Argentina (AFIP), 2015-11-25T13:17:10+0000
/project/beancount2ledger/, beancount2ledger, 1.3, Beancount to Ledger converter, 2020-11-13T12:06:26+0000
/project/pyhacc/, PyHacc, 0.9.0, pyhacc personal accounting, 2015-01-16T18:11:38+0000
/project/trytond-analytic-invoice/, trytond-analytic-invoice, 5.8.1, Tryton module to add analytic accounting on invoice, 2021-01-01T15:24:11+0000
/project/ledgertools/, ledgertools, 0.3, Ledger accounting system utilities, 2013-07-07T00:24:23+0000
/project/trytond-sale-subscription/, trytond-sale-subscription, 5.8.3, Tryton module for subscription, 2021-04-16T17:14:38+0000
/project/bittytax/, BittyTax, 0.4.3, Crypto-currency tax calculator for UK tax rules. Produces a PDF report of your capital gains and income. Import your data from popular wallets and exchanges (i.e. Coinbase, Binance, etc)., 2020-12-04T16:08:27+0000
/project/ofxstatement-otp/, ofxstatement-otp, 0.0.6, ofxstatement plugin for the Hungarian bank OTP, 2020-11-11T12:10:47+0000
/project/billingyard/, billingyard, 1.0.0, CLI invoice generator for business entities in the Czech republic, 2021-02-24T19:45:59+0000
/project/fava-inventory/, fava-inventory, 0.1.0, Fava extension for beancount physical inventory balances, 2020-11-29T00:08:09+0000
/project/bbscraper/, bbscraper, 1.2, bbscraper, 2018-10-15T16:51:07+0000
/project/fava-plugins/, fava-plugins, 1.0, A collection of Beancount plugins., 2018-03-17T13:12:26+0000
/project/pisa/, pisa, 3.0.33, PDF generator using HTML and CSS, 2010-06-16T14:09:56+0000
/project/shtrihm-fr/, shtrihm-fr, 0.2.0, Driver for Shtrih-M cash (fiscal) registers., 2017-04-24T04:46:56+0000
/project/trytond-analytic-purchase/, trytond-analytic-purchase, 5.8.1, Tryton module to add analytic accounting on purchase, 2021-01-01T15:24:22+0000
/project/webbean/, Webbean, 0.0.1, An application to get transactions diffbetween accounting file and bank, 2019-11-22T12:57:03+0000
/project/mds-account-invoice-confirmpost/, mds-account-invoice-confirmpost, 5.0.0, Queries a confirmation if you post an invoice., 2019-03-22T12:56:50+0000
/project/ofxstatement-fr-banquepostale/, ofxstatement-fr-banquepostale, 0.0.1, ofxstatement plugin for La Banque Postale - France, 2020-05-10T19:24:21+0000
/project/numpy-financial/, numpy-financial, 1.0.0, Simple financial functions, 2019-10-18T16:13:43+0000
/project/trytond-analytic-account/, trytond-analytic-account, 5.8.1, Tryton module for analytic accounting, 2021-01-01T15:23:59+0000
/project/htmlentity2ascii/, htmlentity2ascii, 1.0, Python module to convert html entities to ascii, 2012-09-18T15:54:47+0000
/project/exactonline/, exactonline, 0.3.5, Exact Online REST API Library in Python, 2020-09-22T12:54:07+0000
/project/beancount-dkb/, beancount-dkb, 0.10.0, Beancount Importer for DKB CSV exports, 2021-03-28T08:27:29+0000
/project/beancount-pygments-lexer/, beancount-pygments-lexer, 0.1.2, A pygments-lexer for beancount-files., 2016-02-23T14:33:48+0000
/project/pineboo/, pineboo, 0.99.8, ERP replacement for Eneboo written in Python, 2021-04-23T11:50:00+0000
/project/ofxstatement-zm-stanbic/, ofxstatement-zm-stanbic, 1.1.1, OFXStatement plugin for Stanbic Bank (Zambia), 2020-07-07T09:13:56+0000
/project/tagcash/, tagcash, 1.0.0b2, Finances with tags in CLI, 2018-01-15T21:01:55+0000
/project/ofxstatement-postfinance/, ofxstatement-postfinance, 0.0.1, ofxstatement for Post Finance (Swiss), 2015-02-08T21:46:40+0000
/project/fints-url/, fints-url, 0.7, FinTS URL Retriever, 2019-05-30T21:01:47+0000
/project/lucre/, lucre, 0.1.0, Plain Text Accounting, 2021-03-20T10:02:10+0000
/project/trytond-sale-supply-drop-shipment/, trytond-sale-supply-drop-shipment, 5.8.1, Tryton module for sale supply drop shipment, 2021-01-01T15:38:52+0000
/project/a4t-terms-and-conditions/, a4t-terms-and-conditions, 5.0.1, , 2018-11-09T18:30:32+0000
/project/trytonar-bank-ar/, trytonar_bank_ar, 3.4.1, Module for banks of Argentina, 2015-06-23T23:06:15+0000
/project/ofxstatement-iso20022/, ofxstatement-iso20022, 0.6.0, ISO-20022 plugin for ofxstatement, 2021-02-07T18:15:11+0000
/project/ofxstatement-nl-ing/, ofxstatement-nl-ing, 0.1.0, OFXStatement plugin for ING (Netherlands), 2019-11-17T14:11:55+0000
/project/modelx/, modelx, 0.13.1, Build and run complex models composed of formulas and data, 2021-03-28T05:45:31+0000
/project/mds-account-de-skr04/, mds-account-de-skr04, 5.4.0, Tryton module with German chart of accounts SKR04, 2019-12-11T10:04:18+0000
/project/postilion/, postilion, 0.0.4, A wrapper around the postiliion api, 2020-01-01T05:04:22+0000
/project/fava-envelope/, fava-envelope, 0.5.1, Fava Envelope budgeting for beancount, 2021-01-30T04:58:05+0000
/project/mds-project-durationcolumn/, mds-project-durationcolumn, 4.8.0, Tryton module to add a duration-column to the list of projects, 2018-10-05T10:01:47+0000
/project/lino-voga/, lino-voga, 20.12.1, A Lino application for managing courses, participants and meeting rooms, 2020-12-26T09:54:08+0000
/project/xirr/, xirr, 0.1.6, xirr and xnpv calculators, 2021-01-10T20:48:04+0000
/project/ofxstatement-lansforsakringar/, ofxstatement-lansforsakringar, 0.2.0, Länsförsäkringar plugin for ofxstatement, 2018-09-24T16:44:40+0000
/project/trytond-sale/, trytond-sale, 5.8.3, Tryton module for sale, 2021-04-16T17:24:19+0000
/project/jal/, jal, 2021.4.3, Just Another Ledger - project to track personal financial records, 2021-04-22T04:19:02+0000
/project/save-thread-result/, save-thread-result, 0.0.6, Simple subclass wrapper around `threading.Thread` to get the return value from a thread in python (from `threading` built-in module in Python Standard library). Exact same interface for creating an instance of this threading sublcass as `threading.Thread`!, 2021-02-08T00:27:52+0000
/project/trytond-sale-credit-limit/, trytond-sale-credit-limit, 5.8.1, Tryton module for sale credit limit, 2021-01-01T15:35:18+0000
/project/plaid2qif/, plaid2qif, 1.3.4, Download financial transactions from Plaid as QIF files., 2020-12-06T19:28:06+0000
/project/trytond-purchase/, trytond-purchase, 5.8.4, Tryton module for purchase, 2021-04-16T17:29:48+0000
/project/trytond-account-fr/, trytond-account-fr, 5.8.1, Tryton module with French chart of accounts, 2021-01-01T15:19:09+0000
/project/taxjar/, taxjar, 1.9.2, Sales tax API client for Python, 2021-02-17T03:08:15+0000
/project/a4t-sale-terms-and-conditions/, a4t-sale-terms-and-conditions, 5.0.1, , 2018-11-09T18:30:58+0000
/project/surebilling/, surebilling, 1.2, Python wrapper for the SureBilling API, 2013-09-11T13:21:58+0000
/project/cnb/, cnb, 0.9.3, Access current exchange rate and (short time) historical daily rates from the Czech National Bank., 2015-12-18T10:08:51+0000
/project/beancount-reds-importers/, beancount-reds-importers, 0.4, Importers for various institutions for Beancount, 2021-04-19T08:13:48+0000
/project/beancount-hangseng/, beancount-hangseng, 0.4.0, Parse Hang Seng eStatements to Beancount/CSV, 2019-10-27T14:14:43+0000
/project/fakturoid/, fakturoid, 1.5.1, Python API for fakturoid.cz, 2019-04-25T07:39:47+0000
/project/mds-employee-timetracking/, mds-employee-timetracking, 5.0.24, Tryton module for time tracking of a employee, 2020-02-18T11:59:02+0000
/project/cashflow/, cashflow, 1.0, Reads a Gnucash file and computes your cash flow, 2009-01-03T01:10:50+0000
/project/mds-account-pos-soldproducts/, mds_account_pos_soldproducts, 0.2.0, Tryton module to show sold products, 2017-11-24T11:20:57+0000
/project/trytond-account-payment-sepa-cfonb/, trytond-account-payment-sepa-cfonb, 5.8.1, Tryton module for CFONB SEPA payment, 2021-01-01T15:21:26+0000
/project/trytond-customs/, trytond-customs, 5.8.1, Tryton module for customs, 2021-01-01T15:26:54+0000
/project/django-vies/, django-vies, 6.0.0, Validate and store VAT Information Exchange System (VIES) data in Django., 2021-01-16T15:09:57+0000
/project/trytond-sale-payment/, trytond-sale-payment, 5.8.2, Tryton module that manage payments on sale, 2021-02-01T22:08:56+0000
/project/django-timepiece/, django-timepiece, 1.1.0, A multi-user application for tracking employee time on projects., 2016-03-01T00:26:15+0000
/project/voitto/, voitto, 0.0.1, A simple yet efficient double ledger, 2012-05-11T08:49:14+0000
/project/ofxstatement-czech/, ofxstatement-czech, 1.2.5, Czech banks plugin for ofxstatement, 2015-02-07T19:00:10+0000
/project/diacamma-financial/, diacamma-financial, 2.5.8.21032517, Diacamma financial modules for Lucterios framework., 2021-03-30T09:24:41+0000
/project/products-bastionledger/, Products.BastionLedger, 5.0.3, Zope/Plone Accountancy Suite., 2019-10-14T06:35:11+0000
/project/trytond-commission/, trytond-commission, 5.8.3, Tryton module for commission, 2021-04-16T17:35:03+0000
/project/pymarketcap/, pymarketcap, 4.0.16, Python3 API and web scraper for coinmarketcap.com., 2018-08-09T11:25:07+0000
/project/cds-trytond-account-ca-gifi/, cds-trytond-account-ca-gifi, 4.6.0, Tryton module with Canadian GIFI-based chart of accounts, 2018-01-28T04:26:38+0000
/project/loan-calculator/, loan-calculator, 1.2.0, Loan Calculator, 2021-01-17T23:58:22+0000
/project/mds-account-statement-fints/, mds-account-statement-fints, 4.8.7, Tryton module for importing bank statements via Internet from your bank using the FinTS-3 protocol., 2018-08-22T10:34:14+0000
/project/mds-periodic-invoice/, mds-periodic-invoice, 4.6.0, Tryton module to create periodic invoices, 2017-12-19T10:35:46+0000
/project/bank-statement-reader/, bank-statement-reader, 0.1.2, Reading and converting PDF bank reports, 2021-01-24T17:52:20+0000
/project/trytonar-account-bank-ar/, trytonar_account_bank_ar, 3.4.0, Tryton module with banks of Argentina, 2015-04-29T22:24:18+0000
/project/trytond-sale-invoice-grouping/, trytond-sale-invoice-grouping, 5.8.1, Tryton module to group sale invoices, 2021-01-01T15:36:02+0000
/project/mass-editing/, mass_editing, 0.0.1, This module help for edit or remove more than one records at the same time., 2013-05-15T05:25:13+0000
/project/django-ledger/, django-ledger, 0.3.19, Financial analysis backend for Django. Balance Sheet, Income Statements, Chart of Accounts, Entities, 2020-11-22T01:54:13+0000
/project/lino-cosi/, lino-cosi, 21.3.0, A Lino application to make accounting simple, 2021-03-03T20:49:44+0000
/project/ofxstatement/, ofxstatement, 0.7.1, Tool to convert proprietary bank statement to OFX format, suitable for importing to GnuCash, 2020-09-14T07:10:13+0000
/project/trytond-sale-supply/, trytond-sale-supply, 5.8.1, Tryton module for sale supply, 2021-01-01T15:38:42+0000
/project/trytond-account/, trytond-account, 5.8.2, Tryton module for accounting, 2021-04-02T20:06:16+0000
/project/cacao-accounting/, cacao-accounting, 0.0.1.dev20210403, Software contable para micro, pequeñas y medianas empresas., 2021-04-03T19:02:10+0000
/project/trytonar-account-coop-ar/, trytonar_account_coop_ar, 3.4.0, Tryton module to add an account chart template for Cooperative Argentina, 2015-05-01T14:23:32+0000
/project/trytond-account-payment/, trytond-account-payment, 5.8.2, Tryton module for payment, 2021-04-02T20:04:13+0000
/project/blocksmurfer/, blocksmurfer, 0.0.1, Bitcoin blockchain explorer, 2020-07-27T15:02:50+0000
/project/trytond-account-dunning/, trytond-account-dunning, 5.8.1, Tryton module for account dunning, 2021-01-01T15:18:00+0000
/project/mds-pim-calendar/, mds-pim-calendar, 5.0.0, a Tryton calendar module, 2019-03-18T16:54:15+0000
/project/fava-miler/, fava-miler, 0.2.2, Show expiry of airline miles, rewards points, 2020-10-12T07:25:13+0000
/project/ofxstatement-be-belfius/, ofxstatement-be-belfius, 0.0.2, Belfius bank plugin for ofxstatement (Belgium), 2020-10-24T15:27:28+0000
/project/trytond-account-product/, trytond-account-product, 5.8.1, Tryton module to add accounting on product, 2021-01-01T15:21:49+0000
/project/ofxtoolslambda/, ofxtoolslambda, 0.0.2, Library for working with Open Financial Exchange (OFX) data, 2019-06-25T02:57:36+0000
/project/trytond-sale-advance-payment/, trytond-sale-advance-payment, 5.8.2, Tryton module for sale advance payment, 2021-02-19T20:26:43+0000
/project/piecash/, piecash, 1.1.7, A pythonic interface to GnuCash SQL documents., 2021-04-04T12:40:33+0000
/project/colbert/, Colbert, 0.30, Accountancy utilities for your small (french) business, 2021-03-05T16:09:18+0000
/project/econopy/, econopy, 0.0.3, Simple economic utilities, 2018-04-13T17:00:13+0000
/project/lifelib/, lifelib, 0.0.16, Actuarial models in Python, 2021-02-13T16:31:43+0000
/project/trytond-sale-price-list/, trytond-sale-price-list, 5.8.1, Tryton module to add price list on sale, 2021-01-01T15:36:36+0000
/project/qrplatba-fpdf/, qrplatba-fpdf, 0.9.2, Another approach to print QRPlatba QR code, using fpdf/wfpdf/pyqrcode, 2015-12-22T12:09:02+0000
/project/ofxstatement-be-kbc/, ofxstatement-be-kbc, 0.2.0, ofxstatement plugin for parsing Belgian KBC bank's CSV statements to OFX, 2020-05-17T09:10:48+0000
/project/ofxstatement-dutch/, ofxstatement-dutch, 1.3.2, OFXStatement plugin for dutch financial institutions like DEGIRO, ICSCards, ING and KNAB., 2020-08-02T13:21:48+0000
/project/amatino/, amatino, 0.0.18, Bindings for the Amatino API, an accounting & financial data engine, 2020-05-20T02:40:14+0000
/project/trytond-account-es/, trytond-account-es, 5.8.3, Tryton with Spanish chart of accounts, 2021-04-02T20:05:45+0000
/project/ofxstatement-sparkasse-freiburg/, ofxstatement-sparkasse-freiburg, 0.0.3, ofxstatement plugin for German bank Sparkasse Freiburg-Nördlicher Breisgau, 2018-04-04T06:30:53+0000
/project/ofxstatement-be-triodos/, ofxstatement-be-triodos, 0.0.1, ofxstatement plugin for parsing Belgian Triodos bank's CSV statements to OFX, 2018-01-03T22:30:27+0000
/project/trytond-sale-extra/, trytond-sale-extra, 5.8.1, Tryton module for sale extra, 2021-01-01T15:35:40+0000
/project/qifqif/, qifqif, 0.8.0, Enrich your QIF files with categories, 2020-12-28T10:51:34+0000
/project/iso18245/, iso18245, 1.1.0, The ISO 18245 Merchant Category Codes database, 2020-04-26T00:15:50+0000
/project/magot/, Magot, 0.2.0, A cross-platform personal finance manager., 2006-11-05T20:00:59+0000
/project/firefly-ynab4-importer/, Firefly-YNAB4-Importer, 0.3.1, Firefly iii Importer from YNAB 4, 2020-08-29T04:03:48+0000
/project/cds-trytond-account-payment-beanstream/, cds-trytond-account-payment-beanstream, 4.6.0, Tryton module for BeanStream payment, 2018-01-28T04:31:50+0000
/project/trytond-account-invoice-correction/, trytond-account-invoice-correction, 5.8.1, Tryton module to correct invoice, 2021-01-01T15:19:45+0000
/project/zaim/, zaim, 0.2.3, Python bindings for the Zaim API, 2019-03-23T22:18:54+0000
/project/codapy/, codapy, 0.3.15, Coded statement of Account (CODA) python API, 2021-04-07T13:19:35+0000
/project/croesus/, croesus, 0.2, , 2017-01-06T20:59:58+0000
/project/django-pendulum/, django-pendulum, 0.1.6-pre4, A simple timeclock/timecard application for use in Django-powered Web sites., 2010-12-28T03:48:35+0000
/project/gnucash-utilities/, gnucash-utilities, 0.1.5, Set of python scripts to work with GnuCash books., 2016-11-14T21:36:39+0000
/project/pyxero-ni-temp/, pyxero_ni_temp, 0.7.0-alpha2, Python API for accessing the REST API of the Xero accounting tool., 2015-06-25T16:12:48+0000
/project/mds-account-invoice-deliverydate/, mds-account-invoice-deliverydate, 4.6.0, Tryton module to add delivery-date to invoices, 2017-12-15T11:30:46+0000
/project/fisk/, fisk, 0.8.2, library for fiscalization (Hrvatska) as defined in wsdl-1.1.2 and wsdl-1.2, 2017-03-30T07:51:34+0000
/project/cad-capgains/, cad-capgains, 2.0.1, A CLI tool to calculate your capital gains, 2021-03-14T21:12:56+0000
/project/nbpy/, NBPy, 0.1.1, A utility package for calling NBP (Polish National Bank) Web API., 2017-11-07T22:02:27+0000
/project/gnucashreport/, gnucashreport, 0.2.5, Reports from GnuCash to xlsx files, 2019-11-08T11:44:15+0000
/project/amortization/, amortization, 1.0.3, Python library for calculating amortizations and generating amortization schedules, 2021-03-21T05:40:40+0000
/project/beancount-reds-plugins/, beancount-reds-plugins, 0.1.0, A collection of plugins for Beancount, 2020-05-04T03:20:47+0000
/project/trytond-account-be/, trytond-account-be, 5.8.1, Tryton module with Belgian chart of accounts, 2021-01-01T15:17:04+0000
/project/ofxstatement-cd-tmb/, ofxstatement-cd-tmb, 1.2.5, OFXStatement plugin for TMB (DR Congo), 2020-06-09T10:14:56+0000
/project/trytond-analytic-sale/, trytond-analytic-sale, 5.8.1, Tryton module to add analytic accounting on sale, 2021-01-01T15:24:32+0000
/project/tariochbctools/, tariochbctools, 0.15.0, Importers, plugins and price fetchers for Beancount, 2021-04-09T15:12:19+0000
/project/mds-account-pos-movelines/, mds_account_pos_movelines, 0.1.2, Tryton module to show move lines, 2017-06-12T07:39:23+0000
/project/ofxstatement-be-argenta/, ofxstatement-be-argenta, 1.0.5, ofxstatement plugin for Argenta, 2019-09-16T09:09:26+0000
/project/trytond-account-stock-continental/, trytond-account-stock-continental, 5.8.1, Tryton module for continental real-time stock valuation, 2021-01-01T15:23:04+0000
/project/python-limelight/, python-limelight, 1.1, A pythonic Lime Light API wrapper, 2014-09-16T17:51:21+0000
/project/trytond-account-payment-sepa/, trytond-account-payment-sepa, 5.8.1, Tryton module for SEPA payment, 2021-01-01T15:21:15+0000
/project/trytonar-account-retencion-ar/, trytonar_account_retencion_ar, 3.4.0, Tryton module with accounting withholding for Argentina, 2015-04-29T22:56:43+0000
/project/ofxstatement-simple/, ofxstatement-simple, 0.1.0, Simple (the bank) plugin for ofxstatement, 2015-10-11T21:35:57+0000
/project/vatnumber/, vatnumber, 1.2, [UNMAINTAINED] Python module to validate VAT numbers, 2014-06-25T21:54:15+0000
/project/binance-downloader/, binance-downloader, 0.2.4, CLI to download k-line (candlestick/OHLC) data from Binance API, 2019-01-12T22:27:51+0000
/project/pyvieser/, pyvieser, 0.0.3, A wrapper API of VIES VAT web service, 2018-12-14T17:45:55+0000
/project/ofxstatement-revolut/, ofxstatement-revolut, 1.6.0, Bank statement parser for Revolut, 2020-11-29T13:49:35+0000
/project/betterlifepsi/, betterlifepsi, 0.6.8, Betterlife Intelligent PSI(Purchase, Sales and Inventory) system, 2018-11-04T17:46:12+0000
/project/dqc-us-rules/, dqc_us_rules, 3.5.0, Added 2017 taxonomy to rule 0041, 2017-06-06T19:56:36+0000
/project/trytond-account-invoice-history/, trytond-account-invoice-history, 5.8.1, Tryton module to historize invoices, 2021-01-01T15:19:57+0000
/project/russian-numerals/, russian-numerals, 0.2b0, Python package for working with quantitative numerals in Russian., 2020-07-03T09:12:04+0000
/project/beancount-n26/, beancount-n26, 0.4.1, Beancount Importer for N26 CSV exports, 2020-12-06T15:51:42+0000
/project/finac/, finac, 0.5.6, Financial accounting library, 2021-02-26T13:00:00+0000
/project/fiscal445/, fiscal445, 0.1.6, 445 Fiscal calendar, 2021-01-31T22:47:54+0000
/project/trytond-sale-promotion/, trytond-sale-promotion, 5.8.1, Tryton module for sale promotion, 2021-01-01T15:36:57+0000
/project/pyvies/, pyvies, 0.1, A quick Python API for the VIES VAT number validation, 2012-10-17T15:05:00+0000
/project/pyxero/, pyxero, 0.9.2, Python API for accessing the REST API of the Xero accounting tool., 2020-03-01T04:45:59+0000
/project/mia-accounting/, mia-accounting, 0.0.2, A Django accounting application, 2020-09-08T23:03:39+0000
/project/enron/, enron, 0.1.dev2, Type foundation for building strict accounting systems, 2018-05-09T02:28:31+0000
/project/trytond-account-invoice/, trytond-account-invoice, 5.8.3, Tryton module for invoicing, 2021-03-03T17:31:15+0000
/project/neadva/, neadva, 0.51, Hungarian Tax Authority NAV reporting api library, 2021-02-22T21:37:07+0000
/project/ofxstatement-lithuanian/, ofxstatement-lithuanian, 1.2.0, Statement parsers for banks, operatiing in Lithuania, 2020-09-20T18:33:11+0000
/project/ofxstatement-latvian/, ofxstatement-latvian, 1.3.2, Statement parsers for banks operating in Latvia, 2018-01-31T09:20:38+0000
/project/ynab-weekly/, YNAB-Weekly, 1.0.4, Recieve top spending categories in YNAB weekly, 2019-09-20T20:25:50+0000
/project/ledgerman/, ledgerman, 0.7.0, The python library for accounting and finance., 2020-10-31T10:39:05+0000
/project/ibflex/, ibflex, 0.15, ('Parse Interactive Brokers Flex XML reports and convert to Python types',), 2021-01-13T01:18:08+0000
/project/investments/, investments, 0.1.25, Analysis of Interactive Brokers reports for tax reporting in Russia, 2021-01-20T16:37:57+0000
/project/mds-timesheet-invoiced/, mds-timesheet-invoiced, 4.8.1, Tryton module to add a invoiced tab to timesheet table., 2018-10-10T11:44:32+0000
/project/beancount-mnb/, beancount-mnb, 1.0.1, Az MNB hivatalos középárfolyamainak letöltését megvalósító beancount plugin., 2020-05-28T16:25:58+0000
/project/py-mortgagekit/, py-mortgagekit, 1.0.3b1, Python library for mortgage calculations., 2017-11-11T03:18:50+0000
/project/intellihr-pyxero/, intellihr-pyxero, 0.0.2, Python API for accessing the REST API of the Xero accounting tool., 2019-04-18T06:48:07+0000
/project/assetvaluation/, assetvaluation, 0.1.0.dev2, Functions to support assets valuation (finance, accounting, and modelling), 2019-11-30T02:05:15+0000
/project/pyziptax/, pyziptax, 1.2.1, Python API for accessing sales tax information from Zip-Tax.com, 2017-02-04T09:44:29+0000
/project/ofxstatement-cd-rawbank/, ofxstatement-cd-rawbank, 1.0.1, OFXStatement plugin for Rawbank (DR Congo), 2020-06-19T11:01:34+0000
/project/trytond-account-stock-landed-cost-weight/, trytond-account-stock-landed-cost-weight, 5.8.1, Tryton module for landed cost per weight, 2021-01-01T15:23:26+0000
/project/portfolio-rebalancer/, portfolio-rebalancer, 1.0.1, A CLI tool that shows you what to buy to rebalance your portfolio as best as possible to your target allocations., 2021-04-10T09:49:47+0000
/project/python-schwab/, python-schwab, 0.1.2, Obtain transaction data from Schwab accounts., 2013-08-25T13:41:22+0000
/project/python-harvest-apiv2/, python-harvest-apiv2, 1.11.0, Harvest API v2 client, 2020-11-19T08:24:13+0000
/project/trytond-sale-shipment-grouping/, trytond-sale-shipment-grouping, 5.8.1, Tryton module to group sale stock moves, 2021-01-01T15:37:47+0000
/project/itauscraper/, itauscraper, 1.0, Scraper para baixar seus extratos do Itaú com um comando., 2017-07-25T01:41:28+0000
/project/pyanaf/, pyAnaf, 0.0.2, A wrapper API of ANAF web services, 2018-12-12T20:19:35+0000
/project/ludget/, ludget, 0.1.0, ledger data visualization, 2018-06-05T11:35:37+0000
/project/ofxstatement-betterment/, ofxstatement-betterment, 0.3.1, Betterment plugin for ofxstatement, 2016-02-13T19:55:32+0000
/project/taxman/, taxman, 0.2.0, A set of CLI tools for computing Income Tax and National Insurance contributions for the UK tax system., 2019-02-21T18:43:32+0000
/project/spyder-modelx/, spyder-modelx, 0.7.0, Spyder plugin for modelx, 2021-04-24T03:47:34+0000
/project/churn/, churn, 0.1.0, CLI for credit card payments and rewards, 2017-01-21T16:56:48+0000
/project/paymo/, paymo, 0.0.2, Python wrapper for the Paymo API., 2012-11-28T02:07:19+0000
/project/django-sofort/, django-sofort, 0.0.1, Django implementation of the Sofort.com API, 2014-03-31T16:18:55+0000
/project/trytond-account-de-skr03/, trytond-account-de-skr03, 5.8.1, Tryton module with German chart of accounts SKR03, 2021-01-01T15:17:49+0000
/project/trytond-account-payment-clearing/, trytond-account-payment-clearing, 5.8.1, Tryton module for payment clearing, 2021-01-01T15:21:03+0000
/project/toggl-dinero/, toggl-dinero, 0.2.1, Dinero invoicing from Toggl time entries., 2020-11-30T18:10:45+0000
/project/enron/, enron, 0.1.dev2, Type foundation for building strict accounting systems, 2018-05-09T02:28:31+0000
/project/trytond-account-invoice/, trytond-account-invoice, 5.8.3, Tryton module for invoicing, 2021-03-03T17:31:15+0000
/project/neadva/, neadva, 0.51, Hungarian Tax Authority NAV reporting api library, 2021-02-22T21:37:07+0000
/project/ofxstatement-lithuanian/, ofxstatement-lithuanian, 1.2.0, Statement parsers for banks, operatiing in Lithuania, 2020-09-20T18:33:11+0000
/project/ofxstatement-latvian/, ofxstatement-latvian, 1.3.2, Statement parsers for banks operating in Latvia, 2018-01-31T09:20:38+0000
/project/ynab-weekly/, YNAB-Weekly, 1.0.4, Recieve top spending categories in YNAB weekly, 2019-09-20T20:25:50+0000
/project/ledgerman/, ledgerman, 0.7.0, The python library for accounting and finance., 2020-10-31T10:39:05+0000
/project/ibflex/, ibflex, 0.15, ('Parse Interactive Brokers Flex XML reports and convert to Python types',), 2021-01-13T01:18:08+0000
/project/investments/, investments, 0.1.25, Analysis of Interactive Brokers reports for tax reporting in Russia, 2021-01-20T16:37:57+0000
/project/mds-timesheet-invoiced/, mds-timesheet-invoiced, 4.8.1, Tryton module to add a invoiced tab to timesheet table., 2018-10-10T11:44:32+0000
/project/beancount-mnb/, beancount-mnb, 1.0.1, Az MNB hivatalos középárfolyamainak letöltését megvalósító beancount plugin., 2020-05-28T16:25:58+0000
/project/py-mortgagekit/, py-mortgagekit, 1.0.3b1, Python library for mortgage calculations., 2017-11-11T03:18:50+0000
/project/intellihr-pyxero/, intellihr-pyxero, 0.0.2, Python API for accessing the REST API of the Xero accounting tool., 2019-04-18T06:48:07+0000
/project/assetvaluation/, assetvaluation, 0.1.0.dev2, Functions to support assets valuation (finance, accounting, and modelling), 2019-11-30T02:05:15+0000
/project/pyedgar/, pyedgar, 0.1.5, Python interface to EDGAR filings., 2020-08-20T22:50:57+0000
/project/joeflow/, joeflow, 1.0.5, The lean workflow automation framework for machines with heart, 2021-04-08T10:16:09+0000
/project/banknumber/, banknumber, 2.0, Python module to validate Bank codes, 2016-09-22T10:39:38+0000
/project/gcinvoice/, gcinvoice, 0.2.3, Parse Gnucash data and create invoices, 2020-06-14T19:02:14+0000
/project/py-xbrl/, py-xbrl, 1.1.4, Parser for parsing XBRL and iXBRL files (instance documents, taxonomy schemas, taxonomy linkbases)., 2021-04-19T18:48:20+0000
/project/ofxstatement-fineco/, ofxstatement-fineco, 0.0.2, italian bank Fineco, it parses both xls files available for private accounts, 2018-10-13T05:26:37+0000
/project/pyopendart/, pyopendart, 0.3.0, 전자공시시스템 DART 파이썬 API (for Humans), 2021-03-01T05:46:14+0000
/project/bluechips/, BlueChips, 1.0.4, BlueChips - finances for people with shared expenses, 2011-11-07T19:51:58+0000
/project/fiscal445/, fiscal445, 0.1.6, 445 Fiscal calendar, 2021-01-31T22:47:54+0000
/project/trytond-sale-promotion/, trytond-sale-promotion, 5.8.1, Tryton module for sale promotion, 2021-01-01T15:36:57+0000
/project/pyvies/, pyvies, 0.1, A quick Python API for the VIES VAT number validation, 2012-10-17T15:05:00+0000
/project/pyxero/, pyxero, 0.9.2, Python API for accessing the REST API of the Xero accounting tool., 2020-03-01T04:45:59+0000
/project/mia-accounting/, mia-accounting, 0.0.2, A Django accounting application, 2020-09-08T23:03:39+0000
/project/ofxstatement-french/, ofxstatement-french, 1.4.0, OFXStatement plugin for french financial institutions like BanquePopulaire., 2021-01-18T13:13:48+0000
/project/amortize/, amortize, 0.0.9, Easy-to-use Python Library for Amortization Schedule and Refinance, 2021-02-07T21:00:49+0000
/project/trytonar-account-retencion-ar/, trytonar_account_retencion_ar, 3.4.0, Tryton module with accounting withholding for Argentina, 2015-04-29T22:56:43+0000
/project/pymonon/, pymonon, 0.0.1-dev, Python Money Helper, 2013-01-31T22:24:20+0000
/project/swissdta/, swissdta, 1.0.1, Swiss DTA payment record (TA 836) generator library, 2018-01-08T23:12:35+0000
/project/ofxstatement-simple/, ofxstatement-simple, 0.1.0, Simple (the bank) plugin for ofxstatement, 2015-10-11T21:35:57+0000
/project/vatnumber/, vatnumber, 1.2, [UNMAINTAINED] Python module to validate VAT numbers, 2014-06-25T21:54:15+0000
/project/binance-downloader/, binance-downloader, 0.2.4, CLI to download k-line (candlestick/OHLC) data from Binance API, 2019-01-12T22:27:51+0000
/project/pyvieser/, pyvieser, 0.0.3, A wrapper API of VIES VAT web service, 2018-12-14T17:45:55+0000
/project/ofxstatement-revolut/, ofxstatement-revolut, 1.6.0, Bank statement parser for Revolut, 2020-11-29T13:49:35+0000
/project/betterlifepsi/, betterlifepsi, 0.6.8, Betterlife Intelligent PSI(Purchase, Sales and Inventory) system, 2018-11-04T17:46:12+0000
/project/dqc-us-rules/, dqc_us_rules, 3.5.0, Added 2017 taxonomy to rule 0041, 2017-06-06T19:56:36+0000
/project/benfords/, benfords, 1.0.2, Provides a series of functions to make Benford's Law usage more convenient., 2021-02-01T04:38:26+0000
/project/ofxtools/, ofxtools, 0.9.4, Library for working with Open Financial Exchange (OFX) data, 2021-04-06T17:15:23+0000
/project/trytond-account-dunning-letter/, trytond-account-dunning-letter, 5.8.1, Tryton module for account dunning letter, 2021-01-01T15:18:32+0000
/project/trytond-sale-complaint/, trytond-sale-complaint, 5.8.2, Tryton module for sale complaint, 2021-04-16T17:23:12+0000
/project/pyshtrih/, pyshtrih, 2.0.4, Реализация драйвера семейства ККМ "Штрих" на Python., 2018-11-26T10:01:17+0000
/project/trytonar-account-voucher-ar/, trytonar_account_voucher_ar, 3.4.0, Tryton module to add payments and receipts for Argentina, 2015-04-29T22:01:20+0000
/project/ofxstatement-be-keytrade/, ofxstatement-be-keytrade, 0.0.1, OFXStatement plugin for KeytradeBank (Belgium), 2020-05-14T09:11:45+0000
/project/capone/, capone, 2.0.2, Django app representing a double-entry accounting ledger., 2020-04-06T14:34:00+0000
/project/pycryptax/, PyCryptax, 1.0.0, UK Income and Capital Gains Tax Calculator for Cryptocurrencies, 2020-02-05T14:28:35+0000
/project/remittance/, remittance, 0.0.47, A framework to model remittances.  Useful for writing software to process remittances., 2018-03-01T12:42:01+0000
/project/trytonar-account-ar/, trytonar_account_ar, 3.4.0, Tryton module to add an account chart template for Argentina, 2015-04-29T19:25:59+0000
/project/trytond-account-invoice-history/, trytond-account-invoice-history, 5.8.1, Tryton module to historize invoices, 2021-01-01T15:19:57+0000
/project/russian-numerals/, russian-numerals, 0.2b0, Python package for working with quantitative numerals in Russian., 2020-07-03T09:12:04+0000
/project/beancount-n26/, beancount-n26, 0.4.1, Beancount Importer for N26 CSV exports, 2020-12-06T15:51:42+0000
/project/finac/, finac, 0.5.6, Financial accounting library, 2021-02-26T13:00:00+0000
/project/django-xero/, django-xero, 0.0.3, Xero integration for Django, 2019-07-14T20:45:06+0000
/project/invoice2data/, invoice2data, 0.3.5, Python parser to extract data from pdf invoice, 2019-08-21T13:10:49+0000
/project/diamond-accounting/, diamond-accounting, 0.1.0, Diamond-Accounting helps you manage your books., 2017-12-15T03:44:04+0000
/project/trytond-account-deposit/, trytond-account-deposit, 5.8.1, Tryton module for accounting deposit, 2021-01-01T15:17:38+0000
/project/py-incomepropertyevaluatorkit/, py-incomepropertyevaluatorkit, 0.0.1, Python library for performing rental and income property calculations., 2017-12-02T20:37:50+0000
/project/benford-py/, benford-py, 0.4.0, A library for testing data sets with Bendford's Law, 2021-04-25T21:18:14+0000
/project/bitcoinlib/, bitcoinlib, 0.5.3, Bitcoin and Other cryptocurrency Library, 2021-03-20T09:31:16+0000
/project/luca/, luca, 1.0, Do accounting with YAML, fill out tax forms with JSON, 2013-11-18T18:39:03+0000
/project/trytond-account-payment-stripe/, trytond-account-payment-stripe, 5.8.2, Tryton module for Stripe payment, 2021-02-19T20:28:07+0000
/project/ofxstatement-jl-partnership/, ofxstatement-jl-partnership, 1.0.0, OFXStatement plugin for John Lewis Partnership card (UK), 2020-10-04T10:31:49+0000
/project/bbscraper/, bbscraper, 1.2, bbscraper, 2018-10-15T16:51:07+0000
/project/godslayer/, godslayer, 1.1.0, Provides generator to read Kami (god) CSV record as list of string., 2020-08-17T11:13:00+0000
/project/gnucash-to-beancount/, gnucash-to-beancount, 1.0b0, Gnucash to Beancount Converter., 2017-01-02T04:34:53+0000
/project/ofxstatement-be-cbc/, ofxstatement-be-cbc, 0.1.1, ofxstatement plugin for parsing Belgian CBC bank's CSV statements to OFX, 2020-04-07T11:14:25+0000
/project/ofxstatement-be-bnp/, ofxstatement-be-bnp, 0.1.3, ofxstatement plugin for parsing Belgian BNP Paribas Fortis bank's CSV statements to OFX, 2020-05-14T09:29:57+0000
/project/lib-baronial/, lib-baronial, 0.1.0, Tools for writing Python scripts to work with a baronial repository., 2019-06-23T23:17:13+0000
/project/beancount-fava/, beancount-fava, 1.2.1, A rich web interface for the CL-accounting tool beancount., 2017-03-15T10:42:29+0000
/project/ofxstatement-austrian/, ofxstatement-austrian, 0.0.4, Statement parser for several austrian banks, 2017-04-08T16:34:20+0000
/project/autobean/, autobean, 0.1.1, A collection of plugins and scripts that help automating bookkeeping with beancount, 2021-01-02T21:58:00+0000
/project/rh-1099/, rh-1099, 1.0.1, Parses Robinhood 1099 tax document from PDF into CSV format, 2021-04-08T20:58:13+0000
/project/fava-investor/, fava-investor, 0.2.1, Fava extension and beancount libraries for investing, 2021-01-10T10:52:29+0000
/project/factur-x/, factur-x, 2.3, Factur-X and Order-X: electronic invoicing and ordering standards, 2021-04-12T17:13:44+0000
/project/trytonar-cooperative-ar/, trytonar_cooperative_ar, 3.4.5, Tryton module to add funcionality to Cooperative Work of Argentina, 2015-11-05T09:37:20+0000
/project/ofxstatement-intesasp/, ofxstatement-intesasp, 0.1.4, Plugin for ofxstatement that supports Intesa San paoloxlsx file, 2021-04-16T14:02:26+0000
/project/fintech/, fintech, 6.6.2, The Python FinTech package (SEPA, EBICS & more), 2021-03-16T00:48:02+0000
/project/xbrl/, xbrl, 0.0.1, Parsing and navigating XBRL documents, 2019-11-05T20:04:49+0000
/project/trytonar-account-check-ar/, trytonar_account_check_ar, 3.4.1, Tryton module for accounting check of Argentina, 2015-04-29T22:44:31+0000
/project/python-briefdruckzentrum/, python-briefdruckzentrum, 0.1.4, a lightweight python wrapper for briefdruckzentrum.de API, 2017-07-03T15:07:18+0000
/project/fava-plugins/, fava-plugins, 1.0, A collection of Beancount plugins., 2018-03-17T13:12:26+0000
/project/pisa/, pisa, 3.0.33, PDF generator using HTML and CSS, 2010-06-16T14:09:56+0000
/project/bittytax/, BittyTax, 0.4.3, Crypto-currency tax calculator for UK tax rules. Produces a PDF report of your capital gains and income. Import your data from popular wallets and exchanges (i.e. Coinbase, Binance, etc)., 2020-12-04T16:08:27+0000
/project/tagcash/, tagcash, 1.0.0b2, Finances with tags in CLI, 2018-01-15T21:01:55+0000
/project/ofxstatement-postfinance/, ofxstatement-postfinance, 0.0.1, ofxstatement for Post Finance (Swiss), 2015-02-08T21:46:40+0000
/project/fints-url/, fints-url, 0.7, FinTS URL Retriever, 2019-05-30T21:01:47+0000
/project/lucre/, lucre, 0.1.0, Plain Text Accounting, 2021-03-20T10:02:10+0000
/project/trytond-sale-supply-drop-shipment/, trytond-sale-supply-drop-shipment, 5.8.1, Tryton module for sale supply drop shipment, 2021-01-01T15:38:52+0000
/project/shtrihm-fr/, shtrihm-fr, 0.2.0, Driver for Shtrih-M cash (fiscal) registers., 2017-04-24T04:46:56+0000
/project/trytond-account-statement/, trytond-account-statement, 5.8.1, Tryton module with account statements, 2021-01-01T15:22:00+0000
/project/trytond-analytic-purchase/, trytond-analytic-purchase, 5.8.1, Tryton module to add analytic accounting on purchase, 2021-01-01T15:24:22+0000
/project/webbean/, Webbean, 0.0.1, An application to get transactions diffbetween accounting file and bank, 2019-11-22T12:57:03+0000
/project/mds-account-invoice-confirmpost/, mds-account-invoice-confirmpost, 5.0.0, Queries a confirmation if you post an invoice., 2019-03-22T12:56:50+0000
/project/ofxstatement-fr-banquepostale/, ofxstatement-fr-banquepostale, 0.0.1, ofxstatement plugin for La Banque Postale - France, 2020-05-10T19:24:21+0000
/project/numpy-financial/, numpy-financial, 1.0.0, Simple financial functions, 2019-10-18T16:13:43+0000
/project/trytond-analytic-account/, trytond-analytic-account, 5.8.1, Tryton module for analytic accounting, 2021-01-01T15:23:59+0000
/project/htmlentity2ascii/, htmlentity2ascii, 1.0, Python module to convert html entities to ascii, 2012-09-18T15:54:47+0000
/project/exactonline/, exactonline, 0.3.5, Exact Online REST API Library in Python, 2020-09-22T12:54:07+0000
/project/beancount-docverif/, beancount-docverif, 1.0.0, Document verification plugin for Beancount, 2020-06-22T16:31:08+0000
/project/trytond-account-asset/, trytond-account-asset, 5.8.3, Tryton module for assets management, 2021-04-16T17:36:12+0000
/project/constellation-orderboard/, Constellation-OrderBoard, 0.2.1, Constellation Suite - Order Management, 2017-04-17T07:26:07+0000
/project/ninvoice2data/, ninvoice2data, 0.4.16, Python parser to extract data from pdf invoice, 2019-02-05T14:06:04+0000
/project/trytond-account-invoice-secondary-unit/, trytond-account-invoice-secondary-unit, 5.8.1, Tryton module to add a secondary unit on invoice line, 2021-01-01T15:20:19+0000
/project/trytonar-account-invoice-ar/, trytonar_account_invoice_ar, 3.4.5, Tryton module to add account invoice (electronic/manual) localizacion for Argentina (AFIP), 2015-11-25T13:17:10+0000
/project/beancount2ledger/, beancount2ledger, 1.3, Beancount to Ledger converter, 2020-11-13T12:06:26+0000
/project/pyhacc/, PyHacc, 0.9.0, pyhacc personal accounting, 2015-01-16T18:11:38+0000
/project/trytond-analytic-invoice/, trytond-analytic-invoice, 5.8.1, Tryton module to add analytic accounting on invoice, 2021-01-01T15:24:11+0000
/project/ledgertools/, ledgertools, 0.3, Ledger accounting system utilities, 2013-07-07T00:24:23+0000
/project/trytond-sale-subscription/, trytond-sale-subscription, 5.8.3, Tryton module for subscription, 2021-04-16T17:14:38+0000
/project/beancount-dkb/, beancount-dkb, 0.10.0, Beancount Importer for DKB CSV exports, 2021-03-28T08:27:29+0000
/project/beancount-pygments-lexer/, beancount-pygments-lexer, 0.1.2, A pygments-lexer for beancount-files., 2016-02-23T14:33:48+0000
/project/pineboo/, pineboo, 0.99.8, ERP replacement for Eneboo written in Python, 2021-04-23T11:50:00+0000
/project/ofxstatement-zm-stanbic/, ofxstatement-zm-stanbic, 1.1.1, OFXStatement plugin for Stanbic Bank (Zambia), 2020-07-07T09:13:56+0000
/project/a4t-terms-and-conditions/, a4t-terms-and-conditions, 5.0.1, , 2018-11-09T18:30:32+0000
/project/trytonar-bank-ar/, trytonar_bank_ar, 3.4.1, Module for banks of Argentina, 2015-06-23T23:06:15+0000
/project/ofxstatement-otp/, ofxstatement-otp, 0.0.6, ofxstatement plugin for the Hungarian bank OTP, 2020-11-11T12:10:47+0000
/project/billingyard/, billingyard, 1.0.0, CLI invoice generator for business entities in the Czech republic, 2021-02-24T19:45:59+0000
/project/fava-inventory/, fava-inventory, 0.1.0, Fava extension for beancount physical inventory balances, 2020-11-29T00:08:09+0000
/project/ofxstatement-iso20022/, ofxstatement-iso20022, 0.6.0, ISO-20022 plugin for ofxstatement, 2021-02-07T18:15:11+0000
/project/ofxstatement-nl-ing/, ofxstatement-nl-ing, 0.1.0, OFXStatement plugin for ING (Netherlands), 2019-11-17T14:11:55+0000
/project/loan-calculator/, loan-calculator, 1.2.0, Loan Calculator, 2021-01-17T23:58:22+0000
/project/mds-account-statement-fints/, mds-account-statement-fints, 4.8.7, Tryton module for importing bank statements via Internet from your bank using the FinTS-3 protocol., 2018-08-22T10:34:14+0000
/project/postilion/, postilion, 0.0.4, A wrapper around the postiliion api, 2020-01-01T05:04:22+0000
/project/mds-periodic-invoice/, mds-periodic-invoice, 4.6.0, Tryton module to create periodic invoices, 2017-12-19T10:35:46+0000
/project/bank-statement-reader/, bank-statement-reader, 0.1.2, Reading and converting PDF bank reports, 2021-01-24T17:52:20+0000
/project/trytonar-account-bank-ar/, trytonar_account_bank_ar, 3.4.0, Tryton module with banks of Argentina, 2015-04-29T22:24:18+0000
/project/trytond-sale-invoice-grouping/, trytond-sale-invoice-grouping, 5.8.1, Tryton module to group sale invoices, 2021-01-01T15:36:02+0000
/project/mass-editing/, mass_editing, 0.0.1, This module help for edit or remove more than one records at the same time., 2013-05-15T05:25:13+0000
/project/django-ledger/, django-ledger, 0.3.19, Financial analysis backend for Django. Balance Sheet, Income Statements, Chart of Accounts, Entities, 2020-11-22T01:54:13+0000
/project/ofxstatement/, ofxstatement, 0.7.1, Tool to convert proprietary bank statement to OFX format, suitable for importing to GnuCash, 2020-09-14T07:10:13+0000
/project/fava-envelope/, fava-envelope, 0.5.1, Fava Envelope budgeting for beancount, 2021-01-30T04:58:05+0000
/project/trytond-sale-supply/, trytond-sale-supply, 5.8.1, Tryton module for sale supply, 2021-01-01T15:38:42+0000
/project/trytond-account/, trytond-account, 5.8.2, Tryton module for accounting, 2021-04-02T20:06:16+0000
/project/xirr/, xirr, 0.1.6, xirr and xnpv calculators, 2021-01-10T20:48:04+0000
/project/ofxstatement-lansforsakringar/, ofxstatement-lansforsakringar, 0.2.0, Länsförsäkringar plugin for ofxstatement, 2018-09-24T16:44:40+0000
/project/trytond-account-fr/, trytond-account-fr, 5.8.1, Tryton module with French chart of accounts, 2021-01-01T15:19:09+0000
/project/taxjar/, taxjar, 1.9.2, Sales tax API client for Python, 2021-02-17T03:08:15+0000
/project/a4t-sale-terms-and-conditions/, a4t-sale-terms-and-conditions, 5.0.1, , 2018-11-09T18:30:58+0000
/project/surebilling/, surebilling, 1.2, Python wrapper for the SureBilling API, 2013-09-11T13:21:58+0000
/project/cnb/, cnb, 0.9.3, Access current exchange rate and (short time) historical daily rates from the Czech National Bank., 2015-12-18T10:08:51+0000
/project/trytond-account-dunning/, trytond-account-dunning, 5.8.1, Tryton module for account dunning, 2021-01-01T15:18:00+0000
/project/mds-pim-calendar/, mds-pim-calendar, 5.0.0, a Tryton calendar module, 2019-03-18T16:54:15+0000
/project/fava-miler/, fava-miler, 0.2.2, Show expiry of airline miles, rewards points, 2020-10-12T07:25:13+0000
/project/ofxstatement-be-belfius/, ofxstatement-be-belfius, 0.0.2, Belfius bank plugin for ofxstatement (Belgium), 2020-10-24T15:27:28+0000
/project/trytond-account-product/, trytond-account-product, 5.8.1, Tryton module to add accounting on product, 2021-01-01T15:21:49+0000
/project/ofxtoolslambda/, ofxtoolslambda, 0.0.2, Library for working with Open Financial Exchange (OFX) data, 2019-06-25T02:57:36+0000
/project/trytond-sale-advance-payment/, trytond-sale-advance-payment, 5.8.2, Tryton module for sale advance payment, 2021-02-19T20:26:43+0000
/project/trytond-account-payment-sepa-cfonb/, trytond-account-payment-sepa-cfonb, 5.8.1, Tryton module for CFONB SEPA payment, 2021-01-01T15:21:26+0000
/project/trytond-customs/, trytond-customs, 5.8.1, Tryton module for customs, 2021-01-01T15:26:54+0000
/project/ofxstatement-be-triodos/, ofxstatement-be-triodos, 0.0.1, ofxstatement plugin for parsing Belgian Triodos bank's CSV statements to OFX, 2018-01-03T22:30:27+0000
/project/trytond-account-be/, trytond-account-be, 5.8.1, Tryton module with Belgian chart of accounts, 2021-01-01T15:17:04+0000
/project/ofxstatement-cd-tmb/, ofxstatement-cd-tmb, 1.2.5, OFXStatement plugin for TMB (DR Congo), 2020-06-09T10:14:56+0000
/project/trytond-analytic-sale/, trytond-analytic-sale, 5.8.1, Tryton module to add analytic accounting on sale, 2021-01-01T15:24:32+0000
/project/trytond-sale-extra/, trytond-sale-extra, 5.8.1, Tryton module for sale extra, 2021-01-01T15:35:40+0000
/project/tariochbctools/, tariochbctools, 0.15.0, Importers, plugins and price fetchers for Beancount, 2021-04-09T15:12:19+0000
/project/qifqif/, qifqif, 0.8.0, Enrich your QIF files with categories, 2020-12-28T10:51:34+0000
/project/iso18245/, iso18245, 1.1.0, The ISO 18245 Merchant Category Codes database, 2020-04-26T00:15:50+0000
/project/django-vies/, django-vies, 6.0.0, Validate and store VAT Information Exchange System (VIES) data in Django., 2021-01-16T15:09:57+0000
/project/trytond-sale-payment/, trytond-sale-payment, 5.8.2, Tryton module that manage payments on sale, 2021-02-01T22:08:56+0000
/project/modelx/, modelx, 0.13.1, Build and run complex models composed of formulas and data, 2021-03-28T05:45:31+0000
/project/mds-account-de-skr04/, mds-account-de-skr04, 5.4.0, Tryton module with German chart of accounts SKR04, 2019-12-11T10:04:18+0000
/project/django-timepiece/, django-timepiece, 1.1.0, A multi-user application for tracking employee time on projects., 2016-03-01T00:26:15+0000
/project/voitto/, voitto, 0.0.1, A simple yet efficient double ledger, 2012-05-11T08:49:14+0000
/project/ofxstatement-czech/, ofxstatement-czech, 1.2.5, Czech banks plugin for ofxstatement, 2015-02-07T19:00:10+0000
/project/diacamma-financial/, diacamma-financial, 2.5.8.21032517, Diacamma financial modules for Lucterios framework., 2021-03-30T09:24:41+0000
/project/products-bastionledger/, Products.BastionLedger, 5.0.3, Zope/Plone Accountancy Suite., 2019-10-14T06:35:11+0000
/project/trytond-commission/, trytond-commission, 5.8.3, Tryton module for commission, 2021-04-16T17:35:03+0000
/project/pymarketcap/, pymarketcap, 4.0.16, Python3 API and web scraper for coinmarketcap.com., 2018-08-09T11:25:07+0000
/project/cds-trytond-account-ca-gifi/, cds-trytond-account-ca-gifi, 4.6.0, Tryton module with Canadian GIFI-based chart of accounts, 2018-01-28T04:26:38+0000
/project/lino-cosi/, lino-cosi, 21.3.0, A Lino application to make accounting simple, 2021-03-03T20:49:44+0000
/project/mds-project-durationcolumn/, mds-project-durationcolumn, 4.8.0, Tryton module to add a duration-column to the list of projects, 2018-10-05T10:01:47+0000
/project/lino-voga/, lino-voga, 20.12.1, A Lino application for managing courses, participants and meeting rooms, 2020-12-26T09:54:08+0000
/project/trytond-sale/, trytond-sale, 5.8.3, Tryton module for sale, 2021-04-16T17:24:19+0000
/project/jal/, jal, 2021.4.3, Just Another Ledger - project to track personal financial records, 2021-04-22T04:19:02+0000
/project/cacao-accounting/, cacao-accounting, 0.0.1.dev20210403, Software contable para micro, pequeñas y medianas empresas., 2021-04-03T19:02:10+0000
/project/trytonar-account-coop-ar/, trytonar_account_coop_ar, 3.4.0, Tryton module to add an account chart template for Cooperative Argentina, 2015-05-01T14:23:32+0000
/project/trytond-account-payment/, trytond-account-payment, 5.8.2, Tryton module for payment, 2021-04-02T20:04:13+0000
/project/blocksmurfer/, blocksmurfer, 0.0.1, Bitcoin blockchain explorer, 2020-07-27T15:02:50+0000
/project/save-thread-result/, save-thread-result, 0.0.6, Simple subclass wrapper around `threading.Thread` to get the return value from a thread in python (from `threading` built-in module in Python Standard library). Exact same interface for creating an instance of this threading sublcass as `threading.Thread`!, 2021-02-08T00:27:52+0000
/project/trytond-sale-credit-limit/, trytond-sale-credit-limit, 5.8.1, Tryton module for sale credit limit, 2021-01-01T15:35:18+0000
/project/plaid2qif/, plaid2qif, 1.3.4, Download financial transactions from Plaid as QIF files., 2020-12-06T19:28:06+0000
/project/trytond-purchase/, trytond-purchase, 5.8.4, Tryton module for purchase, 2021-04-16T17:29:48+0000
/project/piecash/, piecash, 1.1.7, A pythonic interface to GnuCash SQL documents., 2021-04-04T12:40:33+0000
/project/colbert/, Colbert, 0.30, Accountancy utilities for your small (french) business, 2021-03-05T16:09:18+0000
/project/econopy/, econopy, 0.0.3, Simple economic utilities, 2018-04-13T17:00:13+0000
/project/lifelib/, lifelib, 0.0.16, Actuarial models in Python, 2021-02-13T16:31:43+0000
/project/trytond-sale-price-list/, trytond-sale-price-list, 5.8.1, Tryton module to add price list on sale, 2021-01-01T15:36:36+0000
/project/qrplatba-fpdf/, qrplatba-fpdf, 0.9.2, Another approach to print QRPlatba QR code, using fpdf/wfpdf/pyqrcode, 2015-12-22T12:09:02+0000
/project/ofxstatement-be-kbc/, ofxstatement-be-kbc, 0.2.0, ofxstatement plugin for parsing Belgian KBC bank's CSV statements to OFX, 2020-05-17T09:10:48+0000
/project/ofxstatement-dutch/, ofxstatement-dutch, 1.3.2, OFXStatement plugin for dutch financial institutions like DEGIRO, ICSCards, ING and KNAB., 2020-08-02T13:21:48+0000
/project/amatino/, amatino, 0.0.18, Bindings for the Amatino API, an accounting & financial data engine, 2020-05-20T02:40:14+0000
/project/beancount-reds-importers/, beancount-reds-importers, 0.4, Importers for various institutions for Beancount, 2021-04-19T08:13:48+0000
/project/trytond-account-es/, trytond-account-es, 5.8.3, Tryton with Spanish chart of accounts, 2021-04-02T20:05:45+0000
/project/ofxstatement-sparkasse-freiburg/, ofxstatement-sparkasse-freiburg, 0.0.3, ofxstatement plugin for German bank Sparkasse Freiburg-Nördlicher Breisgau, 2018-04-04T06:30:53+0000
/project/beancount-hangseng/, beancount-hangseng, 0.4.0, Parse Hang Seng eStatements to Beancount/CSV, 2019-10-27T14:14:43+0000
/project/fakturoid/, fakturoid, 1.5.1, Python API for fakturoid.cz, 2019-04-25T07:39:47+0000
/project/mds-employee-timetracking/, mds-employee-timetracking, 5.0.24, Tryton module for time tracking of a employee, 2020-02-18T11:59:02+0000
/project/cashflow/, cashflow, 1.0, Reads a Gnucash file and computes your cash flow, 2009-01-03T01:10:50+0000
/project/mds-account-pos-soldproducts/, mds_account_pos_soldproducts, 0.2.0, Tryton module to show sold products, 2017-11-24T11:20:57+0000
/project/magot/, Magot, 0.2.0, A cross-platform personal finance manager., 2006-11-05T20:00:59+0000
/project/firefly-ynab4-importer/, Firefly-YNAB4-Importer, 0.3.1, Firefly iii Importer from YNAB 4, 2020-08-29T04:03:48+0000
/project/cds-trytond-account-payment-beanstream/, cds-trytond-account-payment-beanstream, 4.6.0, Tryton module for BeanStream payment, 2018-01-28T04:31:50+0000
/project/trytond-account-invoice-correction/, trytond-account-invoice-correction, 5.8.1, Tryton module to correct invoice, 2021-01-01T15:19:45+0000
/project/zaim/, zaim, 0.2.3, Python bindings for the Zaim API, 2019-03-23T22:18:54+0000
/project/codapy/, codapy, 0.3.15, Coded statement of Account (CODA) python API, 2021-04-07T13:19:35+0000
/project/croesus/, croesus, 0.2, , 2017-01-06T20:59:58+0000
/project/mds-account-invoice-deliverydate/, mds-account-invoice-deliverydate, 4.6.0, Tryton module to add delivery-date to invoices, 2017-12-15T11:30:46+0000
/project/fisk/, fisk, 0.8.2, library for fiscalization (Hrvatska) as defined in wsdl-1.1.2 and wsdl-1.2, 2017-03-30T07:51:34+0000
/project/cad-capgains/, cad-capgains, 2.0.1, A CLI tool to calculate your capital gains, 2021-03-14T21:12:56+0000
/project/nbpy/, NBPy, 0.1.1, A utility package for calling NBP (Polish National Bank) Web API., 2017-11-07T22:02:27+0000
/project/gnucashreport/, gnucashreport, 0.2.5, Reports from GnuCash to xlsx files, 2019-11-08T11:44:15+0000
/project/amortization/, amortization, 1.0.3, Python library for calculating amortizations and generating amortization schedules, 2021-03-21T05:40:40+0000
/project/beancount-reds-plugins/, beancount-reds-plugins, 0.1.0, A collection of plugins for Beancount, 2020-05-04T03:20:47+0000
/project/mds-account-pos-movelines/, mds_account_pos_movelines, 0.1.2, Tryton module to show move lines, 2017-06-12T07:39:23+0000
/project/django-pendulum/, django-pendulum, 0.1.6-pre4, A simple timeclock/timecard application for use in Django-powered Web sites., 2010-12-28T03:48:35+0000
/project/gnucash-utilities/, gnucash-utilities, 0.1.5, Set of python scripts to work with GnuCash books., 2016-11-14T21:36:39+0000
/project/pyxero-ni-temp/, pyxero_ni_temp, 0.7.0-alpha2, Python API for accessing the REST API of the Xero accounting tool., 2015-06-25T16:12:48+0000
/project/ofxstatement-be-argenta/, ofxstatement-be-argenta, 1.0.5, ofxstatement plugin for Argenta, 2019-09-16T09:09:26+0000
/project/trytond-account-stock-continental/, trytond-account-stock-continental, 5.8.1, Tryton module for continental real-time stock valuation, 2021-01-01T15:23:04+0000
/project/python-limelight/, python-limelight, 1.1, A pythonic Lime Light API wrapper, 2014-09-16T17:51:21+0000
/project/trytond-account-payment-sepa/, trytond-account-payment-sepa, 5.8.1, Tryton module for SEPA payment, 2021-01-01T15:21:15+0000
/project/vat-format-checker/, vat-format-checker, 0.0.4, A library for checking on European VAT formats, 2020-08-26T09:36:44+0000
/project/beancount-portfolio-allocation/, beancount-portfolio-allocation, 0.3.0, Beancount portfolio allocation report, 2018-09-27T02:53:23+0000
/project/emailvalid/, emailvalid, 1.0, Python module to validate eMail, 2012-11-13T10:12:07+0000
/project/python-dta/, python-dta, 0.2, Swiss DTA payment record generator library, 2014-08-14T14:41:55+0000
/project/billarchive/, billarchive, 0.2, Command-line automated bills downloading, 2021-04-11T21:09:54+0000
/project/bapi/, bapi, 0.2.5, A Beancount REST API, 2017-11-19T20:25:13+0000
/project/ofxstatement-transferwise/, ofxstatement-transferwise, 1.0.0, Transferwise plugin for ofxstatement, 2020-09-19T09:55:43+0000
/project/smart-importer/, smart-importer, 0.3, Augment Beancount importers with machine learning functionality., 2021-02-20T13:42:52+0000
/project/beansoup/, beansoup, 1.0a6, A companion to beancount, a command-line double-entry accounting tool, 2020-07-16T23:06:26+0000
/project/ofxstatement-al-bank/, ofxstatement-al-bank, 0.2.1, Arbejdernes Landsbank plugin for ofxstatement, 2020-05-23T14:37:19+0000
/project/log-everywhere/, log-everywhere, 0.0.1, Logging package to enable writing all program information with corresponding datetime to multiple, DIFFERENT files safely when running multiple threads (multi-threading)., 2021-01-14T08:20:05+0000
/project/trytond-account-stock-landed-cost/, trytond-account-stock-landed-cost, 5.8.1, Tryton module for landed cost, 2021-01-01T15:23:15+0000
/project/trytond-account-tax-rule-country/, trytond-account-tax-rule-country, 5.8.1, Tryton module to add countries on tax rules, 2021-01-01T15:23:47+0000
/project/ofxstatement-it-banks/, ofxstatement-it-banks, 0.0.1, ofxstatement plugins for some italian banks, 2019-08-05T20:14:06+0000
/project/python-esr/, python-esr, 0.2, Swiss ESR account statement record parser, 2014-08-13T10:33:20+0000
/project/go-vies/, go-vies, 1.0.5, VIES VAT Validation (fork of django-vies without Django dependencies), 2015-12-08T14:43:11+0000
/project/fiscalyear/, fiscalyear, 0.3.1, Utilities for managing the fiscal calendar, 2021-02-07T16:44:24+0000
/project/trytond-account-invoice-stock/, trytond-account-invoice-stock, 5.8.1, Tryton module to link stock and invoice, 2021-01-01T15:20:29+0000
/project/swingtix-bookkeeper/, swingtix-bookkeeper, 0.0.6, A double-entry bookkeeping module for django, 2016-02-05T02:16:19+0000
/project/xulpymoney/, xulpymoney, 0.14.0, Home and financial accounting system, 2020-08-20T05:04:18+0000
/project/python-granatum/, python-granatum, 0.0.6, A Python wrapper for Granatum Financeiro, 2019-09-27T12:42:30+0000
/project/twbanker/, twbanker, 0.2.1, Show you the money in your Taiwan banks, 2015-02-04T16:30:00+0000
/project/fava/, fava, 1.18, Web interface for the accounting tool Beancount., 2021-01-16T09:14:22+0000
/project/atax/, ATAX, 3.7, Package for doing Einnahmen-Ausgabenrechnung according to Austrian tax laws., 2020-04-28T11:01:05+0000
/project/facct/, facct, 0.1.6, Fig's accountancy tool, 2018-01-08T23:19:22+0000
/project/pyziptax/, pyziptax, 1.2.1, Python API for accessing sales tax information from Zip-Tax.com, 2017-02-04T09:44:29+0000
/project/ofxstatement-cd-rawbank/, ofxstatement-cd-rawbank, 1.0.1, OFXStatement plugin for Rawbank (DR Congo), 2020-06-19T11:01:34+0000
/project/trytond-account-stock-landed-cost-weight/, trytond-account-stock-landed-cost-weight, 5.8.1, Tryton module for landed cost per weight, 2021-01-01T15:23:26+0000
/project/portfolio-rebalancer/, portfolio-rebalancer, 1.0.1, A CLI tool that shows you what to buy to rebalance your portfolio as best as possible to your target allocations., 2021-04-10T09:49:47+0000
/project/python-schwab/, python-schwab, 0.1.2, Obtain transaction data from Schwab accounts., 2013-08-25T13:41:22+0000
/project/python-harvest-apiv2/, python-harvest-apiv2, 1.11.0, Harvest API v2 client, 2020-11-19T08:24:13+0000
/project/trytond-commission-waiting/, trytond-commission-waiting, 5.8.1, Tryton module for commission waiting, 2021-01-01T15:25:59+0000
/project/trytond-account-stock-anglo-saxon/, trytond-account-stock-anglo-saxon, 5.8.1, Tryton module for anglo-saxon real-time stock valuation, 2021-01-01T15:22:54+0000
/project/trytond-account-credit-limit/, trytond-account-credit-limit, 5.8.1, Tryton module for account credit limit, 2021-01-01T15:17:27+0000
/project/ledger-autosync/, ledger-autosync, 1.0.2, Automatically sync your bank's data with ledger, 2020-04-19T04:48:23+0000
/project/ofxstatement-mt940/, ofxstatement-mt940, 1.3.0, OFXStatement plugin for financial institutions providing MT940 statements., 2020-09-06T12:44:52+0000
/project/trytond-account-cash-rounding/, trytond-account-cash-rounding, 5.8.1, Tryton module to round cash amount, 2021-01-01T15:17:16+0000
/project/ofxstatement-mt940/, ofxstatement-mt940, 1.3.0, OFXStatement plugin for financial institutions providing MT940 statements., 2020-09-06T12:44:52+0000
/project/trytond-account-cash-rounding/, trytond-account-cash-rounding, 5.8.1, Tryton module to round cash amount, 2021-01-01T15:17:16+0000
/project/trytond-sale-shipment-grouping/, trytond-sale-shipment-grouping, 5.8.1, Tryton module to group sale stock moves, 2021-01-01T15:37:47+0000
/project/itauscraper/, itauscraper, 1.0, Scraper para baixar seus extratos do Itaú com um comando., 2017-07-25T01:41:28+0000
/project/paymo/, paymo, 0.0.2, Python wrapper for the Paymo API., 2012-11-28T02:07:19+0000
/project/django-sofort/, django-sofort, 0.0.1, Django implementation of the Sofort.com API, 2014-03-31T16:18:55+0000
/project/vat-format-checker/, vat-format-checker, 0.0.4, A library for checking on European VAT formats, 2020-08-26T09:36:44+0000
/project/emailvalid/, emailvalid, 1.0, Python module to validate eMail, 2012-11-13T10:12:07+0000
/project/betterlifepsi/, betterlifepsi, 0.6.8, Betterlife Intelligent PSI(Purchase, Sales and Inventory) system, 2018-11-04T17:46:12+0000
/project/dqc-us-rules/, dqc_us_rules, 3.5.0, Added 2017 taxonomy to rule 0041, 2017-06-06T19:56:36+0000
/project/trytond-account-dunning-letter/, trytond-account-dunning-letter, 5.8.1, Tryton module for account dunning letter, 2021-01-01T15:18:32+0000
/project/trytond-sale-complaint/, trytond-sale-complaint, 5.8.2, Tryton module for sale complaint, 2021-04-16T17:23:12+0000
/project/benford-py/, benford-py, 0.4.0, A library for testing data sets with Bendford's Law, 2021-04-25T21:18:14+0000
/project/pyshtrih/, pyshtrih, 2.0.4, Реализация драйвера семейства ККМ "Штрих" на Python., 2018-11-26T10:01:17+0000
/project/remittance/, remittance, 0.0.47, A framework to model remittances.  Useful for writing software to process remittances., 2018-03-01T12:42:01+0000
/project/trytonar-account-ar/, trytonar_account_ar, 3.4.0, Tryton module to add an account chart template for Argentina, 2015-04-29T19:25:59+0000
/project/trytond-account-invoice-history/, trytond-account-invoice-history, 5.8.1, Tryton module to historize invoices, 2021-01-01T15:19:57+0000
/project/russian-numerals/, russian-numerals, 0.2b0, Python package for working with quantitative numerals in Russian., 2020-07-03T09:12:04+0000
/project/beancount-n26/, beancount-n26, 0.4.1, Beancount Importer for N26 CSV exports, 2020-12-06T15:51:42+0000
/project/finac/, finac, 0.5.6, Financial accounting library, 2021-02-26T13:00:00+0000
/project/ibflex/, ibflex, 0.15, ('Parse Interactive Brokers Flex XML reports and convert to Python types',), 2021-01-13T01:18:08+0000
/project/investments/, investments, 0.1.25, Analysis of Interactive Brokers reports for tax reporting in Russia, 2021-01-20T16:37:57+0000
/project/mds-timesheet-invoiced/, mds-timesheet-invoiced, 4.8.1, Tryton module to add a invoiced tab to timesheet table., 2018-10-10T11:44:32+0000
/project/beancount-mnb/, beancount-mnb, 1.0.1, Az MNB hivatalos középárfolyamainak letöltését megvalósító beancount plugin., 2020-05-28T16:25:58+0000
/project/py-mortgagekit/, py-mortgagekit, 1.0.3b1, Python library for mortgage calculations., 2017-11-11T03:18:50+0000
/project/intellihr-pyxero/, intellihr-pyxero, 0.0.2, Python API for accessing the REST API of the Xero accounting tool., 2019-04-18T06:48:07+0000
/project/assetvaluation/, assetvaluation, 0.1.0.dev2, Functions to support assets valuation (finance, accounting, and modelling), 2019-11-30T02:05:15+0000
/project/py-incomepropertyevaluatorkit/, py-incomepropertyevaluatorkit, 0.0.1, Python library for performing rental and income property calculations., 2017-12-02T20:37:50+0000
/project/pyedgar/, pyedgar, 0.1.5, Python interface to EDGAR filings., 2020-08-20T22:50:57+0000
/project/joeflow/, joeflow, 1.0.5, The lean workflow automation framework for machines with heart, 2021-04-08T10:16:09+0000
/project/banknumber/, banknumber, 2.0, Python module to validate Bank codes, 2016-09-22T10:39:38+0000
/project/gcinvoice/, gcinvoice, 0.2.3, Parse Gnucash data and create invoices, 2020-06-14T19:02:14+0000
/project/py-xbrl/, py-xbrl, 1.1.4, Parser for parsing XBRL and iXBRL files (instance documents, taxonomy schemas, taxonomy linkbases)., 2021-04-19T18:48:20+0000
/project/ofxstatement-fineco/, ofxstatement-fineco, 0.0.2, italian bank Fineco, it parses both xls files available for private accounts, 2018-10-13T05:26:37+0000
/project/pyopendart/, pyopendart, 0.3.0, 전자공시시스템 DART 파이썬 API (for Humans), 2021-03-01T05:46:14+0000
/project/bluechips/, BlueChips, 1.0.4, BlueChips - finances for people with shared expenses, 2011-11-07T19:51:58+0000
/project/fiscal445/, fiscal445, 0.1.6, 445 Fiscal calendar, 2021-01-31T22:47:54+0000
/project/trytond-sale-promotion/, trytond-sale-promotion, 5.8.1, Tryton module for sale promotion, 2021-01-01T15:36:57+0000
/project/pyvies/, pyvies, 0.1, A quick Python API for the VIES VAT number validation, 2012-10-17T15:05:00+0000
/project/pyxero/, pyxero, 0.9.2, Python API for accessing the REST API of the Xero accounting tool., 2020-03-01T04:45:59+0000
/project/mia-accounting/, mia-accounting, 0.0.2, A Django accounting application, 2020-09-08T23:03:39+0000
/project/ofxstatement-french/, ofxstatement-french, 1.4.0, OFXStatement plugin for french financial institutions like BanquePopulaire., 2021-01-18T13:13:48+0000
/project/amortize/, amortize, 0.0.9, Easy-to-use Python Library for Amortization Schedule and Refinance, 2021-02-07T21:00:49+0000
/project/trytonar-account-retencion-ar/, trytonar_account_retencion_ar, 3.4.0, Tryton module with accounting withholding for Argentina, 2015-04-29T22:56:43+0000
/project/pymonon/, pymonon, 0.0.1-dev, Python Money Helper, 2013-01-31T22:24:20+0000
/project/swissdta/, swissdta, 1.0.1, Swiss DTA payment record (TA 836) generator library, 2018-01-08T23:12:35+0000
/project/ofxstatement-simple/, ofxstatement-simple, 0.1.0, Simple (the bank) plugin for ofxstatement, 2015-10-11T21:35:57+0000
/project/vatnumber/, vatnumber, 1.2, [UNMAINTAINED] Python module to validate VAT numbers, 2014-06-25T21:54:15+0000
/project/binance-downloader/, binance-downloader, 0.2.4, CLI to download k-line (candlestick/OHLC) data from Binance API, 2019-01-12T22:27:51+0000
/project/pyvieser/, pyvieser, 0.0.3, A wrapper API of VIES VAT web service, 2018-12-14T17:45:55+0000
/project/ofxstatement-revolut/, ofxstatement-revolut, 1.6.0, Bank statement parser for Revolut, 2020-11-29T13:49:35+0000
/project/betterlifepsi/, betterlifepsi, 0.6.8, Betterlife Intelligent PSI(Purchase, Sales and Inventory) system, 2018-11-04T17:46:12+0000
/project/dqc-us-rules/, dqc_us_rules, 3.5.0, Added 2017 taxonomy to rule 0041, 2017-06-06T19:56:36+0000
/project/benfords/, benfords, 1.0.2, Provides a series of functions to make Benford's Law usage more convenient., 2021-02-01T04:38:26+0000
/project/ofxtools/, ofxtools, 0.9.4, Library for working with Open Financial Exchange (OFX) data, 2021-04-06T17:15:23+0000
/project/trytond-account-dunning-letter/, trytond-account-dunning-letter, 5.8.1, Tryton module for account dunning letter, 2021-01-01T15:18:32+0000
/project/trytond-sale-complaint/, trytond-sale-complaint, 5.8.2, Tryton module for sale complaint, 2021-04-16T17:23:12+0000
/project/benford-py/, benford-py, 0.4.0, A library for testing data sets with Bendford's Law, 2021-04-25T21:18:14+0000
/project/pyshtrih/, pyshtrih, 2.0.4, Реализация драйвера семейства ККМ "Штрих" на Python., 2018-11-26T10:01:17+0000
/project/trytonar-account-voucher-ar/, trytonar_account_voucher_ar, 3.4.0, Tryton module to add payments and receipts for Argentina, 2015-04-29T22:01:20+0000
/project/trytond-account-tax-rule-country/, trytond-account-tax-rule-country, 5.8.1, Tryton module to add countries on tax rules, 2021-01-01T15:23:47+0000
/project/ofxstatement-it-banks/, ofxstatement-it-banks, 0.0.1, ofxstatement plugins for some italian banks, 2019-08-05T20:14:06+0000
/project/python-esr/, python-esr, 0.2, Swiss ESR account statement record parser, 2014-08-13T10:33:20+0000
/project/go-vies/, go-vies, 1.0.5, VIES VAT Validation (fork of django-vies without Django dependencies), 2015-12-08T14:43:11+0000
/project/fiscalyear/, fiscalyear, 0.3.1, Utilities for managing the fiscal calendar, 2021-02-07T16:44:24+0000
/project/trytond-account-invoice-stock/, trytond-account-invoice-stock, 5.8.1, Tryton module to link stock and invoice, 2021-01-01T15:20:29+0000
/project/swingtix-bookkeeper/, swingtix-bookkeeper, 0.0.6, A double-entry bookkeeping module for django, 2016-02-05T02:16:19+0000
/project/xulpymoney/, xulpymoney, 0.14.0, Home and financial accounting system, 2020-08-20T05:04:18+0000
/project/python-granatum/, python-granatum, 0.0.6, A Python wrapper for Granatum Financeiro, 2019-09-27T12:42:30+0000
/project/twbanker/, twbanker, 0.2.1, Show you the money in your Taiwan banks, 2015-02-04T16:30:00+0000
/project/fava/, fava, 1.18, Web interface for the accounting tool Beancount., 2021-01-16T09:14:22+0000
/project/atax/, ATAX, 3.7, Package for doing Einnahmen-Ausgabenrechnung according to Austrian tax laws., 2020-04-28T11:01:05+0000
/project/facct/, facct, 0.1.6, Fig's accountancy tool, 2018-01-08T23:19:22+0000
