/project/pyhotkey/, PyHotKey, 1.3.3, A cross-platform hot key module., 2019-12-22T06:53:50+0000
/project/ralph-scrooge/, ralph_scrooge, 3.0.1, Pricing module for Ralph, 2015-04-23T09:46:51+0000
/project/pynput/, pynput, 1.7.3, Monitor and control user input devices, 2021-02-10T16:53:32+0000
/project/ralph-pricing/, ralph_pricing, 1.2.8, Pricing module for Ralph, 2013-12-11T23:58:02+0000
/project/spambayes/, spambayes, 1.1b3, Spam classification system, 2017-11-23T18:26:57+0000
/project/lockfile/, lockfile, 0.12.2, Platform-independent file locking module, 2015-11-25T18:29:50+0000
/project/pole/, pole, 1.2.0, A micro framework for PyGtk, PDF, XML, Utilities and Brazilan NFe., 2019-05-16T19:19:31+0000
/project/mysql-python/, MySQL-python, 1.2.5, Python interface to MySQL, 2014-01-02T19:42:35+0000
/project/langacore-kit-django/, langacore.kit.django, 0.3.3, Various common Django-related routines., 2011-03-05T21:32:43+0000
/project/infi-watchdog/, infi.watchdog, 0.6.3, Filesystem events monitoring, 2013-02-26T13:39:26+0000
/project/signalpy/, SignalPy, 1.0.6, Realtime communication for Python web applications, 2020-10-20T02:15:54+0000
/project/mysql-python-vincent/, MySQL-python-vincent, 1.2.5, Python interface to MySQL, 2018-10-26T10:45:21+0000
/project/pygr/, pygr, 0.8.2, Pygr, a Python graph-database toolkit oriented primarily on bioinformatics applications, 2010-11-18T13:50:17+0000
/project/jblite/, jblite, 0.4.3, J-Ben SQLite parsing scripts, 2011-01-22T01:44:17+0000
/project/watcher/, watcher, 0.2.1, FileSystemWatcher clone for CPython, 2011-02-25T20:19:43+0000
/project/pycomm/, pycomm, 1.0.8, A PLC communication library for Python, 2015-11-01T16:20:56+0000
/project/lck-django/, lck.django, 0.8.10, Various common Django-related routines., 2013-04-29T08:00:29+0000
/project/pyev-static/, pyev-static, 0.9.5, Python bindings to libev., 2012-10-04T15:49:30+0000
/project/ralph/, ralph, 2.3.1, Ralph is a full-featured Asset Management, DCIM and CMDB system for data center and backoffice areas., 2015-04-23T09:46:15+0000
/project/pyjquery/, PyjQuery, 3.5.1.1, The Write Less, Do More, JavaScript Library for DicksonUI, 2020-10-19T02:05:33+0000
/project/ibu/, ibu, 0.0.4, A database agnotics migration and data export tool., 2016-02-20T11:55:45+0000
/project/pyspectator-tornado/, pyspectator_tornado, 1.1.2, pyspectator_tornado is a web-monitoring tool ported onTornado with pyspectator as a main monitoring module., 2017-04-14T21:52:28+0000
/project/dupfilefind/, dupfilefind, 1.6.9, find files with identical contents, or print out a list of all files and their md5 sums and sizes, 2010-04-22T05:23:07+0000
/project/save-thread-result/, save-thread-result, 0.0.6, Simple subclass wrapper around `threading.Thread` to get the return value from a thread in python (from `threading` built-in module in Python Standard library). Exact same interface for creating an instance of this threading sublcass as `threading.Thread`!, 2021-02-08T00:27:52+0000
/project/winsys/, winsys, 1.2, WinSys: the Python Windows Administrator's Toolkit, 2020-04-26T09:59:23+0000
/project/ncls/, ncls, 0.0.57, A wrapper for the nested containment list data structure., 2020-10-14T18:42:14+0000
/project/setuptools-darcs/, setuptools_darcs, 1.2.11, setuptools plugin for darcs, 2010-05-31T03:46:32+0000
/project/zbase32/, zbase32, 1.1.5, base32 encoder/decoder, 2012-08-27T15:56:15+0000
/project/clip2zeus/, Clip2Zeus, 0.9d, Monitor your clipboard for URLs and automatically shorten them using 2Zeus, 2010-01-18T17:58:43+0000
/project/pida/, pida, 0.6.2, An integrated development environment that reuses tools such as Vim, and all version control systems., 2010-08-04T16:42:51+0000
/project/zfec/, zfec, 1.5.5, An efficient, portable erasure coding tool, 2020-11-12T14:03:44+0000
/project/pystray/, pystray, 0.17.3, Provides systray integration, 2021-04-02T16:09:44+0000
/project/nagare-examples/, nagare.examples, 0.3.1, Demo and examples for the Nagare web framework, 2017-10-24T11:47:08+0000
/project/lck-common/, lck.common, 0.4.5, A library of various simple common routines that keep being rewritten all over again in every project I'm working on., 2012-02-05T10:42:22+0000
/project/mysqlclient/, mysqlclient, 2.0.3, Python interface to MySQL, 2021-01-01T13:11:39+0000
/project/wammu/, wammu, 0.44, Wammu Mobile Phone Manager, 2018-01-05T14:40:34+0000
/project/speedwise-node/, speedwise-node, 0.3.6, This is the server node module to connect your Assetto Corsa game servers with speedwise.de., 2015-11-25T19:38:21+0000
/project/ralph-assets/, ralph_assets, 2.5.1, Assets management module for Ralph, 2015-04-23T09:46:31+0000
/project/dlnetsnmp/, DLNetSNMP, 0.4.0, A small but complete NetSNMP ctypes wrapper., 2007-12-11T18:01:48+0000
/project/pycoon/, pycoon, 0.2a5, Python WSGI web development framework based on XML pipelines, 2007-04-12T11:46:14+0000
/project/wmdlib/, wmdlib, 0.1dev-r17, A library to interface with the Windows Media Devices API, 2007-09-10T23:13:30+0000
/project/aifashion-sdk/, aifashion-sdk, 1.2.0, AIFashion® Python SDK, 2019-07-18T07:39:51+0000
/project/informixdb/, InformixDB, 2.5, InformixDB v2.5, 2007-10-17T13:53:17+0000
/project/langacore-kit-common/, langacore.kit.common, 0.2.4, A library of various simple common routines that keep being rewritten all over again in every project I'm working on., 2011-03-25T14:23:24+0000
/project/ffse/, ffse, 1.0.1, Editor for the Firefox session store, 2007-02-08T00:07:51+0000
/project/yayi/, Yayi, 0.07, Image processing and mathematical morphology toolbox, 2010-08-10T15:53:51+0000
/project/pydica-watchdog/, pydica-watchdog, 0.6.2, Native and Virtual Filesystem Events Monitoring, 2013-07-25T12:52:41+0000
/project/cozydb/, cozydb, 0.1.9, cozydb is a cozy mysqlclient wrapper, 2017-09-15T10:53:18+0000
/project/z-base-36/, z-base-36, 1.0.1, base36 encoder/decoder, 2008-08-11T14:57:20+0000
/project/mysql-python-embedded/, MySQL-python-embedded, 1.2.7, Python interface to MySQL, 2014-10-14T20:44:42+0000
/project/ibm-db-django/, ibm-db-django, 1.4.0.0, DB2 support for Django framework., 2021-02-05T18:24:10+0000
/project/allegra/, Allegra, 0.63, Asynchronous Network Peer Programming, 2006-09-06T22:27:19+0000
/project/nagare-ide/, nagare.ide, 0.2.1, Nagare Web IDE, 2017-10-24T11:48:53+0000
/project/couchpy/, couchpy, 0.2dev, Data modeling for CouchDB database management systems, 2011-12-01T05:48:20+0000
/project/epistasim-windows/, EpistaSim_Windows, 1.1.0, Epistasis simulator of SNP pattern in Windows, 2015-07-22T06:16:23+0000
/project/watchdog-lite/, watchdog-lite, 0.0.1, Filesystem events monitoring, 2017-02-10T18:50:17+0000
/project/z-base-62/, z-base-62, 1.0.5, Please switch to using this package under its new name -- zbase62 -- http://pypi.python.org/pypi/zbase62 ., 2009-05-09T18:28:05+0000
/project/pytil/, pytil, 7.0.0, Python 3 utility library, 2018-01-08T16:56:58+0000
/project/innosetup/, innosetup, 0.6.9, distutils extension module - create an installer by InnoSetup., 2013-03-11T06:36:15+0000
/project/cubrid-python/, CUBRID-Python, 9.3.0, This is a Python Connector for CUBRID Database 9.3.0, 2014-05-15T10:25:39+0000
/project/nagare/, nagare, 0.5.1, Nagare Python web framework, 2018-01-25T12:19:07+0000
/project/clearsilver/, clearsilver, 0.10.1, High performance HTML Template System, 2005-10-20T20:04:39+0000
/project/scrooge/, scrooge, 2.4.0, Pricing module for Ralph, 2014-06-04T10:07:48+0000
/project/dicksonui/, DicksonUI, 2.4.5, Lightweight And Full Featured Browser Based UI / GUI (Graphical User Interface Library), 2020-10-16T13:10:48+0000
/project/multiprocessingspider/, MultiprocessingSpider, 1.1.2, A multiprocessing web crawling and web scraping framework., 2020-04-04T04:38:46+0000
/project/ralph-beast/, ralph_beast, 2.1.3, Beast, ralph API client, 2015-10-16T12:26:06+0000
/project/mysql-python-glb/, MySQL-python-glb, 1.2.6, Python interface to MySQL, 2015-02-02T19:51:57+0000
/project/eazytext/, eazytext, 0.94, An extensible wiki processor, using parser grammer, 2011-12-01T06:13:36+0000
/project/ownet/, ownet, 0.2, ownet: access 1-wire sensors, 2006-12-15T16:42:20+0000
/project/pynput-robocorp-fork/, pynput-robocorp-fork, 2.0.0, Monitor and control user input devices, 2020-12-01T16:10:17+0000
/project/setuptools-pyflakes/, setuptools_pyflakes, 1.1.0, setuptools plugin for pyflakes, 2012-07-11T15:30:09+0000
/project/siding/, siding, 0.1.0, a lightweight framework to assist in the creation of PySide applications., 2012-02-05T03:29:12+0000
/project/wmon/, wmon, 0.65, This Script return a plain text report with a complete system info., 2014-05-23T13:04:50+0000
/project/django-iseries/, django_iseries, 1.0.4, Db2 for iSeries support for Django framework., 2020-08-31T12:49:44+0000
/project/pyperforce/, PyPerforce, 0.3a1, A Python interface for the Perforce SCM, 2006-08-01T06:18:19+0000
/project/pymodbus3/, pymodbus3, 1.0.0, A fully featured modbus protocol stack in python, 2014-07-18T07:20:27+0000
/project/virtual-touchpad/, virtual-touchpad, 0.19.1, Turns your mobile or tablet into a touchpad and keyboard for your computer., 2017-01-17T16:13:19+0000
/project/winsys-3-x/, WinSys-3.x, 0.5.2, Python tools for the Windows sysadmin, 2010-08-20T15:18:14+0000
/project/chicken-turtle-util/, chicken_turtle_util, 4.1.2, Python 3 utility library, 2017-06-12T14:15:19+0000
/project/pyhotkey/, PyHotKey, 1.3.3, A cross-platform hot key module., 2019-12-22T06:53:50+0000
/project/ralph-scrooge/, ralph_scrooge, 3.0.1, Pricing module for Ralph, 2015-04-23T09:46:51+0000
/project/pynput/, pynput, 1.7.3, Monitor and control user input devices, 2021-02-10T16:53:32+0000
/project/ralph-pricing/, ralph_pricing, 1.2.8, Pricing module for Ralph, 2013-12-11T23:58:02+0000
/project/spambayes/, spambayes, 1.1b3, Spam classification system, 2017-11-23T18:26:57+0000
/project/lockfile/, lockfile, 0.12.2, Platform-independent file locking module, 2015-11-25T18:29:50+0000
/project/pole/, pole, 1.2.0, A micro framework for PyGtk, PDF, XML, Utilities and Brazilan NFe., 2019-05-16T19:19:31+0000
/project/mysql-python/, MySQL-python, 1.2.5, Python interface to MySQL, 2014-01-02T19:42:35+0000
/project/jblite/, jblite, 0.4.3, J-Ben SQLite parsing scripts, 2011-01-22T01:44:17+0000
/project/watcher/, watcher, 0.2.1, FileSystemWatcher clone for CPython, 2011-02-25T20:19:43+0000
/project/langacore-kit-django/, langacore.kit.django, 0.3.3, Various common Django-related routines., 2011-03-05T21:32:43+0000
/project/infi-watchdog/, infi.watchdog, 0.6.3, Filesystem events monitoring, 2013-02-26T13:39:26+0000
/project/signalpy/, SignalPy, 1.0.6, Realtime communication for Python web applications, 2020-10-20T02:15:54+0000
/project/mysql-python-vincent/, MySQL-python-vincent, 1.2.5, Python interface to MySQL, 2018-10-26T10:45:21+0000
/project/pygr/, pygr, 0.8.2, Pygr, a Python graph-database toolkit oriented primarily on bioinformatics applications, 2010-11-18T13:50:17+0000
/project/ralph/, ralph, 2.3.1, Ralph is a full-featured Asset Management, DCIM and CMDB system for data center and backoffice areas., 2015-04-23T09:46:15+0000
/project/pyjquery/, PyjQuery, 3.5.1.1, The Write Less, Do More, JavaScript Library for DicksonUI, 2020-10-19T02:05:33+0000
/project/ibu/, ibu, 0.0.4, A database agnotics migration and data export tool., 2016-02-20T11:55:45+0000
/project/pyspectator-tornado/, pyspectator_tornado, 1.1.2, pyspectator_tornado is a web-monitoring tool ported onTornado with pyspectator as a main monitoring module., 2017-04-14T21:52:28+0000
/project/nagare-examples/, nagare.examples, 0.3.1, Demo and examples for the Nagare web framework, 2017-10-24T11:47:08+0000
/project/dupfilefind/, dupfilefind, 1.6.9, find files with identical contents, or print out a list of all files and their md5 sums and sizes, 2010-04-22T05:23:07+0000
/project/lck-common/, lck.common, 0.4.5, A library of various simple common routines that keep being rewritten all over again in every project I'm working on., 2012-02-05T10:42:22+0000
/project/mysqlclient/, mysqlclient, 2.0.3, Python interface to MySQL, 2021-01-01T13:11:39+0000
/project/winsys/, winsys, 1.2, WinSys: the Python Windows Administrator's Toolkit, 2020-04-26T09:59:23+0000
/project/speedwise-node/, speedwise-node, 0.3.6, This is the server node module to connect your Assetto Corsa game servers with speedwise.de., 2015-11-25T19:38:21+0000
/project/wmdlib/, wmdlib, 0.1dev-r17, A library to interface with the Windows Media Devices API, 2007-09-10T23:13:30+0000
/project/pycomm/, pycomm, 1.0.8, A PLC communication library for Python, 2015-11-01T16:20:56+0000
/project/lck-django/, lck.django, 0.8.10, Various common Django-related routines., 2013-04-29T08:00:29+0000
/project/pyev-static/, pyev-static, 0.9.5, Python bindings to libev., 2012-10-04T15:49:30+0000
/project/zbase32/, zbase32, 1.1.5, base32 encoder/decoder, 2012-08-27T15:56:15+0000
/project/clip2zeus/, Clip2Zeus, 0.9d, Monitor your clipboard for URLs and automatically shorten them using 2Zeus, 2010-01-18T17:58:43+0000
/project/pida/, pida, 0.6.2, An integrated development environment that reuses tools such as Vim, and all version control systems., 2010-08-04T16:42:51+0000
/project/zfec/, zfec, 1.5.5, An efficient, portable erasure coding tool, 2020-11-12T14:03:44+0000
/project/pystray/, pystray, 0.17.3, Provides systray integration, 2021-04-02T16:09:44+0000
/project/wammu/, wammu, 0.44, Wammu Mobile Phone Manager, 2018-01-05T14:40:34+0000
/project/save-thread-result/, save-thread-result, 0.0.6, Simple subclass wrapper around `threading.Thread` to get the return value from a thread in python (from `threading` built-in module in Python Standard library). Exact same interface for creating an instance of this threading sublcass as `threading.Thread`!, 2021-02-08T00:27:52+0000
/project/ralph-assets/, ralph_assets, 2.5.1, Assets management module for Ralph, 2015-04-23T09:46:31+0000
/project/dlnetsnmp/, DLNetSNMP, 0.4.0, A small but complete NetSNMP ctypes wrapper., 2007-12-11T18:01:48+0000
/project/ncls/, ncls, 0.0.57, A wrapper for the nested containment list data structure., 2020-10-14T18:42:14+0000
/project/setuptools-darcs/, setuptools_darcs, 1.2.11, setuptools plugin for darcs, 2010-05-31T03:46:32+0000
/project/pycoon/, pycoon, 0.2a5, Python WSGI web development framework based on XML pipelines, 2007-04-12T11:46:14+0000
/project/aifashion-sdk/, aifashion-sdk, 1.2.0, AIFashion® Python SDK, 2019-07-18T07:39:51+0000
/project/informixdb/, InformixDB, 2.5, InformixDB v2.5, 2007-10-17T13:53:17+0000
/project/langacore-kit-common/, langacore.kit.common, 0.2.4, A library of various simple common routines that keep being rewritten all over again in every project I'm working on., 2011-03-25T14:23:24+0000
/project/ffse/, ffse, 1.0.1, Editor for the Firefox session store, 2007-02-08T00:07:51+0000
/project/yayi/, Yayi, 0.07, Image processing and mathematical morphology toolbox, 2010-08-10T15:53:51+0000
/project/pydica-watchdog/, pydica-watchdog, 0.6.2, Native and Virtual Filesystem Events Monitoring, 2013-07-25T12:52:41+0000
/project/cozydb/, cozydb, 0.1.9, cozydb is a cozy mysqlclient wrapper, 2017-09-15T10:53:18+0000
/project/z-base-36/, z-base-36, 1.0.1, base36 encoder/decoder, 2008-08-11T14:57:20+0000
/project/mysql-python-embedded/, MySQL-python-embedded, 1.2.7, Python interface to MySQL, 2014-10-14T20:44:42+0000
/project/allegra/, Allegra, 0.63, Asynchronous Network Peer Programming, 2006-09-06T22:27:19+0000
/project/ibm-db-django/, ibm-db-django, 1.4.0.0, DB2 support for Django framework., 2021-02-05T18:24:10+0000
/project/nagare-ide/, nagare.ide, 0.2.1, Nagare Web IDE, 2017-10-24T11:48:53+0000
/project/couchpy/, couchpy, 0.2dev, Data modeling for CouchDB database management systems, 2011-12-01T05:48:20+0000
/project/epistasim-windows/, EpistaSim_Windows, 1.1.0, Epistasis simulator of SNP pattern in Windows, 2015-07-22T06:16:23+0000
/project/watchdog-lite/, watchdog-lite, 0.0.1, Filesystem events monitoring, 2017-02-10T18:50:17+0000
/project/z-base-62/, z-base-62, 1.0.5, Please switch to using this package under its new name -- zbase62 -- http://pypi.python.org/pypi/zbase62 ., 2009-05-09T18:28:05+0000
/project/pytil/, pytil, 7.0.0, Python 3 utility library, 2018-01-08T16:56:58+0000
/project/innosetup/, innosetup, 0.6.9, distutils extension module - create an installer by InnoSetup., 2013-03-11T06:36:15+0000
/project/cubrid-python/, CUBRID-Python, 9.3.0, This is a Python Connector for CUBRID Database 9.3.0, 2014-05-15T10:25:39+0000
/project/nagare/, nagare, 0.5.1, Nagare Python web framework, 2018-01-25T12:19:07+0000
/project/clearsilver/, clearsilver, 0.10.1, High performance HTML Template System, 2005-10-20T20:04:39+0000
/project/scrooge/, scrooge, 2.4.0, Pricing module for Ralph, 2014-06-04T10:07:48+0000
/project/dicksonui/, DicksonUI, 2.4.5, Lightweight And Full Featured Browser Based UI / GUI (Graphical User Interface Library), 2020-10-16T13:10:48+0000
/project/multiprocessingspider/, MultiprocessingSpider, 1.1.2, A multiprocessing web crawling and web scraping framework., 2020-04-04T04:38:46+0000
/project/ralph-beast/, ralph_beast, 2.1.3, Beast, ralph API client, 2015-10-16T12:26:06+0000
/project/mysql-python-glb/, MySQL-python-glb, 1.2.6, Python interface to MySQL, 2015-02-02T19:51:57+0000
/project/eazytext/, eazytext, 0.94, An extensible wiki processor, using parser grammer, 2011-12-01T06:13:36+0000
/project/ownet/, ownet, 0.2, ownet: access 1-wire sensors, 2006-12-15T16:42:20+0000
/project/pynput-robocorp-fork/, pynput-robocorp-fork, 2.0.0, Monitor and control user input devices, 2020-12-01T16:10:17+0000
/project/setuptools-pyflakes/, setuptools_pyflakes, 1.1.0, setuptools plugin for pyflakes, 2012-07-11T15:30:09+0000
/project/siding/, siding, 0.1.0, a lightweight framework to assist in the creation of PySide applications., 2012-02-05T03:29:12+0000
/project/wmon/, wmon, 0.65, This Script return a plain text report with a complete system info., 2014-05-23T13:04:50+0000
/project/django-iseries/, django_iseries, 1.0.4, Db2 for iSeries support for Django framework., 2020-08-31T12:49:44+0000
/project/pyperforce/, PyPerforce, 0.3a1, A Python interface for the Perforce SCM, 2006-08-01T06:18:19+0000
/project/pymodbus3/, pymodbus3, 1.0.0, A fully featured modbus protocol stack in python, 2014-07-18T07:20:27+0000
/project/virtual-touchpad/, virtual-touchpad, 0.19.1, Turns your mobile or tablet into a touchpad and keyboard for your computer., 2017-01-17T16:13:19+0000
/project/winsys-3-x/, WinSys-3.x, 0.5.2, Python tools for the Windows sysadmin, 2010-08-20T15:18:14+0000
/project/chicken-turtle-util/, chicken_turtle_util, 4.1.2, Python 3 utility library, 2017-06-12T14:15:19+0000
